ISO-10303-21;
HEADER;
/* Generated by software containing ST-Developer
 * from STEP Tools, Inc. (www.steptools.com) 
 */

FILE_DESCRIPTION(
/* description */ (''),
/* implementation_level */ '2;1');

FILE_NAME(
/* name */ 'Main Housing.step',
/* time_stamp */ '2026-07-24T15:39:08-07:00',
/* author */ (''),
/* organization */ (''),
/* preprocessor_version */ 'ST-DEVELOPER v20.1',
/* originating_system */ 'Autodesk Translation Framework v15.8.0.0',
/* authorisation */ '');

FILE_SCHEMA (('AUTOMOTIVE_DESIGN { 1 0 10303 214 3 1 1 }'));
ENDSEC;

DATA;
#10=MECHANICAL_DESIGN_GEOMETRIC_PRESENTATION_REPRESENTATION('',(#13),#8596);
#11=SHAPE_REPRESENTATION_RELATIONSHIP('SRR','None',#8602,#12);
#12=ADVANCED_BREP_SHAPE_REPRESENTATION('',(#14),#8595);
#13=STYLED_ITEM('',(#8612),#14);
#14=MANIFOLD_SOLID_BREP('Body1',#4516);
#15=(
BOUNDED_SURFACE()
B_SPLINE_SURFACE(2,2,((#8383,#8384,#8385),(#8386,#8387,#8388),(#8389,#8390,
#8391)),.UNSPECIFIED.,.F.,.F.,.F.)
B_SPLINE_SURFACE_WITH_KNOTS((3,3),(3,3),(-1.5707963267949,8.1143512668832E-18),
(1.5707963267949,3.14159265358979),.UNSPECIFIED.)
GEOMETRIC_REPRESENTATION_ITEM()
RATIONAL_B_SPLINE_SURFACE(((1.,0.707106781186547,1.),(0.707106781186544,
0.499999999999998,0.707106781186544),(1.,0.707106781186547,1.)))
REPRESENTATION_ITEM('')
SURFACE()
);
#16=(
BOUNDED_SURFACE()
B_SPLINE_SURFACE(2,2,((#8403,#8404,#8405),(#8406,#8407,#8408),(#8409,#8410,
#8411)),.UNSPECIFIED.,.F.,.F.,.F.)
B_SPLINE_SURFACE_WITH_KNOTS((3,3),(3,3),(-1.5707963267949,7.89278877746631E-18),
(-3.14159265358979,-1.5707963267949),.UNSPECIFIED.)
GEOMETRIC_REPRESENTATION_ITEM()
RATIONAL_B_SPLINE_SURFACE(((1.,0.707106781186547,1.),(0.707106781186535,
0.499999999999991,0.707106781186535),(1.,0.707106781186547,1.)))
REPRESENTATION_ITEM('')
SURFACE()
);
#17=(
BOUNDED_SURFACE()
B_SPLINE_SURFACE(2,2,((#8482,#8483,#8484),(#8485,#8486,#8487),(#8488,#8489,
#8490)),.UNSPECIFIED.,.F.,.F.,.F.)
B_SPLINE_SURFACE_WITH_KNOTS((3,3),(3,3),(-1.5707963267949,1.11410013136492E-15),
(-1.5707963267949,1.11022302462516E-16),.UNSPECIFIED.)
GEOMETRIC_REPRESENTATION_ITEM()
RATIONAL_B_SPLINE_SURFACE(((1.,0.707106781186547,1.),(0.707106781186539,
0.499999999999993,0.707106781186539),(1.,0.707106781186547,1.)))
REPRESENTATION_ITEM('')
SURFACE()
);
#18=(
BOUNDED_SURFACE()
B_SPLINE_SURFACE(2,2,((#8498,#8499,#8500),(#8501,#8502,#8503),(#8504,#8505,
#8506)),.UNSPECIFIED.,.F.,.F.,.F.)
B_SPLINE_SURFACE_WITH_KNOTS((3,3),(3,3),(-1.5707963267949,1.11022302462515E-15),
(0.,1.5707963267949),.UNSPECIFIED.)
GEOMETRIC_REPRESENTATION_ITEM()
RATIONAL_B_SPLINE_SURFACE(((1.,0.707106781186547,1.),(0.707106781186539,
0.499999999999994,0.707106781186539),(1.,0.707106781186547,1.)))
REPRESENTATION_ITEM('')
SURFACE()
);
#19=TOROIDAL_SURFACE('',#4594,4.,2.);
#20=TOROIDAL_SURFACE('',#4599,4.,2.);
#21=TOROIDAL_SURFACE('',#4602,4.,2.);
#22=TOROIDAL_SURFACE('',#4607,4.,2.);
#23=TOROIDAL_SURFACE('',#4614,4.,2.);
#24=TOROIDAL_SURFACE('',#4619,4.,2.);
#25=TOROIDAL_SURFACE('',#4743,46.,5.);
#26=TOROIDAL_SURFACE('',#4757,46.,5.);
#27=FACE_BOUND('',#1413,.T.);
#28=FACE_BOUND('',#1414,.T.);
#29=FACE_BOUND('',#1415,.T.);
#30=FACE_BOUND('',#1416,.T.);
#31=FACE_BOUND('',#1417,.T.);
#32=FACE_BOUND('',#1418,.T.);
#33=FACE_BOUND('',#1419,.T.);
#34=FACE_BOUND('',#1420,.T.);
#35=FACE_BOUND('',#1421,.T.);
#36=FACE_BOUND('',#1454,.T.);
#37=FACE_BOUND('',#1456,.T.);
#38=FACE_BOUND('',#1461,.T.);
#39=FACE_BOUND('',#1541,.T.);
#40=FACE_BOUND('',#1609,.T.);
#41=FACE_BOUND('',#1610,.T.);
#42=FACE_BOUND('',#1645,.T.);
#43=B_SPLINE_CURVE_WITH_KNOTS('',3,(#5949,#5950,#5951,#5952,#5953,#5954),
 .UNSPECIFIED.,.F.,.F.,(4,2,4),(1.22255058470344,1.30445890220565,1.42602884066639),
 .UNSPECIFIED.);
#44=B_SPLINE_CURVE_WITH_KNOTS('',3,(#5999,#6000,#6001,#6002,#6003),
 .UNSPECIFIED.,.F.,.F.,(4,1,4),(0.,0.0648058368432005,0.118318470606848),
 .UNSPECIFIED.);
#45=B_SPLINE_CURVE_WITH_KNOTS('',3,(#6005,#6006,#6007,#6008,#6009),
 .UNSPECIFIED.,.F.,.F.,(4,1,4),(0.,0.0508025331790974,0.107632327650861),
 .UNSPECIFIED.);
#46=B_SPLINE_CURVE_WITH_KNOTS('',3,(#6011,#6012,#6013,#6014,#6015),
 .UNSPECIFIED.,.F.,.F.,(4,1,4),(0.,0.0490871678045187,0.110389575252572),
 .UNSPECIFIED.);
#47=B_SPLINE_CURVE_WITH_KNOTS('',3,(#6017,#6018,#6019,#6020,#6021),
 .UNSPECIFIED.,.F.,.F.,(4,1,4),(0.,0.0701186822107574,0.145208807338886),
 .UNSPECIFIED.);
#48=B_SPLINE_CURVE_WITH_KNOTS('',3,(#6023,#6024,#6025,#6026,#6027),
 .UNSPECIFIED.,.F.,.F.,(4,1,4),(0.,0.112605492452891,0.201222867492294),
 .UNSPECIFIED.);
#49=B_SPLINE_CURVE_WITH_KNOTS('',3,(#6029,#6030,#6031,#6032,#6033),
 .UNSPECIFIED.,.F.,.F.,(4,1,4),(0.,0.0726812118784868,0.140322627288461),
 .UNSPECIFIED.);
#50=B_SPLINE_CURVE_WITH_KNOTS('',3,(#6035,#6036,#6037,#6038,#6039),
 .UNSPECIFIED.,.F.,.F.,(4,1,4),(0.,0.0488039459133063,0.104251701324251),
 .UNSPECIFIED.);
#51=B_SPLINE_CURVE_WITH_KNOTS('',3,(#6041,#6042,#6043,#6044,#6045),
 .UNSPECIFIED.,.F.,.F.,(4,1,4),(0.,0.0570981610230327,0.109785629514393),
 .UNSPECIFIED.);
#52=B_SPLINE_CURVE_WITH_KNOTS('',3,(#6049,#6050,#6051,#6052,#6053),
 .UNSPECIFIED.,.F.,.F.,(4,1,4),(0.,0.0456459895611718,0.0805190756437726),
 .UNSPECIFIED.);
#53=B_SPLINE_CURVE_WITH_KNOTS('',3,(#6055,#6056,#6057,#6058,#6059),
 .UNSPECIFIED.,.F.,.F.,(4,1,4),(0.,0.0345732982972002,0.0793588408367834),
 .UNSPECIFIED.);
#54=B_SPLINE_CURVE_WITH_KNOTS('',3,(#6063,#6064,#6065,#6066,#6067),
 .UNSPECIFIED.,.F.,.F.,(4,1,4),(0.,0.0278422125923565,0.0473355368102906),
 .UNSPECIFIED.);
#55=B_SPLINE_CURVE_WITH_KNOTS('',3,(#6069,#6070,#6071,#6072,#6073),
 .UNSPECIFIED.,.F.,.F.,(4,1,4),(0.,0.0194392436057221,0.0470550669582449),
 .UNSPECIFIED.);
#56=B_SPLINE_CURVE_WITH_KNOTS('',3,(#6075,#6076,#6077,#6078,#6079),
 .UNSPECIFIED.,.F.,.F.,(4,1,4),(0.,0.0706126508999496,0.132444678123472),
 .UNSPECIFIED.);
#57=B_SPLINE_CURVE_WITH_KNOTS('',3,(#6081,#6082,#6083,#6084,#6085),
 .UNSPECIFIED.,.F.,.F.,(4,1,4),(0.,0.0827586904243859,0.174641199712994),
 .UNSPECIFIED.);
#58=B_SPLINE_CURVE_WITH_KNOTS('',3,(#6087,#6088,#6089,#6090,#6091),
 .UNSPECIFIED.,.F.,.F.,(4,1,4),(0.,0.114984282592441,0.209226377966701),
 .UNSPECIFIED.);
#59=B_SPLINE_CURVE_WITH_KNOTS('',3,(#6093,#6094,#6095,#6096,#6097),
 .UNSPECIFIED.,.F.,.F.,(4,1,4),(0.,0.0838506368462259,0.166576671613254),
 .UNSPECIFIED.);
#60=B_SPLINE_CURVE_WITH_KNOTS('',3,(#6099,#6100,#6101,#6102,#6103),
 .UNSPECIFIED.,.F.,.F.,(4,1,4),(0.,0.0761730496935527,0.146773028805568),
 .UNSPECIFIED.);
#61=B_SPLINE_CURVE_WITH_KNOTS('',3,(#6105,#6106,#6107,#6108,#6109),
 .UNSPECIFIED.,.F.,.F.,(4,1,4),(0.,0.0830544510262447,0.19765415500109),
 .UNSPECIFIED.);
#62=B_SPLINE_CURVE_WITH_KNOTS('',3,(#6111,#6112,#6113,#6114,#6115),
 .UNSPECIFIED.,.F.,.F.,(4,1,4),(0.,0.131488689020075,0.207330407298722),
 .UNSPECIFIED.);
#63=B_SPLINE_CURVE_WITH_KNOTS('',3,(#6117,#6118,#6119,#6120,#6121),
 .UNSPECIFIED.,.F.,.F.,(4,1,4),(0.,0.0499255615592939,0.103687381243822),
 .UNSPECIFIED.);
#64=B_SPLINE_CURVE_WITH_KNOTS('',3,(#6123,#6124,#6125,#6126,#6127),
 .UNSPECIFIED.,.F.,.F.,(4,1,4),(0.,0.04380582317247,0.0761053013225458),
 .UNSPECIFIED.);
#65=B_SPLINE_CURVE_WITH_KNOTS('',3,(#6129,#6130,#6131,#6132,#6133),
 .UNSPECIFIED.,.F.,.F.,(4,1,4),(0.,0.0329533359162784,0.0784328117759873),
 .UNSPECIFIED.);
#66=B_SPLINE_CURVE_WITH_KNOTS('',3,(#6135,#6136,#6137,#6138,#6139),
 .UNSPECIFIED.,.F.,.F.,(4,1,4),(0.,0.0599351305782591,0.10560340673234),
 .UNSPECIFIED.);
#67=B_SPLINE_CURVE_WITH_KNOTS('',3,(#6140,#6141,#6142,#6143,#6144),
 .UNSPECIFIED.,.F.,.F.,(4,1,4),(0.,0.0343684445600932,0.0782269809797906),
 .UNSPECIFIED.);
#68=B_SPLINE_CURVE_WITH_KNOTS('',3,(#6173,#6174,#6175,#6176,#6177),
 .UNSPECIFIED.,.F.,.F.,(4,1,4),(0.,0.0849912385057233,0.15668803902634),
 .UNSPECIFIED.);
#69=B_SPLINE_CURVE_WITH_KNOTS('',3,(#6179,#6180,#6181,#6182,#6183),
 .UNSPECIFIED.,.F.,.F.,(4,1,4),(0.,0.0696546188834861,0.149237662257261),
 .UNSPECIFIED.);
#70=B_SPLINE_CURVE_WITH_KNOTS('',3,(#6185,#6186,#6187,#6188,#6189),
 .UNSPECIFIED.,.F.,.F.,(4,1,4),(0.,0.103660480075162,0.196670419677737),
 .UNSPECIFIED.);
#71=B_SPLINE_CURVE_WITH_KNOTS('',3,(#6191,#6192,#6193,#6194,#6195),
 .UNSPECIFIED.,.F.,.F.,(4,1,4),(0.,0.0998295135605814,0.224955920482191),
 .UNSPECIFIED.);
#72=B_SPLINE_CURVE_WITH_KNOTS('',3,(#6203,#6204,#6205,#6206,#6207),
 .UNSPECIFIED.,.F.,.F.,(4,1,4),(0.,0.0586623985339445,0.10160012605356),
 .UNSPECIFIED.);
#73=B_SPLINE_CURVE_WITH_KNOTS('',3,(#6209,#6210,#6211,#6212,#6213),
 .UNSPECIFIED.,.F.,.F.,(4,1,4),(0.,0.0371901374333032,0.0784037356848049),
 .UNSPECIFIED.);
#74=B_SPLINE_CURVE_WITH_KNOTS('',3,(#6215,#6216,#6217,#6218,#6219),
 .UNSPECIFIED.,.F.,.F.,(4,1,4),(0.,0.0462725886510287,0.0924675397471462),
 .UNSPECIFIED.);
#75=B_SPLINE_CURVE_WITH_KNOTS('',3,(#6221,#6222,#6223,#6224,#6225),
 .UNSPECIFIED.,.F.,.F.,(4,1,4),(0.,0.0584378401100112,0.142543792930612),
 .UNSPECIFIED.);
#76=B_SPLINE_CURVE_WITH_KNOTS('',3,(#6235,#6236,#6237,#6238,#6239),
 .UNSPECIFIED.,.F.,.F.,(4,1,4),(0.,0.0468293304923211,0.0860239640494855),
 .UNSPECIFIED.);
#77=B_SPLINE_CURVE_WITH_KNOTS('',3,(#6241,#6242,#6243,#6244,#6245),
 .UNSPECIFIED.,.F.,.F.,(4,1,4),(0.,0.0391662921087959,0.0855124125312405),
 .UNSPECIFIED.);
#78=B_SPLINE_CURVE_WITH_KNOTS('',3,(#6247,#6248,#6249,#6250,#6251),
 .UNSPECIFIED.,.F.,.F.,(4,1,4),(0.,0.0499813864382582,0.0910810260030091),
 .UNSPECIFIED.);
#79=B_SPLINE_CURVE_WITH_KNOTS('',3,(#6253,#6254,#6255,#6256,#6257),
 .UNSPECIFIED.,.F.,.F.,(4,1,4),(0.,0.0267830944033438,0.0518501457756053),
 .UNSPECIFIED.);
#80=B_SPLINE_CURVE_WITH_KNOTS('',3,(#6259,#6260,#6261,#6262,#6263),
 .UNSPECIFIED.,.F.,.F.,(4,1,4),(0.,0.0276996433147207,0.0584256871489549),
 .UNSPECIFIED.);
#81=B_SPLINE_CURVE_WITH_KNOTS('',3,(#6265,#6266,#6267,#6268,#6269),
 .UNSPECIFIED.,.F.,.F.,(4,1,4),(0.,0.043086872319227,0.122913774539511),
 .UNSPECIFIED.);
#82=B_SPLINE_CURVE_WITH_KNOTS('',3,(#6271,#6272,#6273,#6274,#6275),
 .UNSPECIFIED.,.F.,.F.,(4,1,4),(0.,0.124908203541705,0.206406632035394),
 .UNSPECIFIED.);
#83=B_SPLINE_CURVE_WITH_KNOTS('',3,(#6277,#6278,#6279,#6280,#6281),
 .UNSPECIFIED.,.F.,.F.,(4,1,4),(0.,0.0593412083244505,0.120628393831066),
 .UNSPECIFIED.);
#84=B_SPLINE_CURVE_WITH_KNOTS('',3,(#6283,#6284,#6285,#6286,#6287),
 .UNSPECIFIED.,.F.,.F.,(4,1,4),(0.,0.061854324704967,0.124442235154754),
 .UNSPECIFIED.);
#85=B_SPLINE_CURVE_WITH_KNOTS('',3,(#6289,#6290,#6291,#6292,#6293),
 .UNSPECIFIED.,.F.,.F.,(4,1,4),(0.,0.0674240706636736,0.132172265980754),
 .UNSPECIFIED.);
#86=B_SPLINE_CURVE_WITH_KNOTS('',3,(#6295,#6296,#6297,#6298,#6299),
 .UNSPECIFIED.,.F.,.F.,(4,1,4),(0.,0.0670181443655122,0.13964621281658),
 .UNSPECIFIED.);
#87=B_SPLINE_CURVE_WITH_KNOTS('',3,(#6301,#6302,#6303,#6304,#6305),
 .UNSPECIFIED.,.F.,.F.,(4,1,4),(0.,0.0875597155855283,0.198078897097501),
 .UNSPECIFIED.);
#88=B_SPLINE_CURVE_WITH_KNOTS('',3,(#6307,#6308,#6309,#6310,#6311),
 .UNSPECIFIED.,.F.,.F.,(4,1,4),(0.,0.112744846719721,0.192831621633584),
 .UNSPECIFIED.);
#89=B_SPLINE_CURVE_WITH_KNOTS('',3,(#6313,#6314,#6315,#6316,#6317),
 .UNSPECIFIED.,.F.,.F.,(4,1,4),(0.,0.0619872707900863,0.120796951492065),
 .UNSPECIFIED.);
#90=B_SPLINE_CURVE_WITH_KNOTS('',3,(#6319,#6320,#6321,#6322,#6323),
 .UNSPECIFIED.,.F.,.F.,(4,1,4),(0.,0.0618237651835656,0.132488476413402),
 .UNSPECIFIED.);
#91=B_SPLINE_CURVE_WITH_KNOTS('',3,(#6327,#6328,#6329,#6330,#6331),
 .UNSPECIFIED.,.F.,.F.,(4,1,4),(0.,0.0331239317785524,0.0624283401203749),
 .UNSPECIFIED.);
#92=B_SPLINE_CURVE_WITH_KNOTS('',3,(#6333,#6334,#6335,#6336,#6337),
 .UNSPECIFIED.,.F.,.F.,(4,1,4),(0.,0.039686746411407,0.0830058367709061),
 .UNSPECIFIED.);
#93=B_SPLINE_CURVE_WITH_KNOTS('',3,(#6339,#6340,#6341,#6342,#6343),
 .UNSPECIFIED.,.F.,.F.,(4,1,4),(0.,0.0408851772889872,0.0714468771014102),
 .UNSPECIFIED.);
#94=B_SPLINE_CURVE_WITH_KNOTS('',3,(#6345,#6346,#6347,#6348,#6349),
 .UNSPECIFIED.,.F.,.F.,(4,1,4),(0.,0.0245155822330545,0.0472136394799711),
 .UNSPECIFIED.);
#95=B_SPLINE_CURVE_WITH_KNOTS('',3,(#6351,#6352,#6353,#6354,#6355),
 .UNSPECIFIED.,.F.,.F.,(4,1,4),(0.,0.0243025365038762,0.0508147262653946),
 .UNSPECIFIED.);
#96=B_SPLINE_CURVE_WITH_KNOTS('',3,(#6357,#6358,#6359,#6360,#6361),
 .UNSPECIFIED.,.F.,.F.,(4,1,4),(0.,0.0452072482606399,0.121467101054678),
 .UNSPECIFIED.);
#97=B_SPLINE_CURVE_WITH_KNOTS('',3,(#6363,#6364,#6365,#6366,#6367),
 .UNSPECIFIED.,.F.,.F.,(4,1,4),(0.,0.122181666957248,0.211001413979504),
 .UNSPECIFIED.);
#98=B_SPLINE_CURVE_WITH_KNOTS('',3,(#6369,#6370,#6371,#6372,#6373),
 .UNSPECIFIED.,.F.,.F.,(4,1,4),(0.,0.0685685074106428,0.131919819989926),
 .UNSPECIFIED.);
#99=B_SPLINE_CURVE_WITH_KNOTS('',3,(#6375,#6376,#6377,#6378,#6379),
 .UNSPECIFIED.,.F.,.F.,(4,1,4),(0.,0.0606187534237986,0.120743527550804),
 .UNSPECIFIED.);
#100=B_SPLINE_CURVE_WITH_KNOTS('',3,(#6381,#6382,#6383,#6384,#6385),
 .UNSPECIFIED.,.F.,.F.,(4,1,4),(0.,0.0625604805921998,0.129064482546825),
 .UNSPECIFIED.);
#101=B_SPLINE_CURVE_WITH_KNOTS('',3,(#6387,#6388,#6389,#6390,#6391),
 .UNSPECIFIED.,.F.,.F.,(4,1,4),(0.,0.072201059602848,0.153913807070898),
 .UNSPECIFIED.);
#102=B_SPLINE_CURVE_WITH_KNOTS('',3,(#6393,#6394,#6395,#6396,#6397),
 .UNSPECIFIED.,.F.,.F.,(4,1,4),(0.,0.099798370707131,0.225871458405752),
 .UNSPECIFIED.);
#103=B_SPLINE_CURVE_WITH_KNOTS('',3,(#6399,#6400,#6401,#6402,#6403),
 .UNSPECIFIED.,.F.,.F.,(4,1,4),(0.,0.170523661317384,0.291057659760303),
 .UNSPECIFIED.);
#104=B_SPLINE_CURVE_WITH_KNOTS('',3,(#6404,#6405,#6406,#6407,#6408),
 .UNSPECIFIED.,.F.,.F.,(4,1,4),(0.,0.0973729477684338,0.197679566965985),
 .UNSPECIFIED.);
#105=B_SPLINE_CURVE_WITH_KNOTS('',3,(#6442,#6443,#6444,#6445,#6446),
 .UNSPECIFIED.,.F.,.F.,(4,1,4),(0.,0.121511352201209,0.206223560151143),
 .UNSPECIFIED.);
#106=B_SPLINE_CURVE_WITH_KNOTS('',3,(#6448,#6449,#6450,#6451,#6452),
 .UNSPECIFIED.,.F.,.F.,(4,1,4),(0.,0.103593982921045,0.233666592867768),
 .UNSPECIFIED.);
#107=B_SPLINE_CURVE_WITH_KNOTS('',3,(#6454,#6455,#6456,#6457,#6458),
 .UNSPECIFIED.,.F.,.F.,(4,1,4),(0.,0.076478396217617,0.186262262074275),
 .UNSPECIFIED.);
#108=B_SPLINE_CURVE_WITH_KNOTS('',3,(#6462,#6463,#6464,#6465,#6466),
 .UNSPECIFIED.,.F.,.F.,(4,1,4),(0.,0.0649801933855123,0.135340470357843),
 .UNSPECIFIED.);
#109=B_SPLINE_CURVE_WITH_KNOTS('',3,(#6468,#6469,#6470,#6471,#6472),
 .UNSPECIFIED.,.F.,.F.,(4,1,4),(0.,0.0447411418734836,0.0836210877496367),
 .UNSPECIFIED.);
#110=B_SPLINE_CURVE_WITH_KNOTS('',3,(#6474,#6475,#6476,#6477,#6478),
 .UNSPECIFIED.,.F.,.F.,(4,1,4),(0.,0.0421013318769559,0.0965717166175807),
 .UNSPECIFIED.);
#111=B_SPLINE_CURVE_WITH_KNOTS('',3,(#6605,#6606,#6607,#6608,#6609,#6610),
 .UNSPECIFIED.,.F.,.F.,(4,2,4),(0.,0.142769484722061,0.208234728547582),
 .UNSPECIFIED.);
#112=B_SPLINE_CURVE_WITH_KNOTS('',3,(#6649,#6650,#6651,#6652,#6653,#6654),
 .UNSPECIFIED.,.F.,.F.,(4,2,4),(2.06506130300134,2.13052654682686,2.27329603154892),
 .UNSPECIFIED.);
#113=B_SPLINE_CURVE_WITH_KNOTS('',3,(#6689,#6690,#6691,#6692,#6693),
 .UNSPECIFIED.,.F.,.F.,(4,1,4),(-0.359379590723793,-0.154019824595912,-1.35386254468292E-15),
 .UNSPECIFIED.);
#114=B_SPLINE_CURVE_WITH_KNOTS('',3,(#6694,#6695,#6696,#6697,#6698),
 .UNSPECIFIED.,.F.,.F.,(4,1,4),(1.35386254468292E-15,0.154019824595912,
0.359379590723793),.UNSPECIFIED.);
#115=B_SPLINE_CURVE_WITH_KNOTS('',3,(#6732,#6733,#6734,#6735,#6736,#6737),
 .UNSPECIFIED.,.F.,.F.,(4,1,1,4),(-0.359379590723846,-0.205359766127911,
-0.0256699707659876,1.48281392348834E-15),.UNSPECIFIED.);
#116=B_SPLINE_CURVE_WITH_KNOTS('',3,(#6738,#6739,#6740,#6741,#6742,#6743),
 .UNSPECIFIED.,.F.,.F.,(4,1,1,4),(-1.48281392348834E-15,0.0256699707659876,
0.205359766127911,0.359379590723846),.UNSPECIFIED.);
#117=B_SPLINE_CURVE_WITH_KNOTS('',3,(#6949,#6950,#6951,#6952,#6953),
 .UNSPECIFIED.,.F.,.F.,(4,1,4),(-0.206223560151143,-0.121511352201209,0.),
 .UNSPECIFIED.);
#118=B_SPLINE_CURVE_WITH_KNOTS('',3,(#6966,#6967,#6968,#6969,#6970),
 .UNSPECIFIED.,.F.,.F.,(4,1,4),(-0.233666592867768,-0.103593982921045,0.),
 .UNSPECIFIED.);
#119=B_SPLINE_CURVE_WITH_KNOTS('',3,(#6983,#6984,#6985,#6986,#6987),
 .UNSPECIFIED.,.F.,.F.,(4,1,4),(-0.186262262074275,-0.076478396217617,0.),
 .UNSPECIFIED.);
#120=B_SPLINE_CURVE_WITH_KNOTS('',3,(#7004,#7005,#7006,#7007,#7008),
 .UNSPECIFIED.,.F.,.F.,(4,1,4),(-0.135340470357843,-0.0649801933855123,
0.),.UNSPECIFIED.);
#121=B_SPLINE_CURVE_WITH_KNOTS('',3,(#7021,#7022,#7023,#7024,#7025),
 .UNSPECIFIED.,.F.,.F.,(4,1,4),(-0.0836210877496367,-0.0447411418734836,
0.),.UNSPECIFIED.);
#122=B_SPLINE_CURVE_WITH_KNOTS('',3,(#7038,#7039,#7040,#7041,#7042),
 .UNSPECIFIED.,.F.,.F.,(4,1,4),(-0.0965717166175807,-0.0421013318769559,
0.),.UNSPECIFIED.);
#123=B_SPLINE_CURVE_WITH_KNOTS('',3,(#7059,#7060,#7061,#7062,#7063),
 .UNSPECIFIED.,.F.,.F.,(4,1,4),(0.,0.0615851543478347,0.12476238843318),
 .UNSPECIFIED.);
#124=B_SPLINE_CURVE_WITH_KNOTS('',3,(#7067,#7068,#7069,#7070,#7071),
 .UNSPECIFIED.,.F.,.F.,(4,1,4),(-0.12476238843318,-0.0615851543478347,0.),
 .UNSPECIFIED.);
#125=B_SPLINE_CURVE_WITH_KNOTS('',3,(#7084,#7085,#7086,#7087,#7088),
 .UNSPECIFIED.,.F.,.F.,(4,1,4),(0.,0.0725886722855369,0.116521844856273),
 .UNSPECIFIED.);
#126=B_SPLINE_CURVE_WITH_KNOTS('',3,(#7090,#7091,#7092,#7093,#7094),
 .UNSPECIFIED.,.F.,.F.,(4,1,4),(-0.116521844856273,-0.0725886722855369,
0.),.UNSPECIFIED.);
#127=B_SPLINE_CURVE_WITH_KNOTS('',3,(#7107,#7108,#7109,#7110,#7111),
 .UNSPECIFIED.,.F.,.F.,(4,1,4),(0.,0.0296768444596529,0.0574045182022926),
 .UNSPECIFIED.);
#128=B_SPLINE_CURVE_WITH_KNOTS('',3,(#7113,#7114,#7115,#7116,#7117),
 .UNSPECIFIED.,.F.,.F.,(4,1,4),(-0.0574045182022926,-0.0296768444596529,
0.),.UNSPECIFIED.);
#129=B_SPLINE_CURVE_WITH_KNOTS('',3,(#7130,#7131,#7132,#7133,#7134),
 .UNSPECIFIED.,.F.,.F.,(4,1,4),(0.,0.0303012917445357,0.0596211147585764),
 .UNSPECIFIED.);
#130=B_SPLINE_CURVE_WITH_KNOTS('',3,(#7136,#7137,#7138,#7139,#7140),
 .UNSPECIFIED.,.F.,.F.,(4,1,4),(-0.0596211147585764,-0.0303012917445357,
0.),.UNSPECIFIED.);
#131=B_SPLINE_CURVE_WITH_KNOTS('',3,(#7153,#7154,#7155,#7156,#7157),
 .UNSPECIFIED.,.F.,.F.,(4,1,4),(0.,0.0322492497819047,0.0715610265469031),
 .UNSPECIFIED.);
#132=B_SPLINE_CURVE_WITH_KNOTS('',3,(#7159,#7160,#7161,#7162,#7163),
 .UNSPECIFIED.,.F.,.F.,(4,1,4),(-0.0715610265469031,-0.0322492497819047,
0.),.UNSPECIFIED.);
#133=B_SPLINE_CURVE_WITH_KNOTS('',3,(#7176,#7177,#7178,#7179,#7180),
 .UNSPECIFIED.,.F.,.F.,(4,1,4),(0.,0.0451168598156394,0.0899425264445304),
 .UNSPECIFIED.);
#134=B_SPLINE_CURVE_WITH_KNOTS('',3,(#7182,#7183,#7184,#7185,#7186),
 .UNSPECIFIED.,.F.,.F.,(4,1,4),(-0.0899425264445304,-0.0451168598156394,
0.),.UNSPECIFIED.);
#135=B_SPLINE_CURVE_WITH_KNOTS('',3,(#7199,#7200,#7201,#7202,#7203),
 .UNSPECIFIED.,.F.,.F.,(4,1,4),(0.,0.0422773863647258,0.0797264953690092),
 .UNSPECIFIED.);
#136=B_SPLINE_CURVE_WITH_KNOTS('',3,(#7205,#7206,#7207,#7208,#7209),
 .UNSPECIFIED.,.F.,.F.,(4,1,4),(-0.0797264953690092,-0.0422773863647258,
0.),.UNSPECIFIED.);
#137=B_SPLINE_CURVE_WITH_KNOTS('',3,(#7222,#7223,#7224,#7225,#7226),
 .UNSPECIFIED.,.F.,.F.,(4,1,4),(0.,0.0393130279074803,0.0864800109533242),
 .UNSPECIFIED.);
#138=B_SPLINE_CURVE_WITH_KNOTS('',3,(#7228,#7229,#7230,#7231,#7232),
 .UNSPECIFIED.,.F.,.F.,(4,1,4),(-0.0864800109533242,-0.0393130279074803,
0.),.UNSPECIFIED.);
#139=B_SPLINE_CURVE_WITH_KNOTS('',3,(#7254,#7255,#7256,#7257,#7258),
 .UNSPECIFIED.,.F.,.F.,(4,1,4),(-0.118318470606848,-0.0648058368432005,
0.),.UNSPECIFIED.);
#140=B_SPLINE_CURVE_WITH_KNOTS('',3,(#7271,#7272,#7273,#7274,#7275),
 .UNSPECIFIED.,.F.,.F.,(4,1,4),(-0.107632327650861,-0.0508025331790974,
0.),.UNSPECIFIED.);
#141=B_SPLINE_CURVE_WITH_KNOTS('',3,(#7288,#7289,#7290,#7291,#7292),
 .UNSPECIFIED.,.F.,.F.,(4,1,4),(-0.110389575252572,-0.0490871678045187,
0.),.UNSPECIFIED.);
#142=B_SPLINE_CURVE_WITH_KNOTS('',3,(#7305,#7306,#7307,#7308,#7309),
 .UNSPECIFIED.,.F.,.F.,(4,1,4),(-0.145208807338886,-0.0701186822107574,
0.),.UNSPECIFIED.);
#143=B_SPLINE_CURVE_WITH_KNOTS('',3,(#7322,#7323,#7324,#7325,#7326),
 .UNSPECIFIED.,.F.,.F.,(4,1,4),(-0.201222867492294,-0.112605492452891,0.),
 .UNSPECIFIED.);
#144=B_SPLINE_CURVE_WITH_KNOTS('',3,(#7339,#7340,#7341,#7342,#7343),
 .UNSPECIFIED.,.F.,.F.,(4,1,4),(-0.140322627288461,-0.0726812118784868,
0.),.UNSPECIFIED.);
#145=B_SPLINE_CURVE_WITH_KNOTS('',3,(#7356,#7357,#7358,#7359,#7360),
 .UNSPECIFIED.,.F.,.F.,(4,1,4),(-0.104251701324251,-0.0488039459133063,
0.),.UNSPECIFIED.);
#146=B_SPLINE_CURVE_WITH_KNOTS('',3,(#7373,#7374,#7375,#7376,#7377),
 .UNSPECIFIED.,.F.,.F.,(4,1,4),(-0.109785629514393,-0.0570981610230327,
0.),.UNSPECIFIED.);
#147=B_SPLINE_CURVE_WITH_KNOTS('',3,(#7394,#7395,#7396,#7397,#7398),
 .UNSPECIFIED.,.F.,.F.,(4,1,4),(-0.0805190756437726,-0.0456459895611718,
0.),.UNSPECIFIED.);
#148=B_SPLINE_CURVE_WITH_KNOTS('',3,(#7411,#7412,#7413,#7414,#7415),
 .UNSPECIFIED.,.F.,.F.,(4,1,4),(-0.0793588408367834,-0.0345732982972002,
0.),.UNSPECIFIED.);
#149=B_SPLINE_CURVE_WITH_KNOTS('',3,(#7432,#7433,#7434,#7435,#7436),
 .UNSPECIFIED.,.F.,.F.,(4,1,4),(-0.0473355368102906,-0.0278422125923565,
0.),.UNSPECIFIED.);
#150=B_SPLINE_CURVE_WITH_KNOTS('',3,(#7449,#7450,#7451,#7452,#7453),
 .UNSPECIFIED.,.F.,.F.,(4,1,4),(-0.0470550669582449,-0.0194392436057221,
0.),.UNSPECIFIED.);
#151=B_SPLINE_CURVE_WITH_KNOTS('',3,(#7466,#7467,#7468,#7469,#7470),
 .UNSPECIFIED.,.F.,.F.,(4,1,4),(-0.132444678123472,-0.0706126508999496,
0.),.UNSPECIFIED.);
#152=B_SPLINE_CURVE_WITH_KNOTS('',3,(#7483,#7484,#7485,#7486,#7487),
 .UNSPECIFIED.,.F.,.F.,(4,1,4),(-0.174641199712994,-0.0827586904243859,
0.),.UNSPECIFIED.);
#153=B_SPLINE_CURVE_WITH_KNOTS('',3,(#7500,#7501,#7502,#7503,#7504),
 .UNSPECIFIED.,.F.,.F.,(4,1,4),(-0.209226377966701,-0.114984282592441,0.),
 .UNSPECIFIED.);
#154=B_SPLINE_CURVE_WITH_KNOTS('',3,(#7517,#7518,#7519,#7520,#7521),
 .UNSPECIFIED.,.F.,.F.,(4,1,4),(-0.166576671613254,-0.0838506368462259,
0.),.UNSPECIFIED.);
#155=B_SPLINE_CURVE_WITH_KNOTS('',3,(#7534,#7535,#7536,#7537,#7538),
 .UNSPECIFIED.,.F.,.F.,(4,1,4),(-0.146773028805568,-0.0761730496935527,
0.),.UNSPECIFIED.);
#156=B_SPLINE_CURVE_WITH_KNOTS('',3,(#7551,#7552,#7553,#7554,#7555),
 .UNSPECIFIED.,.F.,.F.,(4,1,4),(-0.19765415500109,-0.0830544510262447,0.),
 .UNSPECIFIED.);
#157=B_SPLINE_CURVE_WITH_KNOTS('',3,(#7568,#7569,#7570,#7571,#7572),
 .UNSPECIFIED.,.F.,.F.,(4,1,4),(-0.207330407298722,-0.131488689020075,0.),
 .UNSPECIFIED.);
#158=B_SPLINE_CURVE_WITH_KNOTS('',3,(#7585,#7586,#7587,#7588,#7589),
 .UNSPECIFIED.,.F.,.F.,(4,1,4),(-0.103687381243822,-0.0499255615592939,
0.),.UNSPECIFIED.);
#159=B_SPLINE_CURVE_WITH_KNOTS('',3,(#7602,#7603,#7604,#7605,#7606),
 .UNSPECIFIED.,.F.,.F.,(4,1,4),(-0.0761053013225458,-0.04380582317247,0.),
 .UNSPECIFIED.);
#160=B_SPLINE_CURVE_WITH_KNOTS('',3,(#7619,#7620,#7621,#7622,#7623),
 .UNSPECIFIED.,.F.,.F.,(4,1,4),(-0.0784328117759873,-0.0329533359162784,
0.),.UNSPECIFIED.);
#161=B_SPLINE_CURVE_WITH_KNOTS('',3,(#7636,#7637,#7638,#7639,#7640),
 .UNSPECIFIED.,.F.,.F.,(4,1,4),(-0.10560340673234,-0.0599351305782591,0.),
 .UNSPECIFIED.);
#162=B_SPLINE_CURVE_WITH_KNOTS('',3,(#7652,#7653,#7654,#7655,#7656),
 .UNSPECIFIED.,.F.,.F.,(4,1,4),(-0.0782269809797906,-0.0343684445600932,
0.),.UNSPECIFIED.);
#163=B_SPLINE_CURVE_WITH_KNOTS('',3,(#7715,#7716,#7717,#7718,#7719),
 .UNSPECIFIED.,.F.,.F.,(4,1,4),(-0.15668803902634,-0.0849912385057233,0.),
 .UNSPECIFIED.);
#164=B_SPLINE_CURVE_WITH_KNOTS('',3,(#7732,#7733,#7734,#7735,#7736),
 .UNSPECIFIED.,.F.,.F.,(4,1,4),(-0.149237662257261,-0.0696546188834861,
0.),.UNSPECIFIED.);
#165=B_SPLINE_CURVE_WITH_KNOTS('',3,(#7749,#7750,#7751,#7752,#7753),
 .UNSPECIFIED.,.F.,.F.,(4,1,4),(-0.196670419677737,-0.103660480075162,0.),
 .UNSPECIFIED.);
#166=B_SPLINE_CURVE_WITH_KNOTS('',3,(#7766,#7767,#7768,#7769,#7770),
 .UNSPECIFIED.,.F.,.F.,(4,1,4),(-0.224955920482191,-0.0998295135605814,
0.),.UNSPECIFIED.);
#167=B_SPLINE_CURVE_WITH_KNOTS('',3,(#7795,#7796,#7797,#7798,#7799),
 .UNSPECIFIED.,.F.,.F.,(4,1,4),(-0.10160012605356,-0.0586623985339445,0.),
 .UNSPECIFIED.);
#168=B_SPLINE_CURVE_WITH_KNOTS('',3,(#7812,#7813,#7814,#7815,#7816),
 .UNSPECIFIED.,.F.,.F.,(4,1,4),(-0.0784037356848049,-0.0371901374333032,
0.),.UNSPECIFIED.);
#169=B_SPLINE_CURVE_WITH_KNOTS('',3,(#7829,#7830,#7831,#7832,#7833),
 .UNSPECIFIED.,.F.,.F.,(4,1,4),(-0.0924675397471462,-0.0462725886510287,
0.),.UNSPECIFIED.);
#170=B_SPLINE_CURVE_WITH_KNOTS('',3,(#7846,#7847,#7848,#7849,#7850),
 .UNSPECIFIED.,.F.,.F.,(4,1,4),(-0.142543792930612,-0.0584378401100112,
0.),.UNSPECIFIED.);
#171=B_SPLINE_CURVE_WITH_KNOTS('',3,(#7880,#7881,#7882,#7883,#7884),
 .UNSPECIFIED.,.F.,.F.,(4,1,4),(-0.0860239640494855,-0.0468293304923211,
0.),.UNSPECIFIED.);
#172=B_SPLINE_CURVE_WITH_KNOTS('',3,(#7897,#7898,#7899,#7900,#7901),
 .UNSPECIFIED.,.F.,.F.,(4,1,4),(-0.0855124125312405,-0.0391662921087959,
0.),.UNSPECIFIED.);
#173=B_SPLINE_CURVE_WITH_KNOTS('',3,(#7914,#7915,#7916,#7917,#7918),
 .UNSPECIFIED.,.F.,.F.,(4,1,4),(-0.0910810260030091,-0.0499813864382582,
0.),.UNSPECIFIED.);
#174=B_SPLINE_CURVE_WITH_KNOTS('',3,(#7931,#7932,#7933,#7934,#7935),
 .UNSPECIFIED.,.F.,.F.,(4,1,4),(-0.0518501457756053,-0.0267830944033438,
0.),.UNSPECIFIED.);
#175=B_SPLINE_CURVE_WITH_KNOTS('',3,(#7948,#7949,#7950,#7951,#7952),
 .UNSPECIFIED.,.F.,.F.,(4,1,4),(-0.0584256871489549,-0.0276996433147207,
0.),.UNSPECIFIED.);
#176=B_SPLINE_CURVE_WITH_KNOTS('',3,(#7965,#7966,#7967,#7968,#7969),
 .UNSPECIFIED.,.F.,.F.,(4,1,4),(-0.122913774539511,-0.043086872319227,0.),
 .UNSPECIFIED.);
#177=B_SPLINE_CURVE_WITH_KNOTS('',3,(#7982,#7983,#7984,#7985,#7986),
 .UNSPECIFIED.,.F.,.F.,(4,1,4),(-0.206406632035394,-0.124908203541705,0.),
 .UNSPECIFIED.);
#178=B_SPLINE_CURVE_WITH_KNOTS('',3,(#7999,#8000,#8001,#8002,#8003),
 .UNSPECIFIED.,.F.,.F.,(4,1,4),(-0.120628393831066,-0.0593412083244505,
0.),.UNSPECIFIED.);
#179=B_SPLINE_CURVE_WITH_KNOTS('',3,(#8016,#8017,#8018,#8019,#8020),
 .UNSPECIFIED.,.F.,.F.,(4,1,4),(-0.124442235154754,-0.061854324704967,0.),
 .UNSPECIFIED.);
#180=B_SPLINE_CURVE_WITH_KNOTS('',3,(#8033,#8034,#8035,#8036,#8037),
 .UNSPECIFIED.,.F.,.F.,(4,1,4),(-0.132172265980754,-0.0674240706636736,
0.),.UNSPECIFIED.);
#181=B_SPLINE_CURVE_WITH_KNOTS('',3,(#8050,#8051,#8052,#8053,#8054),
 .UNSPECIFIED.,.F.,.F.,(4,1,4),(-0.13964621281658,-0.0670181443655122,0.),
 .UNSPECIFIED.);
#182=B_SPLINE_CURVE_WITH_KNOTS('',3,(#8067,#8068,#8069,#8070,#8071),
 .UNSPECIFIED.,.F.,.F.,(4,1,4),(-0.198078897097501,-0.0875597155855283,
0.),.UNSPECIFIED.);
#183=B_SPLINE_CURVE_WITH_KNOTS('',3,(#8084,#8085,#8086,#8087,#8088),
 .UNSPECIFIED.,.F.,.F.,(4,1,4),(-0.192831621633584,-0.112744846719721,0.),
 .UNSPECIFIED.);
#184=B_SPLINE_CURVE_WITH_KNOTS('',3,(#8101,#8102,#8103,#8104,#8105),
 .UNSPECIFIED.,.F.,.F.,(4,1,4),(-0.120796951492065,-0.0619872707900863,
0.),.UNSPECIFIED.);
#185=B_SPLINE_CURVE_WITH_KNOTS('',3,(#8118,#8119,#8120,#8121,#8122),
 .UNSPECIFIED.,.F.,.F.,(4,1,4),(-0.132488476413402,-0.0618237651835656,
0.),.UNSPECIFIED.);
#186=B_SPLINE_CURVE_WITH_KNOTS('',3,(#8139,#8140,#8141,#8142,#8143),
 .UNSPECIFIED.,.F.,.F.,(4,1,4),(-0.0624283401203749,-0.0331239317785524,
0.),.UNSPECIFIED.);
#187=B_SPLINE_CURVE_WITH_KNOTS('',3,(#8156,#8157,#8158,#8159,#8160),
 .UNSPECIFIED.,.F.,.F.,(4,1,4),(-0.0830058367709061,-0.039686746411407,
0.),.UNSPECIFIED.);
#188=B_SPLINE_CURVE_WITH_KNOTS('',3,(#8173,#8174,#8175,#8176,#8177),
 .UNSPECIFIED.,.F.,.F.,(4,1,4),(-0.0714468771014102,-0.0408851772889872,
0.),.UNSPECIFIED.);
#189=B_SPLINE_CURVE_WITH_KNOTS('',3,(#8190,#8191,#8192,#8193,#8194),
 .UNSPECIFIED.,.F.,.F.,(4,1,4),(-0.0472136394799711,-0.0245155822330545,
0.),.UNSPECIFIED.);
#190=B_SPLINE_CURVE_WITH_KNOTS('',3,(#8207,#8208,#8209,#8210,#8211),
 .UNSPECIFIED.,.F.,.F.,(4,1,4),(-0.0508147262653946,-0.0243025365038762,
0.),.UNSPECIFIED.);
#191=B_SPLINE_CURVE_WITH_KNOTS('',3,(#8224,#8225,#8226,#8227,#8228),
 .UNSPECIFIED.,.F.,.F.,(4,1,4),(-0.121467101054678,-0.0452072482606399,
0.),.UNSPECIFIED.);
#192=B_SPLINE_CURVE_WITH_KNOTS('',3,(#8241,#8242,#8243,#8244,#8245),
 .UNSPECIFIED.,.F.,.F.,(4,1,4),(-0.211001413979504,-0.122181666957248,0.),
 .UNSPECIFIED.);
#193=B_SPLINE_CURVE_WITH_KNOTS('',3,(#8258,#8259,#8260,#8261,#8262),
 .UNSPECIFIED.,.F.,.F.,(4,1,4),(-0.131919819989926,-0.0685685074106428,
0.),.UNSPECIFIED.);
#194=B_SPLINE_CURVE_WITH_KNOTS('',3,(#8275,#8276,#8277,#8278,#8279),
 .UNSPECIFIED.,.F.,.F.,(4,1,4),(-0.120743527550804,-0.0606187534237986,
0.),.UNSPECIFIED.);
#195=B_SPLINE_CURVE_WITH_KNOTS('',3,(#8292,#8293,#8294,#8295,#8296),
 .UNSPECIFIED.,.F.,.F.,(4,1,4),(-0.129064482546825,-0.0625604805921998,
0.),.UNSPECIFIED.);
#196=B_SPLINE_CURVE_WITH_KNOTS('',3,(#8309,#8310,#8311,#8312,#8313),
 .UNSPECIFIED.,.F.,.F.,(4,1,4),(-0.153913807070898,-0.072201059602848,0.),
 .UNSPECIFIED.);
#197=B_SPLINE_CURVE_WITH_KNOTS('',3,(#8326,#8327,#8328,#8329,#8330),
 .UNSPECIFIED.,.F.,.F.,(4,1,4),(-0.225871458405752,-0.099798370707131,0.),
 .UNSPECIFIED.);
#198=B_SPLINE_CURVE_WITH_KNOTS('',3,(#8343,#8344,#8345,#8346,#8347),
 .UNSPECIFIED.,.F.,.F.,(4,1,4),(-0.291057659760303,-0.170523661317384,0.),
 .UNSPECIFIED.);
#199=B_SPLINE_CURVE_WITH_KNOTS('',3,(#8359,#8360,#8361,#8362,#8363),
 .UNSPECIFIED.,.F.,.F.,(4,1,4),(-0.197679566965985,-0.0973729477684338,
0.),.UNSPECIFIED.);
#200=B_SPLINE_CURVE_WITH_KNOTS('',3,(#8373,#8374,#8375,#8376,#8377,#8378,
#8379,#8380,#8381,#8382),.UNSPECIFIED.,.F.,.F.,(4,2,2,2,4),(1.31417326442114,
1.43935341965945,1.56453357489775,1.74978786181448,1.93504214873121),
 .UNSPECIFIED.);
#201=B_SPLINE_CURVE_WITH_KNOTS('',3,(#8419,#8420,#8421,#8422,#8423,#8424,
#8425,#8426,#8427,#8428),.UNSPECIFIED.,.F.,.F.,(4,2,2,2,4),(0.,0.185254286916731,
0.370508573833462,0.495688729071767,0.620868884310071),.UNSPECIFIED.);
#202=SPHERICAL_SURFACE('',#4530,3.);
#203=SPHERICAL_SURFACE('',#4536,3.);
#204=SPHERICAL_SURFACE('',#4729,5.);
#205=SPHERICAL_SURFACE('',#4735,5.);
#206=PLANE('',#4525);
#207=PLANE('',#4539);
#208=PLANE('',#4550);
#209=PLANE('',#4551);
#210=PLANE('',#4554);
#211=PLANE('',#4559);
#212=PLANE('',#4563);
#213=PLANE('',#4573);
#214=PLANE('',#4580);
#215=PLANE('',#4584);
#216=PLANE('',#4585);
#217=PLANE('',#4586);
#218=PLANE('',#4587);
#219=PLANE('',#4588);
#220=PLANE('',#4589);
#221=PLANE('',#4590);
#222=PLANE('',#4591);
#223=PLANE('',#4592);
#224=PLANE('',#4593);
#225=PLANE('',#4628);
#226=PLANE('',#4631);
#227=PLANE('',#4632);
#228=PLANE('',#4635);
#229=PLANE('',#4638);
#230=PLANE('',#4641);
#231=PLANE('',#4644);
#232=PLANE('',#4647);
#233=PLANE('',#4650);
#234=PLANE('',#4651);
#235=PLANE('',#4654);
#236=PLANE('',#4657);
#237=PLANE('',#4660);
#238=PLANE('',#4663);
#239=PLANE('',#4666);
#240=PLANE('',#4669);
#241=PLANE('',#4670);
#242=PLANE('',#4671);
#243=PLANE('',#4672);
#244=PLANE('',#4673);
#245=PLANE('',#4674);
#246=PLANE('',#4675);
#247=PLANE('',#4676);
#248=PLANE('',#4677);
#249=PLANE('',#4678);
#250=PLANE('',#4679);
#251=PLANE('',#4680);
#252=PLANE('',#4681);
#253=PLANE('',#4682);
#254=PLANE('',#4683);
#255=PLANE('',#4684);
#256=PLANE('',#4685);
#257=PLANE('',#4686);
#258=PLANE('',#4687);
#259=PLANE('',#4688);
#260=PLANE('',#4689);
#261=PLANE('',#4690);
#262=PLANE('',#4691);
#263=PLANE('',#4692);
#264=PLANE('',#4693);
#265=PLANE('',#4694);
#266=PLANE('',#4695);
#267=PLANE('',#4696);
#268=PLANE('',#4697);
#269=PLANE('',#4698);
#270=PLANE('',#4699);
#271=PLANE('',#4700);
#272=PLANE('',#4701);
#273=PLANE('',#4702);
#274=PLANE('',#4703);
#275=PLANE('',#4704);
#276=PLANE('',#4705);
#277=PLANE('',#4706);
#278=PLANE('',#4707);
#279=PLANE('',#4708);
#280=PLANE('',#4709);
#281=PLANE('',#4710);
#282=PLANE('',#4711);
#283=PLANE('',#4712);
#284=PLANE('',#4713);
#285=PLANE('',#4714);
#286=PLANE('',#4715);
#287=PLANE('',#4716);
#288=PLANE('',#4728);
#289=PLANE('',#4738);
#290=PLANE('',#4764);
#291=PLANE('',#4768);
#292=PLANE('',#4780);
#293=PLANE('',#4782);
#294=PLANE('',#4786);
#295=PLANE('',#4787);
#296=PLANE('',#4788);
#297=PLANE('',#4789);
#298=PLANE('',#4790);
#299=PLANE('',#4791);
#300=PLANE('',#4792);
#301=PLANE('',#4793);
#302=PLANE('',#4794);
#303=PLANE('',#4795);
#304=PLANE('',#4796);
#305=PLANE('',#4797);
#306=PLANE('',#4798);
#307=LINE('',#5812,#697);
#308=LINE('',#5813,#698);
#309=LINE('',#5861,#699);
#310=LINE('',#5863,#700);
#311=LINE('',#5864,#701);
#312=LINE('',#5867,#702);
#313=LINE('',#5871,#703);
#314=LINE('',#5874,#704);
#315=LINE('',#5886,#705);
#316=LINE('',#5887,#706);
#317=LINE('',#5894,#707);
#318=LINE('',#5896,#708);
#319=LINE('',#5897,#709);
#320=LINE('',#5900,#710);
#321=LINE('',#5905,#711);
#322=LINE('',#5909,#712);
#323=LINE('',#5912,#713);
#324=LINE('',#5915,#714);
#325=LINE('',#5919,#715);
#326=LINE('',#5921,#716);
#327=LINE('',#5922,#717);
#328=LINE('',#5925,#718);
#329=LINE('',#5926,#719);
#330=LINE('',#5929,#720);
#331=LINE('',#5932,#721);
#332=LINE('',#5934,#722);
#333=LINE('',#5937,#723);
#334=LINE('',#5942,#724);
#335=LINE('',#5944,#725);
#336=LINE('',#5945,#726);
#337=LINE('',#5956,#727);
#338=LINE('',#5960,#728);
#339=LINE('',#5963,#729);
#340=LINE('',#5967,#730);
#341=LINE('',#5971,#731);
#342=LINE('',#5975,#732);
#343=LINE('',#5976,#733);
#344=LINE('',#5979,#734);
#345=LINE('',#5981,#735);
#346=LINE('',#5983,#736);
#347=LINE('',#5985,#737);
#348=LINE('',#5987,#738);
#349=LINE('',#5991,#739);
#350=LINE('',#5994,#740);
#351=LINE('',#5997,#741);
#352=LINE('',#6047,#742);
#353=LINE('',#6061,#743);
#354=LINE('',#6147,#744);
#355=LINE('',#6149,#745);
#356=LINE('',#6151,#746);
#357=LINE('',#6153,#747);
#358=LINE('',#6155,#748);
#359=LINE('',#6157,#749);
#360=LINE('',#6159,#750);
#361=LINE('',#6161,#751);
#362=LINE('',#6163,#752);
#363=LINE('',#6165,#753);
#364=LINE('',#6169,#754);
#365=LINE('',#6171,#755);
#366=LINE('',#6197,#756);
#367=LINE('',#6199,#757);
#368=LINE('',#6201,#758);
#369=LINE('',#6227,#759);
#370=LINE('',#6229,#760);
#371=LINE('',#6230,#761);
#372=LINE('',#6233,#762);
#373=LINE('',#6325,#763);
#374=LINE('',#6411,#764);
#375=LINE('',#6415,#765);
#376=LINE('',#6419,#766);
#377=LINE('',#6423,#767);
#378=LINE('',#6426,#768);
#379=LINE('',#6428,#769);
#380=LINE('',#6429,#770);
#381=LINE('',#6432,#771);
#382=LINE('',#6434,#772);
#383=LINE('',#6436,#773);
#384=LINE('',#6438,#774);
#385=LINE('',#6440,#775);
#386=LINE('',#6460,#776);
#387=LINE('',#6479,#777);
#388=LINE('',#6482,#778);
#389=LINE('',#6484,#779);
#390=LINE('',#6486,#780);
#391=LINE('',#6487,#781);
#392=LINE('',#6490,#782);
#393=LINE('',#6492,#783);
#394=LINE('',#6493,#784);
#395=LINE('',#6498,#785);
#396=LINE('',#6505,#786);
#397=LINE('',#6508,#787);
#398=LINE('',#6511,#788);
#399=LINE('',#6513,#789);
#400=LINE('',#6514,#790);
#401=LINE('',#6520,#791);
#402=LINE('',#6523,#792);
#403=LINE('',#6526,#793);
#404=LINE('',#6528,#794);
#405=LINE('',#6529,#795);
#406=LINE('',#6533,#796);
#407=LINE('',#6535,#797);
#408=LINE('',#6537,#798);
#409=LINE('',#6538,#799);
#410=LINE('',#6542,#800);
#411=LINE('',#6544,#801);
#412=LINE('',#6546,#802);
#413=LINE('',#6547,#803);
#414=LINE('',#6549,#804);
#415=LINE('',#6550,#805);
#416=LINE('',#6553,#806);
#417=LINE('',#6555,#807);
#418=LINE('',#6556,#808);
#419=LINE('',#6559,#809);
#420=LINE('',#6561,#810);
#421=LINE('',#6563,#811);
#422=LINE('',#6565,#812);
#423=LINE('',#6567,#813);
#424=LINE('',#6569,#814);
#425=LINE('',#6570,#815);
#426=LINE('',#6573,#816);
#427=LINE('',#6575,#817);
#428=LINE('',#6576,#818);
#429=LINE('',#6579,#819);
#430=LINE('',#6581,#820);
#431=LINE('',#6582,#821);
#432=LINE('',#6584,#822);
#433=LINE('',#6585,#823);
#434=LINE('',#6589,#824);
#435=LINE('',#6590,#825);
#436=LINE('',#6591,#826);
#437=LINE('',#6593,#827);
#438=LINE('',#6636,#828);
#439=LINE('',#6637,#829);
#440=LINE('',#6645,#830);
#441=LINE('',#6646,#831);
#442=LINE('',#6659,#832);
#443=LINE('',#6660,#833);
#444=LINE('',#6745,#834);
#445=LINE('',#6746,#835);
#446=LINE('',#6749,#836);
#447=LINE('',#6752,#837);
#448=LINE('',#6755,#838);
#449=LINE('',#6756,#839);
#450=LINE('',#6759,#840);
#451=LINE('',#6763,#841);
#452=LINE('',#6764,#842);
#453=LINE('',#6767,#843);
#454=LINE('',#6771,#844);
#455=LINE('',#6775,#845);
#456=LINE('',#6776,#846);
#457=LINE('',#6779,#847);
#458=LINE('',#6783,#848);
#459=LINE('',#6786,#849);
#460=LINE('',#6788,#850);
#461=LINE('',#6789,#851);
#462=LINE('',#6791,#852);
#463=LINE('',#6793,#853);
#464=LINE('',#6795,#854);
#465=LINE('',#6796,#855);
#466=LINE('',#6798,#856);
#467=LINE('',#6799,#857);
#468=LINE('',#6803,#858);
#469=LINE('',#6806,#859);
#470=LINE('',#6808,#860);
#471=LINE('',#6810,#861);
#472=LINE('',#6815,#862);
#473=LINE('',#6818,#863);
#474=LINE('',#6819,#864);
#475=LINE('',#6824,#865);
#476=LINE('',#6825,#866);
#477=LINE('',#6828,#867);
#478=LINE('',#6829,#868);
#479=LINE('',#6832,#869);
#480=LINE('',#6836,#870);
#481=LINE('',#6838,#871);
#482=LINE('',#6840,#872);
#483=LINE('',#6842,#873);
#484=LINE('',#6843,#874);
#485=LINE('',#6845,#875);
#486=LINE('',#6846,#876);
#487=LINE('',#6848,#877);
#488=LINE('',#6853,#878);
#489=LINE('',#6854,#879);
#490=LINE('',#6857,#880);
#491=LINE('',#6858,#881);
#492=LINE('',#6863,#882);
#493=LINE('',#6864,#883);
#494=LINE('',#6867,#884);
#495=LINE('',#6868,#885);
#496=LINE('',#6873,#886);
#497=LINE('',#6874,#887);
#498=LINE('',#6876,#888);
#499=LINE('',#6881,#889);
#500=LINE('',#6882,#890);
#501=LINE('',#6884,#891);
#502=LINE('',#6888,#892);
#503=LINE('',#6890,#893);
#504=LINE('',#6892,#894);
#505=LINE('',#6894,#895);
#506=LINE('',#6896,#896);
#507=LINE('',#6901,#897);
#508=LINE('',#6903,#898);
#509=LINE('',#6904,#899);
#510=LINE('',#6907,#900);
#511=LINE('',#6908,#901);
#512=LINE('',#6911,#902);
#513=LINE('',#6912,#903);
#514=LINE('',#6914,#904);
#515=LINE('',#6918,#905);
#516=LINE('',#6920,#906);
#517=LINE('',#6921,#907);
#518=LINE('',#6924,#908);
#519=LINE('',#6925,#909);
#520=LINE('',#6928,#910);
#521=LINE('',#6929,#911);
#522=LINE('',#6932,#912);
#523=LINE('',#6933,#913);
#524=LINE('',#6936,#914);
#525=LINE('',#6937,#915);
#526=LINE('',#6954,#916);
#527=LINE('',#6971,#917);
#528=LINE('',#6988,#918);
#529=LINE('',#6991,#919);
#530=LINE('',#6992,#920);
#531=LINE('',#7009,#921);
#532=LINE('',#7026,#922);
#533=LINE('',#7043,#923);
#534=LINE('',#7045,#924);
#535=LINE('',#7065,#925);
#536=LINE('',#7072,#926);
#537=LINE('',#7095,#927);
#538=LINE('',#7118,#928);
#539=LINE('',#7141,#929);
#540=LINE('',#7164,#930);
#541=LINE('',#7187,#931);
#542=LINE('',#7210,#932);
#543=LINE('',#7233,#933);
#544=LINE('',#7235,#934);
#545=LINE('',#7236,#935);
#546=LINE('',#7239,#936);
#547=LINE('',#7241,#937);
#548=LINE('',#7242,#938);
#549=LINE('',#7259,#939);
#550=LINE('',#7276,#940);
#551=LINE('',#7293,#941);
#552=LINE('',#7310,#942);
#553=LINE('',#7327,#943);
#554=LINE('',#7344,#944);
#555=LINE('',#7361,#945);
#556=LINE('',#7378,#946);
#557=LINE('',#7381,#947);
#558=LINE('',#7382,#948);
#559=LINE('',#7399,#949);
#560=LINE('',#7416,#950);
#561=LINE('',#7419,#951);
#562=LINE('',#7420,#952);
#563=LINE('',#7437,#953);
#564=LINE('',#7454,#954);
#565=LINE('',#7471,#955);
#566=LINE('',#7488,#956);
#567=LINE('',#7505,#957);
#568=LINE('',#7522,#958);
#569=LINE('',#7539,#959);
#570=LINE('',#7556,#960);
#571=LINE('',#7573,#961);
#572=LINE('',#7590,#962);
#573=LINE('',#7607,#963);
#574=LINE('',#7624,#964);
#575=LINE('',#7641,#965);
#576=LINE('',#7661,#966);
#577=LINE('',#7662,#967);
#578=LINE('',#7665,#968);
#579=LINE('',#7666,#969);
#580=LINE('',#7669,#970);
#581=LINE('',#7670,#971);
#582=LINE('',#7673,#972);
#583=LINE('',#7674,#973);
#584=LINE('',#7677,#974);
#585=LINE('',#7678,#975);
#586=LINE('',#7681,#976);
#587=LINE('',#7682,#977);
#588=LINE('',#7685,#978);
#589=LINE('',#7686,#979);
#590=LINE('',#7689,#980);
#591=LINE('',#7690,#981);
#592=LINE('',#7692,#982);
#593=LINE('',#7696,#983);
#594=LINE('',#7698,#984);
#595=LINE('',#7699,#985);
#596=LINE('',#7702,#986);
#597=LINE('',#7703,#987);
#598=LINE('',#7720,#988);
#599=LINE('',#7737,#989);
#600=LINE('',#7754,#990);
#601=LINE('',#7771,#991);
#602=LINE('',#7774,#992);
#603=LINE('',#7775,#993);
#604=LINE('',#7778,#994);
#605=LINE('',#7779,#995);
#606=LINE('',#7782,#996);
#607=LINE('',#7783,#997);
#608=LINE('',#7800,#998);
#609=LINE('',#7817,#999);
#610=LINE('',#7834,#1000);
#611=LINE('',#7851,#1001);
#612=LINE('',#7854,#1002);
#613=LINE('',#7855,#1003);
#614=LINE('',#7858,#1004);
#615=LINE('',#7859,#1005);
#616=LINE('',#7861,#1006);
#617=LINE('',#7865,#1007);
#618=LINE('',#7867,#1008);
#619=LINE('',#7868,#1009);
#620=LINE('',#7885,#1010);
#621=LINE('',#7902,#1011);
#622=LINE('',#7919,#1012);
#623=LINE('',#7936,#1013);
#624=LINE('',#7953,#1014);
#625=LINE('',#7970,#1015);
#626=LINE('',#7987,#1016);
#627=LINE('',#8004,#1017);
#628=LINE('',#8021,#1018);
#629=LINE('',#8038,#1019);
#630=LINE('',#8055,#1020);
#631=LINE('',#8072,#1021);
#632=LINE('',#8089,#1022);
#633=LINE('',#8106,#1023);
#634=LINE('',#8123,#1024);
#635=LINE('',#8126,#1025);
#636=LINE('',#8127,#1026);
#637=LINE('',#8144,#1027);
#638=LINE('',#8161,#1028);
#639=LINE('',#8178,#1029);
#640=LINE('',#8195,#1030);
#641=LINE('',#8212,#1031);
#642=LINE('',#8229,#1032);
#643=LINE('',#8246,#1033);
#644=LINE('',#8263,#1034);
#645=LINE('',#8280,#1035);
#646=LINE('',#8297,#1036);
#647=LINE('',#8314,#1037);
#648=LINE('',#8331,#1038);
#649=LINE('',#8348,#1039);
#650=LINE('',#8368,#1040);
#651=LINE('',#8372,#1041);
#652=LINE('',#8401,#1042);
#653=LINE('',#8402,#1043);
#654=LINE('',#8429,#1044);
#655=LINE('',#8430,#1045);
#656=LINE('',#8434,#1046);
#657=LINE('',#8436,#1047);
#658=LINE('',#8438,#1048);
#659=LINE('',#8439,#1049);
#660=LINE('',#8451,#1050);
#661=LINE('',#8452,#1051);
#662=LINE('',#8459,#1052);
#663=LINE('',#8461,#1053);
#664=LINE('',#8462,#1054);
#665=LINE('',#8465,#1055);
#666=LINE('',#8469,#1056);
#667=LINE('',#8472,#1057);
#668=LINE('',#8481,#1058);
#669=LINE('',#8497,#1059);
#670=LINE('',#8513,#1060);
#671=LINE('',#8521,#1061);
#672=LINE('',#8522,#1062);
#673=LINE('',#8526,#1063);
#674=LINE('',#8529,#1064);
#675=LINE('',#8533,#1065);
#676=LINE('',#8535,#1066);
#677=LINE('',#8543,#1067);
#678=LINE('',#8549,#1068);
#679=LINE('',#8551,#1069);
#680=LINE('',#8555,#1070);
#681=LINE('',#8557,#1071);
#682=LINE('',#8559,#1072);
#683=LINE('',#8560,#1073);
#684=LINE('',#8562,#1074);
#685=LINE('',#8564,#1075);
#686=LINE('',#8566,#1076);
#687=LINE('',#8568,#1077);
#688=LINE('',#8570,#1078);
#689=LINE('',#8571,#1079);
#690=LINE('',#8574,#1080);
#691=LINE('',#8576,#1081);
#692=LINE('',#8578,#1082);
#693=LINE('',#8584,#1083);
#694=LINE('',#8585,#1084);
#695=LINE('',#8587,#1085);
#696=LINE('',#8591,#1086);
#697=VECTOR('',#4811,10.);
#698=VECTOR('',#4812,10.);
#699=VECTOR('',#4819,10.);
#700=VECTOR('',#4820,10.);
#701=VECTOR('',#4821,10.);
#702=VECTOR('',#4824,10.);
#703=VECTOR('',#4829,10.);
#704=VECTOR('',#4832,10.);
#705=VECTOR('',#4845,10.);
#706=VECTOR('',#4846,10.);
#707=VECTOR('',#4855,10.);
#708=VECTOR('',#4856,10.);
#709=VECTOR('',#4857,10.);
#710=VECTOR('',#4860,10.);
#711=VECTOR('',#4867,10.);
#712=VECTOR('',#4870,10.);
#713=VECTOR('',#4873,10.);
#714=VECTOR('',#4878,10.);
#715=VECTOR('',#4883,10.);
#716=VECTOR('',#4886,10.);
#717=VECTOR('',#4887,10.);
#718=VECTOR('',#4890,10.);
#719=VECTOR('',#4891,10.);
#720=VECTOR('',#4894,10.);
#721=VECTOR('',#4897,10.);
#722=VECTOR('',#4900,10.);
#723=VECTOR('',#4903,10.);
#724=VECTOR('',#4910,10.);
#725=VECTOR('',#4913,10.);
#726=VECTOR('',#4914,10.);
#727=VECTOR('',#4917,10.);
#728=VECTOR('',#4920,10.);
#729=VECTOR('',#4923,10.);
#730=VECTOR('',#4926,10.);
#731=VECTOR('',#4929,10.);
#732=VECTOR('',#4932,10.);
#733=VECTOR('',#4933,10.);
#734=VECTOR('',#4934,10.);
#735=VECTOR('',#4935,10.);
#736=VECTOR('',#4936,10.);
#737=VECTOR('',#4937,10.);
#738=VECTOR('',#4938,10.);
#739=VECTOR('',#4941,10.);
#740=VECTOR('',#4944,10.);
#741=VECTOR('',#4945,10.);
#742=VECTOR('',#4946,10.);
#743=VECTOR('',#4947,10.);
#744=VECTOR('',#4948,10.);
#745=VECTOR('',#4949,10.);
#746=VECTOR('',#4950,10.);
#747=VECTOR('',#4951,10.);
#748=VECTOR('',#4952,10.);
#749=VECTOR('',#4953,10.);
#750=VECTOR('',#4954,10.);
#751=VECTOR('',#4955,10.);
#752=VECTOR('',#4956,10.);
#753=VECTOR('',#4957,10.);
#754=VECTOR('',#4960,10.);
#755=VECTOR('',#4961,10.);
#756=VECTOR('',#4962,10.);
#757=VECTOR('',#4963,10.);
#758=VECTOR('',#4964,10.);
#759=VECTOR('',#4965,10.);
#760=VECTOR('',#4966,10.);
#761=VECTOR('',#4967,10.);
#762=VECTOR('',#4968,10.);
#763=VECTOR('',#4969,10.);
#764=VECTOR('',#4970,10.);
#765=VECTOR('',#4973,10.);
#766=VECTOR('',#4976,10.);
#767=VECTOR('',#4979,10.);
#768=VECTOR('',#4982,10.);
#769=VECTOR('',#4983,10.);
#770=VECTOR('',#4984,10.);
#771=VECTOR('',#4985,10.);
#772=VECTOR('',#4986,10.);
#773=VECTOR('',#4987,10.);
#774=VECTOR('',#4988,10.);
#775=VECTOR('',#4989,10.);
#776=VECTOR('',#4990,10.);
#777=VECTOR('',#4991,10.);
#778=VECTOR('',#4992,10.);
#779=VECTOR('',#4993,10.);
#780=VECTOR('',#4994,10.);
#781=VECTOR('',#4995,10.);
#782=VECTOR('',#4998,10.);
#783=VECTOR('',#4999,10.);
#784=VECTOR('',#5000,10.);
#785=VECTOR('',#5005,10.);
#786=VECTOR('',#5012,10.);
#787=VECTOR('',#5015,10.);
#788=VECTOR('',#5018,10.);
#789=VECTOR('',#5019,10.);
#790=VECTOR('',#5020,10.);
#791=VECTOR('',#5025,10.);
#792=VECTOR('',#5028,10.);
#793=VECTOR('',#5031,10.);
#794=VECTOR('',#5032,10.);
#795=VECTOR('',#5033,10.);
#796=VECTOR('',#5036,10.);
#797=VECTOR('',#5037,10.);
#798=VECTOR('',#5038,10.);
#799=VECTOR('',#5039,10.);
#800=VECTOR('',#5042,10.);
#801=VECTOR('',#5043,10.);
#802=VECTOR('',#5044,10.);
#803=VECTOR('',#5045,10.);
#804=VECTOR('',#5048,10.);
#805=VECTOR('',#5049,10.);
#806=VECTOR('',#5052,10.);
#807=VECTOR('',#5053,10.);
#808=VECTOR('',#5054,10.);
#809=VECTOR('',#5057,10.);
#810=VECTOR('',#5058,10.);
#811=VECTOR('',#5059,10.);
#812=VECTOR('',#5060,10.);
#813=VECTOR('',#5061,10.);
#814=VECTOR('',#5062,10.);
#815=VECTOR('',#5063,10.);
#816=VECTOR('',#5066,10.);
#817=VECTOR('',#5067,10.);
#818=VECTOR('',#5068,10.);
#819=VECTOR('',#5071,10.);
#820=VECTOR('',#5072,10.);
#821=VECTOR('',#5073,10.);
#822=VECTOR('',#5074,10.);
#823=VECTOR('',#5075,10.);
#824=VECTOR('',#5078,10.);
#825=VECTOR('',#5079,10.);
#826=VECTOR('',#5080,10.);
#827=VECTOR('',#5083,10.);
#828=VECTOR('',#5124,10.);
#829=VECTOR('',#5125,10.);
#830=VECTOR('',#5136,10.);
#831=VECTOR('',#5137,10.);
#832=VECTOR('',#5146,10.);
#833=VECTOR('',#5147,10.);
#834=VECTOR('',#5154,10.);
#835=VECTOR('',#5155,10.);
#836=VECTOR('',#5158,10.);
#837=VECTOR('',#5161,10.);
#838=VECTOR('',#5164,10.);
#839=VECTOR('',#5165,10.);
#840=VECTOR('',#5168,10.);
#841=VECTOR('',#5173,10.);
#842=VECTOR('',#5174,10.);
#843=VECTOR('',#5177,10.);
#844=VECTOR('',#5180,10.);
#845=VECTOR('',#5183,10.);
#846=VECTOR('',#5184,10.);
#847=VECTOR('',#5187,10.);
#848=VECTOR('',#5190,10.);
#849=VECTOR('',#5193,10.);
#850=VECTOR('',#5194,10.);
#851=VECTOR('',#5195,10.);
#852=VECTOR('',#5198,10.);
#853=VECTOR('',#5201,10.);
#854=VECTOR('',#5204,10.);
#855=VECTOR('',#5205,10.);
#856=VECTOR('',#5208,10.);
#857=VECTOR('',#5209,10.);
#858=VECTOR('',#5214,10.);
#859=VECTOR('',#5217,10.);
#860=VECTOR('',#5218,10.);
#861=VECTOR('',#5219,10.);
#862=VECTOR('',#5224,10.);
#863=VECTOR('',#5227,10.);
#864=VECTOR('',#5228,10.);
#865=VECTOR('',#5233,10.);
#866=VECTOR('',#5234,10.);
#867=VECTOR('',#5237,10.);
#868=VECTOR('',#5238,10.);
#869=VECTOR('',#5241,10.);
#870=VECTOR('',#5244,10.);
#871=VECTOR('',#5245,10.);
#872=VECTOR('',#5246,10.);
#873=VECTOR('',#5247,10.);
#874=VECTOR('',#5248,10.);
#875=VECTOR('',#5251,10.);
#876=VECTOR('',#5252,10.);
#877=VECTOR('',#5255,10.);
#878=VECTOR('',#5260,10.);
#879=VECTOR('',#5261,10.);
#880=VECTOR('',#5264,10.);
#881=VECTOR('',#5265,10.);
#882=VECTOR('',#5270,10.);
#883=VECTOR('',#5271,10.);
#884=VECTOR('',#5274,10.);
#885=VECTOR('',#5275,10.);
#886=VECTOR('',#5280,10.);
#887=VECTOR('',#5281,10.);
#888=VECTOR('',#5284,10.);
#889=VECTOR('',#5289,10.);
#890=VECTOR('',#5290,10.);
#891=VECTOR('',#5293,10.);
#892=VECTOR('',#5298,10.);
#893=VECTOR('',#5301,10.);
#894=VECTOR('',#5304,10.);
#895=VECTOR('',#5307,10.);
#896=VECTOR('',#5310,10.);
#897=VECTOR('',#5317,10.);
#898=VECTOR('',#5318,10.);
#899=VECTOR('',#5319,10.);
#900=VECTOR('',#5322,10.);
#901=VECTOR('',#5323,10.);
#902=VECTOR('',#5326,10.);
#903=VECTOR('',#5327,10.);
#904=VECTOR('',#5330,10.);
#905=VECTOR('',#5335,10.);
#906=VECTOR('',#5336,10.);
#907=VECTOR('',#5337,10.);
#908=VECTOR('',#5340,10.);
#909=VECTOR('',#5341,10.);
#910=VECTOR('',#5344,10.);
#911=VECTOR('',#5345,10.);
#912=VECTOR('',#5348,10.);
#913=VECTOR('',#5349,10.);
#914=VECTOR('',#5352,10.);
#915=VECTOR('',#5353,10.);
#916=VECTOR('',#5354,10.);
#917=VECTOR('',#5355,10.);
#918=VECTOR('',#5356,10.);
#919=VECTOR('',#5359,10.);
#920=VECTOR('',#5360,10.);
#921=VECTOR('',#5361,10.);
#922=VECTOR('',#5362,10.);
#923=VECTOR('',#5363,10.);
#924=VECTOR('',#5366,10.);
#925=VECTOR('',#5369,10.);
#926=VECTOR('',#5370,10.);
#927=VECTOR('',#5371,10.);
#928=VECTOR('',#5372,10.);
#929=VECTOR('',#5373,10.);
#930=VECTOR('',#5374,10.);
#931=VECTOR('',#5375,10.);
#932=VECTOR('',#5376,10.);
#933=VECTOR('',#5377,10.);
#934=VECTOR('',#5380,10.);
#935=VECTOR('',#5381,10.);
#936=VECTOR('',#5384,10.);
#937=VECTOR('',#5385,10.);
#938=VECTOR('',#5386,10.);
#939=VECTOR('',#5387,10.);
#940=VECTOR('',#5388,10.);
#941=VECTOR('',#5389,10.);
#942=VECTOR('',#5390,10.);
#943=VECTOR('',#5391,10.);
#944=VECTOR('',#5392,10.);
#945=VECTOR('',#5393,10.);
#946=VECTOR('',#5394,10.);
#947=VECTOR('',#5397,10.);
#948=VECTOR('',#5398,10.);
#949=VECTOR('',#5399,10.);
#950=VECTOR('',#5400,10.);
#951=VECTOR('',#5403,10.);
#952=VECTOR('',#5404,10.);
#953=VECTOR('',#5405,10.);
#954=VECTOR('',#5406,10.);
#955=VECTOR('',#5407,10.);
#956=VECTOR('',#5408,10.);
#957=VECTOR('',#5409,10.);
#958=VECTOR('',#5410,10.);
#959=VECTOR('',#5411,10.);
#960=VECTOR('',#5412,10.);
#961=VECTOR('',#5413,10.);
#962=VECTOR('',#5414,10.);
#963=VECTOR('',#5415,10.);
#964=VECTOR('',#5416,10.);
#965=VECTOR('',#5417,10.);
#966=VECTOR('',#5424,10.);
#967=VECTOR('',#5425,10.);
#968=VECTOR('',#5428,10.);
#969=VECTOR('',#5429,10.);
#970=VECTOR('',#5432,10.);
#971=VECTOR('',#5433,10.);
#972=VECTOR('',#5436,10.);
#973=VECTOR('',#5437,10.);
#974=VECTOR('',#5440,10.);
#975=VECTOR('',#5441,10.);
#976=VECTOR('',#5444,10.);
#977=VECTOR('',#5445,10.);
#978=VECTOR('',#5448,10.);
#979=VECTOR('',#5449,10.);
#980=VECTOR('',#5452,10.);
#981=VECTOR('',#5453,10.);
#982=VECTOR('',#5456,10.);
#983=VECTOR('',#5461,10.);
#984=VECTOR('',#5462,10.);
#985=VECTOR('',#5463,10.);
#986=VECTOR('',#5466,10.);
#987=VECTOR('',#5467,10.);
#988=VECTOR('',#5468,10.);
#989=VECTOR('',#5469,10.);
#990=VECTOR('',#5470,10.);
#991=VECTOR('',#5471,10.);
#992=VECTOR('',#5474,10.);
#993=VECTOR('',#5475,10.);
#994=VECTOR('',#5478,10.);
#995=VECTOR('',#5479,10.);
#996=VECTOR('',#5482,10.);
#997=VECTOR('',#5483,10.);
#998=VECTOR('',#5484,10.);
#999=VECTOR('',#5485,10.);
#1000=VECTOR('',#5486,10.);
#1001=VECTOR('',#5487,10.);
#1002=VECTOR('',#5490,10.);
#1003=VECTOR('',#5491,10.);
#1004=VECTOR('',#5494,10.);
#1005=VECTOR('',#5495,10.);
#1006=VECTOR('',#5498,10.);
#1007=VECTOR('',#5503,10.);
#1008=VECTOR('',#5504,10.);
#1009=VECTOR('',#5505,10.);
#1010=VECTOR('',#5506,10.);
#1011=VECTOR('',#5507,10.);
#1012=VECTOR('',#5508,10.);
#1013=VECTOR('',#5509,10.);
#1014=VECTOR('',#5510,10.);
#1015=VECTOR('',#5511,10.);
#1016=VECTOR('',#5512,10.);
#1017=VECTOR('',#5513,10.);
#1018=VECTOR('',#5514,10.);
#1019=VECTOR('',#5515,10.);
#1020=VECTOR('',#5516,10.);
#1021=VECTOR('',#5517,10.);
#1022=VECTOR('',#5518,10.);
#1023=VECTOR('',#5519,10.);
#1024=VECTOR('',#5520,10.);
#1025=VECTOR('',#5523,10.);
#1026=VECTOR('',#5524,10.);
#1027=VECTOR('',#5525,10.);
#1028=VECTOR('',#5526,10.);
#1029=VECTOR('',#5527,10.);
#1030=VECTOR('',#5528,10.);
#1031=VECTOR('',#5529,10.);
#1032=VECTOR('',#5530,10.);
#1033=VECTOR('',#5531,10.);
#1034=VECTOR('',#5532,10.);
#1035=VECTOR('',#5533,10.);
#1036=VECTOR('',#5534,10.);
#1037=VECTOR('',#5535,10.);
#1038=VECTOR('',#5536,10.);
#1039=VECTOR('',#5537,10.);
#1040=VECTOR('',#5544,10.);
#1041=VECTOR('',#5547,10.);
#1042=VECTOR('',#5558,10.);
#1043=VECTOR('',#5559,10.);
#1044=VECTOR('',#5568,10.);
#1045=VECTOR('',#5569,10.);
#1046=VECTOR('',#5572,10.);
#1047=VECTOR('',#5573,10.);
#1048=VECTOR('',#5574,10.);
#1049=VECTOR('',#5575,10.);
#1050=VECTOR('',#5588,10.);
#1051=VECTOR('',#5589,10.);
#1052=VECTOR('',#5598,10.);
#1053=VECTOR('',#5599,10.);
#1054=VECTOR('',#5600,10.);
#1055=VECTOR('',#5603,10.);
#1056=VECTOR('',#5608,10.);
#1057=VECTOR('',#5611,10.);
#1058=VECTOR('',#5624,10.);
#1059=VECTOR('',#5633,10.);
#1060=VECTOR('',#5642,10.);
#1061=VECTOR('',#5653,10.);
#1062=VECTOR('',#5654,10.);
#1063=VECTOR('',#5659,10.);
#1064=VECTOR('',#5662,10.);
#1065=VECTOR('',#5667,10.);
#1066=VECTOR('',#5670,10.);
#1067=VECTOR('',#5681,10.);
#1068=VECTOR('',#5690,10.);
#1069=VECTOR('',#5693,10.);
#1070=VECTOR('',#5698,11.);
#1071=VECTOR('',#5701,10.);
#1072=VECTOR('',#5702,10.);
#1073=VECTOR('',#5703,10.);
#1074=VECTOR('',#5706,10.);
#1075=VECTOR('',#5709,10.);
#1076=VECTOR('',#5712,10.);
#1077=VECTOR('',#5715,10.);
#1078=VECTOR('',#5718,10.);
#1079=VECTOR('',#5719,10.);
#1080=VECTOR('',#5724,10.);
#1081=VECTOR('',#5727,10.);
#1082=VECTOR('',#5730,10.);
#1083=VECTOR('',#5739,10.);
#1084=VECTOR('',#5740,10.);
#1085=VECTOR('',#5743,10.);
#1086=VECTOR('',#5750,10.);
#1087=CYLINDRICAL_SURFACE('',#4521,10.5);
#1088=CYLINDRICAL_SURFACE('',#4526,3.);
#1089=CYLINDRICAL_SURFACE('',#4528,3.);
#1090=CYLINDRICAL_SURFACE('',#4534,3.);
#1091=CYLINDRICAL_SURFACE('',#4540,3.);
#1092=CYLINDRICAL_SURFACE('',#4542,3.);
#1093=CYLINDRICAL_SURFACE('',#4544,3.);
#1094=CYLINDRICAL_SURFACE('',#4547,3.);
#1095=CYLINDRICAL_SURFACE('',#4548,3.);
#1096=CYLINDRICAL_SURFACE('',#4552,3.);
#1097=CYLINDRICAL_SURFACE('',#4555,3.);
#1098=CYLINDRICAL_SURFACE('',#4557,3.);
#1099=CYLINDRICAL_SURFACE('',#4560,3.);
#1100=CYLINDRICAL_SURFACE('',#4574,2.);
#1101=CYLINDRICAL_SURFACE('',#4577,1.25);
#1102=CYLINDRICAL_SURFACE('',#4581,1.25);
#1103=CYLINDRICAL_SURFACE('',#4612,2.);
#1104=CYLINDRICAL_SURFACE('',#4618,2.);
#1105=CYLINDRICAL_SURFACE('',#4622,2.);
#1106=CYLINDRICAL_SURFACE('',#4625,2.);
#1107=CYLINDRICAL_SURFACE('',#4626,2.);
#1108=CYLINDRICAL_SURFACE('',#4629,2.);
#1109=CYLINDRICAL_SURFACE('',#4639,2.);
#1110=CYLINDRICAL_SURFACE('',#4640,2.);
#1111=CYLINDRICAL_SURFACE('',#4642,2.);
#1112=CYLINDRICAL_SURFACE('',#4648,2.);
#1113=CYLINDRICAL_SURFACE('',#4653,2.);
#1114=CYLINDRICAL_SURFACE('',#4655,2.);
#1115=CYLINDRICAL_SURFACE('',#4658,0.75);
#1116=CYLINDRICAL_SURFACE('',#4661,0.75);
#1117=CYLINDRICAL_SURFACE('',#4664,0.75);
#1118=CYLINDRICAL_SURFACE('',#4667,0.75);
#1119=CYLINDRICAL_SURFACE('',#4717,5.);
#1120=CYLINDRICAL_SURFACE('',#4722,5.);
#1121=CYLINDRICAL_SURFACE('',#4727,5.);
#1122=CYLINDRICAL_SURFACE('',#4733,5.);
#1123=CYLINDRICAL_SURFACE('',#4739,5.);
#1124=CYLINDRICAL_SURFACE('',#4741,5.);
#1125=CYLINDRICAL_SURFACE('',#4747,5.);
#1126=CYLINDRICAL_SURFACE('',#4751,5.);
#1127=CYLINDRICAL_SURFACE('',#4755,5.);
#1128=CYLINDRICAL_SURFACE('',#4761,5.);
#1129=CYLINDRICAL_SURFACE('',#4762,5.);
#1130=CYLINDRICAL_SURFACE('',#4767,51.);
#1131=CYLINDRICAL_SURFACE('',#4769,2.);
#1132=CYLINDRICAL_SURFACE('',#4772,2.);
#1133=CYLINDRICAL_SURFACE('',#4775,2.);
#1134=CYLINDRICAL_SURFACE('',#4777,2.);
#1135=CYLINDRICAL_SURFACE('',#4778,11.);
#1136=CYLINDRICAL_SURFACE('',#4781,2.5);
#1137=CYLINDRICAL_SURFACE('',#4783,2.5);
#1138=CYLINDRICAL_SURFACE('',#4784,10.);
#1139=CYLINDRICAL_SURFACE('',#4785,10.);
#1140=FACE_OUTER_BOUND('',#1389,.T.);
#1141=FACE_OUTER_BOUND('',#1390,.T.);
#1142=FACE_OUTER_BOUND('',#1391,.T.);
#1143=FACE_OUTER_BOUND('',#1392,.T.);
#1144=FACE_OUTER_BOUND('',#1393,.T.);
#1145=FACE_OUTER_BOUND('',#1394,.T.);
#1146=FACE_OUTER_BOUND('',#1395,.T.);
#1147=FACE_OUTER_BOUND('',#1396,.T.);
#1148=FACE_OUTER_BOUND('',#1397,.T.);
#1149=FACE_OUTER_BOUND('',#1398,.T.);
#1150=FACE_OUTER_BOUND('',#1399,.T.);
#1151=FACE_OUTER_BOUND('',#1400,.T.);
#1152=FACE_OUTER_BOUND('',#1401,.T.);
#1153=FACE_OUTER_BOUND('',#1402,.T.);
#1154=FACE_OUTER_BOUND('',#1403,.T.);
#1155=FACE_OUTER_BOUND('',#1404,.T.);
#1156=FACE_OUTER_BOUND('',#1405,.T.);
#1157=FACE_OUTER_BOUND('',#1406,.T.);
#1158=FACE_OUTER_BOUND('',#1407,.T.);
#1159=FACE_OUTER_BOUND('',#1408,.T.);
#1160=FACE_OUTER_BOUND('',#1409,.T.);
#1161=FACE_OUTER_BOUND('',#1410,.T.);
#1162=FACE_OUTER_BOUND('',#1411,.T.);
#1163=FACE_OUTER_BOUND('',#1412,.T.);
#1164=FACE_OUTER_BOUND('',#1422,.T.);
#1165=FACE_OUTER_BOUND('',#1423,.T.);
#1166=FACE_OUTER_BOUND('',#1424,.T.);
#1167=FACE_OUTER_BOUND('',#1425,.T.);
#1168=FACE_OUTER_BOUND('',#1426,.T.);
#1169=FACE_OUTER_BOUND('',#1427,.T.);
#1170=FACE_OUTER_BOUND('',#1428,.T.);
#1171=FACE_OUTER_BOUND('',#1429,.T.);
#1172=FACE_OUTER_BOUND('',#1430,.T.);
#1173=FACE_OUTER_BOUND('',#1431,.T.);
#1174=FACE_OUTER_BOUND('',#1432,.T.);
#1175=FACE_OUTER_BOUND('',#1433,.T.);
#1176=FACE_OUTER_BOUND('',#1434,.T.);
#1177=FACE_OUTER_BOUND('',#1435,.T.);
#1178=FACE_OUTER_BOUND('',#1436,.T.);
#1179=FACE_OUTER_BOUND('',#1437,.T.);
#1180=FACE_OUTER_BOUND('',#1438,.T.);
#1181=FACE_OUTER_BOUND('',#1439,.T.);
#1182=FACE_OUTER_BOUND('',#1440,.T.);
#1183=FACE_OUTER_BOUND('',#1441,.T.);
#1184=FACE_OUTER_BOUND('',#1442,.T.);
#1185=FACE_OUTER_BOUND('',#1443,.T.);
#1186=FACE_OUTER_BOUND('',#1444,.T.);
#1187=FACE_OUTER_BOUND('',#1445,.T.);
#1188=FACE_OUTER_BOUND('',#1446,.T.);
#1189=FACE_OUTER_BOUND('',#1447,.T.);
#1190=FACE_OUTER_BOUND('',#1448,.T.);
#1191=FACE_OUTER_BOUND('',#1449,.T.);
#1192=FACE_OUTER_BOUND('',#1450,.T.);
#1193=FACE_OUTER_BOUND('',#1451,.T.);
#1194=FACE_OUTER_BOUND('',#1452,.T.);
#1195=FACE_OUTER_BOUND('',#1453,.T.);
#1196=FACE_OUTER_BOUND('',#1455,.T.);
#1197=FACE_OUTER_BOUND('',#1457,.T.);
#1198=FACE_OUTER_BOUND('',#1458,.T.);
#1199=FACE_OUTER_BOUND('',#1459,.T.);
#1200=FACE_OUTER_BOUND('',#1460,.T.);
#1201=FACE_OUTER_BOUND('',#1462,.T.);
#1202=FACE_OUTER_BOUND('',#1463,.T.);
#1203=FACE_OUTER_BOUND('',#1464,.T.);
#1204=FACE_OUTER_BOUND('',#1465,.T.);
#1205=FACE_OUTER_BOUND('',#1466,.T.);
#1206=FACE_OUTER_BOUND('',#1467,.T.);
#1207=FACE_OUTER_BOUND('',#1468,.T.);
#1208=FACE_OUTER_BOUND('',#1469,.T.);
#1209=FACE_OUTER_BOUND('',#1470,.T.);
#1210=FACE_OUTER_BOUND('',#1471,.T.);
#1211=FACE_OUTER_BOUND('',#1472,.T.);
#1212=FACE_OUTER_BOUND('',#1473,.T.);
#1213=FACE_OUTER_BOUND('',#1474,.T.);
#1214=FACE_OUTER_BOUND('',#1475,.T.);
#1215=FACE_OUTER_BOUND('',#1476,.T.);
#1216=FACE_OUTER_BOUND('',#1477,.T.);
#1217=FACE_OUTER_BOUND('',#1478,.T.);
#1218=FACE_OUTER_BOUND('',#1479,.T.);
#1219=FACE_OUTER_BOUND('',#1480,.T.);
#1220=FACE_OUTER_BOUND('',#1481,.T.);
#1221=FACE_OUTER_BOUND('',#1482,.T.);
#1222=FACE_OUTER_BOUND('',#1483,.T.);
#1223=FACE_OUTER_BOUND('',#1484,.T.);
#1224=FACE_OUTER_BOUND('',#1485,.T.);
#1225=FACE_OUTER_BOUND('',#1486,.T.);
#1226=FACE_OUTER_BOUND('',#1487,.T.);
#1227=FACE_OUTER_BOUND('',#1488,.T.);
#1228=FACE_OUTER_BOUND('',#1489,.T.);
#1229=FACE_OUTER_BOUND('',#1490,.T.);
#1230=FACE_OUTER_BOUND('',#1491,.T.);
#1231=FACE_OUTER_BOUND('',#1492,.T.);
#1232=FACE_OUTER_BOUND('',#1493,.T.);
#1233=FACE_OUTER_BOUND('',#1494,.T.);
#1234=FACE_OUTER_BOUND('',#1495,.T.);
#1235=FACE_OUTER_BOUND('',#1496,.T.);
#1236=FACE_OUTER_BOUND('',#1497,.T.);
#1237=FACE_OUTER_BOUND('',#1498,.T.);
#1238=FACE_OUTER_BOUND('',#1499,.T.);
#1239=FACE_OUTER_BOUND('',#1500,.T.);
#1240=FACE_OUTER_BOUND('',#1501,.T.);
#1241=FACE_OUTER_BOUND('',#1502,.T.);
#1242=FACE_OUTER_BOUND('',#1503,.T.);
#1243=FACE_OUTER_BOUND('',#1504,.T.);
#1244=FACE_OUTER_BOUND('',#1505,.T.);
#1245=FACE_OUTER_BOUND('',#1506,.T.);
#1246=FACE_OUTER_BOUND('',#1507,.T.);
#1247=FACE_OUTER_BOUND('',#1508,.T.);
#1248=FACE_OUTER_BOUND('',#1509,.T.);
#1249=FACE_OUTER_BOUND('',#1510,.T.);
#1250=FACE_OUTER_BOUND('',#1511,.T.);
#1251=FACE_OUTER_BOUND('',#1512,.T.);
#1252=FACE_OUTER_BOUND('',#1513,.T.);
#1253=FACE_OUTER_BOUND('',#1514,.T.);
#1254=FACE_OUTER_BOUND('',#1515,.T.);
#1255=FACE_OUTER_BOUND('',#1516,.T.);
#1256=FACE_OUTER_BOUND('',#1517,.T.);
#1257=FACE_OUTER_BOUND('',#1518,.T.);
#1258=FACE_OUTER_BOUND('',#1519,.T.);
#1259=FACE_OUTER_BOUND('',#1520,.T.);
#1260=FACE_OUTER_BOUND('',#1521,.T.);
#1261=FACE_OUTER_BOUND('',#1522,.T.);
#1262=FACE_OUTER_BOUND('',#1523,.T.);
#1263=FACE_OUTER_BOUND('',#1524,.T.);
#1264=FACE_OUTER_BOUND('',#1525,.T.);
#1265=FACE_OUTER_BOUND('',#1526,.T.);
#1266=FACE_OUTER_BOUND('',#1527,.T.);
#1267=FACE_OUTER_BOUND('',#1528,.T.);
#1268=FACE_OUTER_BOUND('',#1529,.T.);
#1269=FACE_OUTER_BOUND('',#1530,.T.);
#1270=FACE_OUTER_BOUND('',#1531,.T.);
#1271=FACE_OUTER_BOUND('',#1532,.T.);
#1272=FACE_OUTER_BOUND('',#1533,.T.);
#1273=FACE_OUTER_BOUND('',#1534,.T.);
#1274=FACE_OUTER_BOUND('',#1535,.T.);
#1275=FACE_OUTER_BOUND('',#1536,.T.);
#1276=FACE_OUTER_BOUND('',#1537,.T.);
#1277=FACE_OUTER_BOUND('',#1538,.T.);
#1278=FACE_OUTER_BOUND('',#1539,.T.);
#1279=FACE_OUTER_BOUND('',#1540,.T.);
#1280=FACE_OUTER_BOUND('',#1542,.T.);
#1281=FACE_OUTER_BOUND('',#1543,.T.);
#1282=FACE_OUTER_BOUND('',#1544,.T.);
#1283=FACE_OUTER_BOUND('',#1545,.T.);
#1284=FACE_OUTER_BOUND('',#1546,.T.);
#1285=FACE_OUTER_BOUND('',#1547,.T.);
#1286=FACE_OUTER_BOUND('',#1548,.T.);
#1287=FACE_OUTER_BOUND('',#1549,.T.);
#1288=FACE_OUTER_BOUND('',#1550,.T.);
#1289=FACE_OUTER_BOUND('',#1551,.T.);
#1290=FACE_OUTER_BOUND('',#1552,.T.);
#1291=FACE_OUTER_BOUND('',#1553,.T.);
#1292=FACE_OUTER_BOUND('',#1554,.T.);
#1293=FACE_OUTER_BOUND('',#1555,.T.);
#1294=FACE_OUTER_BOUND('',#1556,.T.);
#1295=FACE_OUTER_BOUND('',#1557,.T.);
#1296=FACE_OUTER_BOUND('',#1558,.T.);
#1297=FACE_OUTER_BOUND('',#1559,.T.);
#1298=FACE_OUTER_BOUND('',#1560,.T.);
#1299=FACE_OUTER_BOUND('',#1561,.T.);
#1300=FACE_OUTER_BOUND('',#1562,.T.);
#1301=FACE_OUTER_BOUND('',#1563,.T.);
#1302=FACE_OUTER_BOUND('',#1564,.T.);
#1303=FACE_OUTER_BOUND('',#1565,.T.);
#1304=FACE_OUTER_BOUND('',#1566,.T.);
#1305=FACE_OUTER_BOUND('',#1567,.T.);
#1306=FACE_OUTER_BOUND('',#1568,.T.);
#1307=FACE_OUTER_BOUND('',#1569,.T.);
#1308=FACE_OUTER_BOUND('',#1570,.T.);
#1309=FACE_OUTER_BOUND('',#1571,.T.);
#1310=FACE_OUTER_BOUND('',#1572,.T.);
#1311=FACE_OUTER_BOUND('',#1573,.T.);
#1312=FACE_OUTER_BOUND('',#1574,.T.);
#1313=FACE_OUTER_BOUND('',#1575,.T.);
#1314=FACE_OUTER_BOUND('',#1576,.T.);
#1315=FACE_OUTER_BOUND('',#1577,.T.);
#1316=FACE_OUTER_BOUND('',#1578,.T.);
#1317=FACE_OUTER_BOUND('',#1579,.T.);
#1318=FACE_OUTER_BOUND('',#1580,.T.);
#1319=FACE_OUTER_BOUND('',#1581,.T.);
#1320=FACE_OUTER_BOUND('',#1582,.T.);
#1321=FACE_OUTER_BOUND('',#1583,.T.);
#1322=FACE_OUTER_BOUND('',#1584,.T.);
#1323=FACE_OUTER_BOUND('',#1585,.T.);
#1324=FACE_OUTER_BOUND('',#1586,.T.);
#1325=FACE_OUTER_BOUND('',#1587,.T.);
#1326=FACE_OUTER_BOUND('',#1588,.T.);
#1327=FACE_OUTER_BOUND('',#1589,.T.);
#1328=FACE_OUTER_BOUND('',#1590,.T.);
#1329=FACE_OUTER_BOUND('',#1591,.T.);
#1330=FACE_OUTER_BOUND('',#1592,.T.);
#1331=FACE_OUTER_BOUND('',#1593,.T.);
#1332=FACE_OUTER_BOUND('',#1594,.T.);
#1333=FACE_OUTER_BOUND('',#1595,.T.);
#1334=FACE_OUTER_BOUND('',#1596,.T.);
#1335=FACE_OUTER_BOUND('',#1597,.T.);
#1336=FACE_OUTER_BOUND('',#1598,.T.);
#1337=FACE_OUTER_BOUND('',#1599,.T.);
#1338=FACE_OUTER_BOUND('',#1600,.T.);
#1339=FACE_OUTER_BOUND('',#1601,.T.);
#1340=FACE_OUTER_BOUND('',#1602,.T.);
#1341=FACE_OUTER_BOUND('',#1603,.T.);
#1342=FACE_OUTER_BOUND('',#1604,.T.);
#1343=FACE_OUTER_BOUND('',#1605,.T.);
#1344=FACE_OUTER_BOUND('',#1606,.T.);
#1345=FACE_OUTER_BOUND('',#1607,.T.);
#1346=FACE_OUTER_BOUND('',#1608,.T.);
#1347=FACE_OUTER_BOUND('',#1611,.T.);
#1348=FACE_OUTER_BOUND('',#1612,.T.);
#1349=FACE_OUTER_BOUND('',#1613,.T.);
#1350=FACE_OUTER_BOUND('',#1614,.T.);
#1351=FACE_OUTER_BOUND('',#1615,.T.);
#1352=FACE_OUTER_BOUND('',#1616,.T.);
#1353=FACE_OUTER_BOUND('',#1617,.T.);
#1354=FACE_OUTER_BOUND('',#1618,.T.);
#1355=FACE_OUTER_BOUND('',#1619,.T.);
#1356=FACE_OUTER_BOUND('',#1620,.T.);
#1357=FACE_OUTER_BOUND('',#1621,.T.);
#1358=FACE_OUTER_BOUND('',#1622,.T.);
#1359=FACE_OUTER_BOUND('',#1623,.T.);
#1360=FACE_OUTER_BOUND('',#1624,.T.);
#1361=FACE_OUTER_BOUND('',#1625,.T.);
#1362=FACE_OUTER_BOUND('',#1626,.T.);
#1363=FACE_OUTER_BOUND('',#1627,.T.);
#1364=FACE_OUTER_BOUND('',#1628,.T.);
#1365=FACE_OUTER_BOUND('',#1629,.T.);
#1366=FACE_OUTER_BOUND('',#1630,.T.);
#1367=FACE_OUTER_BOUND('',#1631,.T.);
#1368=FACE_OUTER_BOUND('',#1632,.T.);
#1369=FACE_OUTER_BOUND('',#1633,.T.);
#1370=FACE_OUTER_BOUND('',#1634,.T.);
#1371=FACE_OUTER_BOUND('',#1635,.T.);
#1372=FACE_OUTER_BOUND('',#1636,.T.);
#1373=FACE_OUTER_BOUND('',#1637,.T.);
#1374=FACE_OUTER_BOUND('',#1638,.T.);
#1375=FACE_OUTER_BOUND('',#1639,.T.);
#1376=FACE_OUTER_BOUND('',#1640,.T.);
#1377=FACE_OUTER_BOUND('',#1641,.T.);
#1378=FACE_OUTER_BOUND('',#1642,.T.);
#1379=FACE_OUTER_BOUND('',#1643,.T.);
#1380=FACE_OUTER_BOUND('',#1644,.T.);
#1381=FACE_OUTER_BOUND('',#1646,.T.);
#1382=FACE_OUTER_BOUND('',#1647,.T.);
#1383=FACE_OUTER_BOUND('',#1648,.T.);
#1384=FACE_OUTER_BOUND('',#1649,.T.);
#1385=FACE_OUTER_BOUND('',#1650,.T.);
#1386=FACE_OUTER_BOUND('',#1651,.T.);
#1387=FACE_OUTER_BOUND('',#1652,.T.);
#1388=FACE_OUTER_BOUND('',#1653,.T.);
#1389=EDGE_LOOP('',(#2860,#2861,#2862));
#1390=EDGE_LOOP('',(#2863,#2864,#2865,#2866));
#1391=EDGE_LOOP('',(#2867,#2868,#2869));
#1392=EDGE_LOOP('',(#2870,#2871,#2872,#2873));
#1393=EDGE_LOOP('',(#2874,#2875,#2876,#2877));
#1394=EDGE_LOOP('',(#2878,#2879,#2880,#2881));
#1395=EDGE_LOOP('',(#2882,#2883,#2884));
#1396=EDGE_LOOP('',(#2885,#2886,#2887,#2888));
#1397=EDGE_LOOP('',(#2889,#2890,#2891));
#1398=EDGE_LOOP('',(#2892,#2893,#2894,#2895));
#1399=EDGE_LOOP('',(#2896,#2897,#2898,#2899));
#1400=EDGE_LOOP('',(#2900,#2901,#2902));
#1401=EDGE_LOOP('',(#2903,#2904,#2905,#2906));
#1402=EDGE_LOOP('',(#2907,#2908,#2909));
#1403=EDGE_LOOP('',(#2910,#2911,#2912,#2913));
#1404=EDGE_LOOP('',(#2914,#2915,#2916,#2917,#2918,#2919,#2920));
#1405=EDGE_LOOP('',(#2921,#2922,#2923,#2924));
#1406=EDGE_LOOP('',(#2925,#2926,#2927,#2928));
#1407=EDGE_LOOP('',(#2929,#2930,#2931,#2932));
#1408=EDGE_LOOP('',(#2933,#2934,#2935,#2936));
#1409=EDGE_LOOP('',(#2937,#2938,#2939,#2940));
#1410=EDGE_LOOP('',(#2941,#2942,#2943,#2944,#2945,#2946,#2947));
#1411=EDGE_LOOP('',(#2948,#2949,#2950,#2951,#2952,#2953));
#1412=EDGE_LOOP('',(#2954,#2955,#2956,#2957,#2958,#2959));
#1413=EDGE_LOOP('',(#2960,#2961,#2962,#2963,#2964,#2965,#2966,#2967,#2968));
#1414=EDGE_LOOP('',(#2969,#2970,#2971,#2972,#2973,#2974,#2975,#2976,#2977,
#2978,#2979,#2980,#2981,#2982,#2983,#2984,#2985,#2986,#2987,#2988,#2989,
#2990,#2991,#2992,#2993,#2994,#2995));
#1415=EDGE_LOOP('',(#2996,#2997,#2998,#2999,#3000,#3001,#3002,#3003,#3004,
#3005,#3006));
#1416=EDGE_LOOP('',(#3007,#3008,#3009,#3010,#3011,#3012,#3013,#3014,#3015,
#3016,#3017,#3018,#3019,#3020,#3021,#3022));
#1417=EDGE_LOOP('',(#3023,#3024,#3025,#3026,#3027,#3028,#3029,#3030,#3031,
#3032,#3033,#3034,#3035,#3036,#3037,#3038,#3039,#3040,#3041,#3042,#3043,
#3044,#3045,#3046,#3047,#3048,#3049,#3050,#3051,#3052,#3053));
#1418=EDGE_LOOP('',(#3054,#3055,#3056,#3057,#3058,#3059,#3060,#3061));
#1419=EDGE_LOOP('',(#3062,#3063,#3064,#3065));
#1420=EDGE_LOOP('',(#3066,#3067,#3068,#3069,#3070,#3071,#3072,#3073,#3074,
#3075,#3076,#3077,#3078));
#1421=EDGE_LOOP('',(#3079,#3080,#3081,#3082));
#1422=EDGE_LOOP('',(#3083,#3084,#3085,#3086));
#1423=EDGE_LOOP('',(#3087,#3088,#3089,#3090,#3091));
#1424=EDGE_LOOP('',(#3092,#3093,#3094,#3095));
#1425=EDGE_LOOP('',(#3096,#3097,#3098,#3099));
#1426=EDGE_LOOP('',(#3100,#3101,#3102,#3103));
#1427=EDGE_LOOP('',(#3104,#3105,#3106,#3107));
#1428=EDGE_LOOP('',(#3108,#3109,#3110,#3111));
#1429=EDGE_LOOP('',(#3112,#3113,#3114,#3115));
#1430=EDGE_LOOP('',(#3116,#3117,#3118,#3119));
#1431=EDGE_LOOP('',(#3120,#3121,#3122,#3123));
#1432=EDGE_LOOP('',(#3124,#3125,#3126,#3127,#3128,#3129,#3130,#3131));
#1433=EDGE_LOOP('',(#3132,#3133,#3134,#3135,#3136,#3137,#3138,#3139));
#1434=EDGE_LOOP('',(#3140,#3141,#3142,#3143,#3144,#3145,#3146,#3147));
#1435=EDGE_LOOP('',(#3148,#3149,#3150,#3151));
#1436=EDGE_LOOP('',(#3152,#3153,#3154,#3155));
#1437=EDGE_LOOP('',(#3156,#3157,#3158,#3159));
#1438=EDGE_LOOP('',(#3160,#3161,#3162,#3163));
#1439=EDGE_LOOP('',(#3164,#3165,#3166,#3167));
#1440=EDGE_LOOP('',(#3168,#3169,#3170,#3171));
#1441=EDGE_LOOP('',(#3172,#3173,#3174,#3175));
#1442=EDGE_LOOP('',(#3176,#3177,#3178,#3179));
#1443=EDGE_LOOP('',(#3180,#3181,#3182,#3183));
#1444=EDGE_LOOP('',(#3184,#3185,#3186,#3187));
#1445=EDGE_LOOP('',(#3188,#3189,#3190,#3191));
#1446=EDGE_LOOP('',(#3192,#3193,#3194,#3195));
#1447=EDGE_LOOP('',(#3196,#3197,#3198,#3199));
#1448=EDGE_LOOP('',(#3200,#3201,#3202,#3203));
#1449=EDGE_LOOP('',(#3204,#3205,#3206,#3207,#3208,#3209));
#1450=EDGE_LOOP('',(#3210,#3211,#3212,#3213));
#1451=EDGE_LOOP('',(#3214,#3215,#3216,#3217,#3218));
#1452=EDGE_LOOP('',(#3219,#3220,#3221));
#1453=EDGE_LOOP('',(#3222,#3223,#3224,#3225,#3226,#3227,#3228,#3229,#3230,
#3231,#3232));
#1454=EDGE_LOOP('',(#3233,#3234,#3235,#3236,#3237,#3238,#3239,#3240));
#1455=EDGE_LOOP('',(#3241,#3242,#3243,#3244,#3245,#3246,#3247,#3248));
#1456=EDGE_LOOP('',(#3249,#3250,#3251,#3252));
#1457=EDGE_LOOP('',(#3253,#3254,#3255,#3256));
#1458=EDGE_LOOP('',(#3257,#3258,#3259,#3260));
#1459=EDGE_LOOP('',(#3261,#3262,#3263,#3264,#3265));
#1460=EDGE_LOOP('',(#3266,#3267,#3268,#3269));
#1461=EDGE_LOOP('',(#3270,#3271,#3272,#3273,#3274,#3275));
#1462=EDGE_LOOP('',(#3276,#3277,#3278,#3279));
#1463=EDGE_LOOP('',(#3280,#3281,#3282,#3283,#3284,#3285,#3286));
#1464=EDGE_LOOP('',(#3287,#3288,#3289,#3290));
#1465=EDGE_LOOP('',(#3291,#3292,#3293,#3294));
#1466=EDGE_LOOP('',(#3295,#3296,#3297,#3298));
#1467=EDGE_LOOP('',(#3299,#3300,#3301,#3302,#3303,#3304,#3305,#3306,#3307));
#1468=EDGE_LOOP('',(#3308,#3309,#3310,#3311));
#1469=EDGE_LOOP('',(#3312,#3313,#3314,#3315));
#1470=EDGE_LOOP('',(#3316,#3317,#3318,#3319));
#1471=EDGE_LOOP('',(#3320,#3321,#3322,#3323));
#1472=EDGE_LOOP('',(#3324,#3325,#3326,#3327));
#1473=EDGE_LOOP('',(#3328,#3329,#3330,#3331));
#1474=EDGE_LOOP('',(#3332,#3333,#3334,#3335));
#1475=EDGE_LOOP('',(#3336,#3337,#3338,#3339));
#1476=EDGE_LOOP('',(#3340,#3341,#3342,#3343));
#1477=EDGE_LOOP('',(#3344,#3345,#3346,#3347));
#1478=EDGE_LOOP('',(#3348,#3349,#3350,#3351));
#1479=EDGE_LOOP('',(#3352,#3353,#3354,#3355));
#1480=EDGE_LOOP('',(#3356,#3357,#3358,#3359));
#1481=EDGE_LOOP('',(#3360,#3361,#3362,#3363));
#1482=EDGE_LOOP('',(#3364,#3365,#3366,#3367));
#1483=EDGE_LOOP('',(#3368,#3369,#3370,#3371));
#1484=EDGE_LOOP('',(#3372,#3373,#3374,#3375));
#1485=EDGE_LOOP('',(#3376,#3377,#3378,#3379));
#1486=EDGE_LOOP('',(#3380,#3381,#3382,#3383));
#1487=EDGE_LOOP('',(#3384,#3385,#3386,#3387));
#1488=EDGE_LOOP('',(#3388,#3389,#3390,#3391));
#1489=EDGE_LOOP('',(#3392,#3393,#3394,#3395));
#1490=EDGE_LOOP('',(#3396,#3397,#3398,#3399));
#1491=EDGE_LOOP('',(#3400,#3401,#3402,#3403));
#1492=EDGE_LOOP('',(#3404,#3405,#3406,#3407));
#1493=EDGE_LOOP('',(#3408,#3409,#3410,#3411));
#1494=EDGE_LOOP('',(#3412,#3413,#3414,#3415));
#1495=EDGE_LOOP('',(#3416,#3417,#3418,#3419));
#1496=EDGE_LOOP('',(#3420,#3421,#3422,#3423));
#1497=EDGE_LOOP('',(#3424,#3425,#3426,#3427));
#1498=EDGE_LOOP('',(#3428,#3429,#3430,#3431));
#1499=EDGE_LOOP('',(#3432,#3433,#3434,#3435));
#1500=EDGE_LOOP('',(#3436,#3437,#3438,#3439));
#1501=EDGE_LOOP('',(#3440,#3441,#3442,#3443));
#1502=EDGE_LOOP('',(#3444,#3445,#3446,#3447));
#1503=EDGE_LOOP('',(#3448,#3449,#3450,#3451,#3452,#3453,#3454,#3455,#3456,
#3457,#3458,#3459,#3460));
#1504=EDGE_LOOP('',(#3461,#3462,#3463,#3464));
#1505=EDGE_LOOP('',(#3465,#3466,#3467,#3468));
#1506=EDGE_LOOP('',(#3469,#3470,#3471,#3472));
#1507=EDGE_LOOP('',(#3473,#3474,#3475,#3476));
#1508=EDGE_LOOP('',(#3477,#3478,#3479,#3480));
#1509=EDGE_LOOP('',(#3481,#3482,#3483,#3484));
#1510=EDGE_LOOP('',(#3485,#3486,#3487,#3488));
#1511=EDGE_LOOP('',(#3489,#3490,#3491,#3492));
#1512=EDGE_LOOP('',(#3493,#3494,#3495,#3496));
#1513=EDGE_LOOP('',(#3497,#3498,#3499,#3500));
#1514=EDGE_LOOP('',(#3501,#3502,#3503,#3504));
#1515=EDGE_LOOP('',(#3505,#3506,#3507,#3508));
#1516=EDGE_LOOP('',(#3509,#3510,#3511,#3512));
#1517=EDGE_LOOP('',(#3513,#3514,#3515,#3516));
#1518=EDGE_LOOP('',(#3517,#3518,#3519,#3520));
#1519=EDGE_LOOP('',(#3521,#3522,#3523,#3524));
#1520=EDGE_LOOP('',(#3525,#3526,#3527,#3528));
#1521=EDGE_LOOP('',(#3529,#3530,#3531,#3532));
#1522=EDGE_LOOP('',(#3533,#3534,#3535,#3536));
#1523=EDGE_LOOP('',(#3537,#3538,#3539,#3540));
#1524=EDGE_LOOP('',(#3541,#3542,#3543,#3544));
#1525=EDGE_LOOP('',(#3545,#3546,#3547,#3548));
#1526=EDGE_LOOP('',(#3549,#3550,#3551,#3552));
#1527=EDGE_LOOP('',(#3553,#3554,#3555,#3556));
#1528=EDGE_LOOP('',(#3557,#3558,#3559,#3560));
#1529=EDGE_LOOP('',(#3561,#3562,#3563,#3564));
#1530=EDGE_LOOP('',(#3565,#3566,#3567,#3568));
#1531=EDGE_LOOP('',(#3569,#3570,#3571,#3572));
#1532=EDGE_LOOP('',(#3573,#3574,#3575,#3576));
#1533=EDGE_LOOP('',(#3577,#3578,#3579,#3580));
#1534=EDGE_LOOP('',(#3581,#3582,#3583,#3584));
#1535=EDGE_LOOP('',(#3585,#3586,#3587,#3588));
#1536=EDGE_LOOP('',(#3589,#3590,#3591,#3592));
#1537=EDGE_LOOP('',(#3593,#3594,#3595,#3596));
#1538=EDGE_LOOP('',(#3597,#3598,#3599,#3600));
#1539=EDGE_LOOP('',(#3601,#3602,#3603,#3604));
#1540=EDGE_LOOP('',(#3605,#3606,#3607,#3608,#3609,#3610,#3611,#3612,#3613,
#3614,#3615,#3616,#3617,#3618,#3619,#3620,#3621,#3622,#3623,#3624,#3625,
#3626,#3627,#3628,#3629,#3630,#3631));
#1541=EDGE_LOOP('',(#3632,#3633,#3634,#3635,#3636,#3637,#3638,#3639,#3640));
#1542=EDGE_LOOP('',(#3641,#3642,#3643,#3644,#3645,#3646,#3647,#3648,#3649));
#1543=EDGE_LOOP('',(#3650,#3651,#3652,#3653));
#1544=EDGE_LOOP('',(#3654,#3655,#3656,#3657));
#1545=EDGE_LOOP('',(#3658,#3659,#3660,#3661));
#1546=EDGE_LOOP('',(#3662,#3663,#3664,#3665));
#1547=EDGE_LOOP('',(#3666,#3667,#3668,#3669));
#1548=EDGE_LOOP('',(#3670,#3671,#3672,#3673));
#1549=EDGE_LOOP('',(#3674,#3675,#3676,#3677));
#1550=EDGE_LOOP('',(#3678,#3679,#3680,#3681));
#1551=EDGE_LOOP('',(#3682,#3683,#3684,#3685));
#1552=EDGE_LOOP('',(#3686,#3687,#3688,#3689,#3690,#3691,#3692,#3693,#3694,
#3695,#3696));
#1553=EDGE_LOOP('',(#3697,#3698,#3699,#3700));
#1554=EDGE_LOOP('',(#3701,#3702,#3703,#3704));
#1555=EDGE_LOOP('',(#3705,#3706,#3707,#3708));
#1556=EDGE_LOOP('',(#3709,#3710,#3711,#3712));
#1557=EDGE_LOOP('',(#3713,#3714,#3715,#3716));
#1558=EDGE_LOOP('',(#3717,#3718,#3719,#3720));
#1559=EDGE_LOOP('',(#3721,#3722,#3723,#3724));
#1560=EDGE_LOOP('',(#3725,#3726,#3727,#3728));
#1561=EDGE_LOOP('',(#3729,#3730,#3731,#3732));
#1562=EDGE_LOOP('',(#3733,#3734,#3735,#3736));
#1563=EDGE_LOOP('',(#3737,#3738,#3739,#3740));
#1564=EDGE_LOOP('',(#3741,#3742,#3743,#3744));
#1565=EDGE_LOOP('',(#3745,#3746,#3747,#3748));
#1566=EDGE_LOOP('',(#3749,#3750,#3751,#3752));
#1567=EDGE_LOOP('',(#3753,#3754,#3755,#3756));
#1568=EDGE_LOOP('',(#3757,#3758,#3759,#3760));
#1569=EDGE_LOOP('',(#3761,#3762,#3763,#3764,#3765,#3766,#3767,#3768,#3769,
#3770,#3771,#3772,#3773,#3774,#3775,#3776));
#1570=EDGE_LOOP('',(#3777,#3778,#3779,#3780));
#1571=EDGE_LOOP('',(#3781,#3782,#3783,#3784));
#1572=EDGE_LOOP('',(#3785,#3786,#3787,#3788));
#1573=EDGE_LOOP('',(#3789,#3790,#3791,#3792));
#1574=EDGE_LOOP('',(#3793,#3794,#3795,#3796));
#1575=EDGE_LOOP('',(#3797,#3798,#3799,#3800));
#1576=EDGE_LOOP('',(#3801,#3802,#3803,#3804));
#1577=EDGE_LOOP('',(#3805,#3806,#3807,#3808));
#1578=EDGE_LOOP('',(#3809,#3810,#3811,#3812));
#1579=EDGE_LOOP('',(#3813,#3814,#3815,#3816));
#1580=EDGE_LOOP('',(#3817,#3818,#3819,#3820));
#1581=EDGE_LOOP('',(#3821,#3822,#3823,#3824));
#1582=EDGE_LOOP('',(#3825,#3826,#3827,#3828));
#1583=EDGE_LOOP('',(#3829,#3830,#3831,#3832));
#1584=EDGE_LOOP('',(#3833,#3834,#3835,#3836));
#1585=EDGE_LOOP('',(#3837,#3838,#3839,#3840));
#1586=EDGE_LOOP('',(#3841,#3842,#3843,#3844));
#1587=EDGE_LOOP('',(#3845,#3846,#3847,#3848));
#1588=EDGE_LOOP('',(#3849,#3850,#3851,#3852));
#1589=EDGE_LOOP('',(#3853,#3854,#3855,#3856));
#1590=EDGE_LOOP('',(#3857,#3858,#3859,#3860));
#1591=EDGE_LOOP('',(#3861,#3862,#3863,#3864));
#1592=EDGE_LOOP('',(#3865,#3866,#3867,#3868));
#1593=EDGE_LOOP('',(#3869,#3870,#3871,#3872));
#1594=EDGE_LOOP('',(#3873,#3874,#3875,#3876));
#1595=EDGE_LOOP('',(#3877,#3878,#3879,#3880));
#1596=EDGE_LOOP('',(#3881,#3882,#3883,#3884));
#1597=EDGE_LOOP('',(#3885,#3886,#3887,#3888));
#1598=EDGE_LOOP('',(#3889,#3890,#3891,#3892));
#1599=EDGE_LOOP('',(#3893,#3894,#3895,#3896));
#1600=EDGE_LOOP('',(#3897,#3898,#3899,#3900));
#1601=EDGE_LOOP('',(#3901,#3902,#3903,#3904,#3905,#3906,#3907,#3908,#3909,
#3910,#3911,#3912,#3913,#3914,#3915,#3916,#3917,#3918,#3919,#3920,#3921,
#3922,#3923,#3924,#3925,#3926,#3927,#3928,#3929,#3930,#3931));
#1602=EDGE_LOOP('',(#3932,#3933,#3934,#3935,#3936,#3937,#3938,#3939));
#1603=EDGE_LOOP('',(#3940,#3941,#3942,#3943,#3944));
#1604=EDGE_LOOP('',(#3945,#3946,#3947,#3948));
#1605=EDGE_LOOP('',(#3949,#3950,#3951,#3952));
#1606=EDGE_LOOP('',(#3953,#3954,#3955,#3956));
#1607=EDGE_LOOP('',(#3957,#3958,#3959,#3960,#3961));
#1608=EDGE_LOOP('',(#3962,#3963,#3964,#3965,#3966,#3967));
#1609=EDGE_LOOP('',(#3968,#3969,#3970,#3971,#3972,#3973,#3974,#3975));
#1610=EDGE_LOOP('',(#3976,#3977,#3978,#3979));
#1611=EDGE_LOOP('',(#3980,#3981,#3982));
#1612=EDGE_LOOP('',(#3983,#3984,#3985,#3986));
#1613=EDGE_LOOP('',(#3987,#3988,#3989));
#1614=EDGE_LOOP('',(#3990,#3991,#3992,#3993));
#1615=EDGE_LOOP('',(#3994,#3995,#3996,#3997));
#1616=EDGE_LOOP('',(#3998,#3999,#4000,#4001));
#1617=EDGE_LOOP('',(#4002,#4003,#4004,#4005));
#1618=EDGE_LOOP('',(#4006,#4007,#4008,#4009));
#1619=EDGE_LOOP('',(#4010,#4011,#4012,#4013));
#1620=EDGE_LOOP('',(#4014,#4015,#4016,#4017));
#1621=EDGE_LOOP('',(#4018,#4019,#4020,#4021));
#1622=EDGE_LOOP('',(#4022,#4023,#4024,#4025));
#1623=EDGE_LOOP('',(#4026,#4027,#4028,#4029));
#1624=EDGE_LOOP('',(#4030,#4031,#4032,#4033));
#1625=EDGE_LOOP('',(#4034,#4035,#4036,#4037));
#1626=EDGE_LOOP('',(#4038,#4039,#4040,#4041,#4042,#4043,#4044,#4045,#4046,
#4047,#4048,#4049));
#1627=EDGE_LOOP('',(#4050,#4051,#4052,#4053));
#1628=EDGE_LOOP('',(#4054,#4055,#4056,#4057));
#1629=EDGE_LOOP('',(#4058,#4059,#4060,#4061));
#1630=EDGE_LOOP('',(#4062,#4063,#4064,#4065));
#1631=EDGE_LOOP('',(#4066,#4067,#4068,#4069,#4070,#4071));
#1632=EDGE_LOOP('',(#4072,#4073,#4074,#4075));
#1633=EDGE_LOOP('',(#4076,#4077,#4078,#4079));
#1634=EDGE_LOOP('',(#4080,#4081,#4082,#4083,#4084,#4085,#4086,#4087,#4088,
#4089));
#1635=EDGE_LOOP('',(#4090,#4091,#4092,#4093));
#1636=EDGE_LOOP('',(#4094,#4095,#4096,#4097,#4098,#4099,#4100,#4101));
#1637=EDGE_LOOP('',(#4102,#4103,#4104,#4105,#4106,#4107,#4108,#4109));
#1638=EDGE_LOOP('',(#4110,#4111,#4112,#4113));
#1639=EDGE_LOOP('',(#4114,#4115,#4116,#4117));
#1640=EDGE_LOOP('',(#4118,#4119,#4120,#4121,#4122,#4123,#4124,#4125));
#1641=EDGE_LOOP('',(#4126,#4127,#4128,#4129));
#1642=EDGE_LOOP('',(#4130,#4131,#4132,#4133));
#1643=EDGE_LOOP('',(#4134,#4135,#4136,#4137,#4138,#4139,#4140,#4141));
#1644=EDGE_LOOP('',(#4142,#4143,#4144,#4145));
#1645=EDGE_LOOP('',(#4146,#4147,#4148,#4149,#4150,#4151));
#1646=EDGE_LOOP('',(#4152,#4153,#4154,#4155));
#1647=EDGE_LOOP('',(#4156,#4157,#4158,#4159));
#1648=EDGE_LOOP('',(#4160,#4161,#4162,#4163,#4164,#4165,#4166));
#1649=EDGE_LOOP('',(#4167,#4168,#4169,#4170));
#1650=EDGE_LOOP('',(#4171,#4172,#4173,#4174,#4175));
#1651=EDGE_LOOP('',(#4176,#4177,#4178,#4179));
#1652=EDGE_LOOP('',(#4180,#4181,#4182,#4183));
#1653=EDGE_LOOP('',(#4184,#4185,#4186,#4187));
#1654=ELLIPSE('',#4519,10.784577240492,3.);
#1655=ELLIPSE('',#4520,10.784577240492,3.);
#1656=ELLIPSE('',#4523,10.784577240492,3.);
#1657=ELLIPSE('',#4524,10.784577240492,3.);
#1658=ELLIPSE('',#4543,3.02588688174046,3.);
#1659=ELLIPSE('',#4546,3.02588688174046,3.);
#1660=ELLIPSE('',#4575,2.82842712474619,2.);
#1661=ELLIPSE('',#4633,5.17638090205042,5.);
#1662=ELLIPSE('',#4634,5.17638090205041,5.);
#1663=ELLIPSE('',#4770,2.82842712474617,2.);
#1664=ELLIPSE('',#4771,2.82842712474621,2.);
#1665=ELLIPSE('',#4773,2.82842712474618,2.);
#1666=ELLIPSE('',#4774,2.82842712474619,2.);
#1667=CIRCLE('',#4518,10.5);
#1668=CIRCLE('',#4522,10.5);
#1669=CIRCLE('',#4527,3.);
#1670=CIRCLE('',#4529,3.);
#1671=CIRCLE('',#4531,3.);
#1672=CIRCLE('',#4532,2.99999999999999);
#1673=CIRCLE('',#4533,3.);
#1674=CIRCLE('',#4535,3.);
#1675=CIRCLE('',#4537,3.);
#1676=CIRCLE('',#4538,2.99999999999999);
#1677=CIRCLE('',#4541,3.);
#1678=CIRCLE('',#4545,3.);
#1679=CIRCLE('',#4549,3.);
#1680=CIRCLE('',#4553,3.);
#1681=CIRCLE('',#4556,3.);
#1682=CIRCLE('',#4558,3.);
#1683=CIRCLE('',#4561,3.);
#1684=CIRCLE('',#4562,3.);
#1685=CIRCLE('',#4564,5.);
#1686=CIRCLE('',#4565,5.);
#1687=CIRCLE('',#4566,2.);
#1688=CIRCLE('',#4567,2.);
#1689=CIRCLE('',#4568,2.);
#1690=CIRCLE('',#4569,0.75);
#1691=CIRCLE('',#4570,0.75);
#1692=CIRCLE('',#4571,0.75);
#1693=CIRCLE('',#4572,0.75);
#1694=CIRCLE('',#4576,2.);
#1695=CIRCLE('',#4578,1.25);
#1696=CIRCLE('',#4579,1.25);
#1697=CIRCLE('',#4582,1.25);
#1698=CIRCLE('',#4583,1.25);
#1699=CIRCLE('',#4595,2.);
#1700=CIRCLE('',#4596,2.);
#1701=CIRCLE('',#4597,2.);
#1702=CIRCLE('',#4598,4.);
#1703=CIRCLE('',#4600,2.);
#1704=CIRCLE('',#4601,2.00000000000001);
#1705=CIRCLE('',#4603,2.);
#1706=CIRCLE('',#4604,4.);
#1707=CIRCLE('',#4605,2.);
#1708=CIRCLE('',#4606,2.);
#1709=CIRCLE('',#4608,2.);
#1710=CIRCLE('',#4609,4.);
#1711=CIRCLE('',#4610,2.);
#1712=CIRCLE('',#4611,2.);
#1713=CIRCLE('',#4613,2.);
#1714=CIRCLE('',#4615,2.);
#1715=CIRCLE('',#4616,2.);
#1716=CIRCLE('',#4617,4.);
#1717=CIRCLE('',#4620,2.);
#1718=CIRCLE('',#4621,2.);
#1719=CIRCLE('',#4623,2.);
#1720=CIRCLE('',#4624,2.);
#1721=CIRCLE('',#4627,2.);
#1722=CIRCLE('',#4630,2.);
#1723=CIRCLE('',#4636,2.);
#1724=CIRCLE('',#4637,2.);
#1725=CIRCLE('',#4643,2.);
#1726=CIRCLE('',#4645,2.);
#1727=CIRCLE('',#4646,11.);
#1728=CIRCLE('',#4649,2.);
#1729=CIRCLE('',#4652,2.);
#1730=CIRCLE('',#4656,2.);
#1731=CIRCLE('',#4659,0.75);
#1732=CIRCLE('',#4662,0.75);
#1733=CIRCLE('',#4665,0.75);
#1734=CIRCLE('',#4668,0.75);
#1735=CIRCLE('',#4718,5.);
#1736=CIRCLE('',#4719,5.);
#1737=CIRCLE('',#4720,10.);
#1738=CIRCLE('',#4721,5.);
#1739=CIRCLE('',#4723,4.99999999999999);
#1740=CIRCLE('',#4724,5.);
#1741=CIRCLE('',#4725,10.);
#1742=CIRCLE('',#4726,5.);
#1743=CIRCLE('',#4730,5.);
#1744=CIRCLE('',#4731,5.);
#1745=CIRCLE('',#4732,5.);
#1746=CIRCLE('',#4734,5.);
#1747=CIRCLE('',#4736,5.);
#1748=CIRCLE('',#4737,5.);
#1749=CIRCLE('',#4740,5.);
#1750=CIRCLE('',#4742,5.);
#1751=CIRCLE('',#4744,5.);
#1752=CIRCLE('',#4745,46.);
#1753=CIRCLE('',#4746,51.);
#1754=CIRCLE('',#4748,5.);
#1755=CIRCLE('',#4749,5.);
#1756=CIRCLE('',#4750,10.);
#1757=CIRCLE('',#4752,5.);
#1758=CIRCLE('',#4753,5.);
#1759=CIRCLE('',#4754,10.);
#1760=CIRCLE('',#4756,5.);
#1761=CIRCLE('',#4758,5.00000000000001);
#1762=CIRCLE('',#4759,46.);
#1763=CIRCLE('',#4760,51.);
#1764=CIRCLE('',#4763,5.);
#1765=CIRCLE('',#4765,2.5);
#1766=CIRCLE('',#4766,2.5);
#1767=CIRCLE('',#4776,2.);
#1768=CIRCLE('',#4779,11.);
#1769=VERTEX_POINT('',#5802);
#1770=VERTEX_POINT('',#5803);
#1771=VERTEX_POINT('',#5805);
#1772=VERTEX_POINT('',#5809);
#1773=VERTEX_POINT('',#5810);
#1774=VERTEX_POINT('',#5856);
#1775=VERTEX_POINT('',#5860);
#1776=VERTEX_POINT('',#5862);
#1777=VERTEX_POINT('',#5866);
#1778=VERTEX_POINT('',#5870);
#1779=VERTEX_POINT('',#5872);
#1780=VERTEX_POINT('',#5876);
#1781=VERTEX_POINT('',#5877);
#1782=VERTEX_POINT('',#5879);
#1783=VERTEX_POINT('',#5883);
#1784=VERTEX_POINT('',#5884);
#1785=VERTEX_POINT('',#5889);
#1786=VERTEX_POINT('',#5893);
#1787=VERTEX_POINT('',#5895);
#1788=VERTEX_POINT('',#5899);
#1789=VERTEX_POINT('',#5903);
#1790=VERTEX_POINT('',#5907);
#1791=VERTEX_POINT('',#5908);
#1792=VERTEX_POINT('',#5910);
#1793=VERTEX_POINT('',#5917);
#1794=VERTEX_POINT('',#5924);
#1795=VERTEX_POINT('',#5928);
#1796=VERTEX_POINT('',#5930);
#1797=VERTEX_POINT('',#5936);
#1798=VERTEX_POINT('',#5940);
#1799=VERTEX_POINT('',#5947);
#1800=VERTEX_POINT('',#5948);
#1801=VERTEX_POINT('',#5955);
#1802=VERTEX_POINT('',#5957);
#1803=VERTEX_POINT('',#5959);
#1804=VERTEX_POINT('',#5961);
#1805=VERTEX_POINT('',#5965);
#1806=VERTEX_POINT('',#5966);
#1807=VERTEX_POINT('',#5968);
#1808=VERTEX_POINT('',#5970);
#1809=VERTEX_POINT('',#5972);
#1810=VERTEX_POINT('',#5974);
#1811=VERTEX_POINT('',#5977);
#1812=VERTEX_POINT('',#5978);
#1813=VERTEX_POINT('',#5980);
#1814=VERTEX_POINT('',#5982);
#1815=VERTEX_POINT('',#5984);
#1816=VERTEX_POINT('',#5986);
#1817=VERTEX_POINT('',#5988);
#1818=VERTEX_POINT('',#5990);
#1819=VERTEX_POINT('',#5992);
#1820=VERTEX_POINT('',#5995);
#1821=VERTEX_POINT('',#5996);
#1822=VERTEX_POINT('',#5998);
#1823=VERTEX_POINT('',#6004);
#1824=VERTEX_POINT('',#6010);
#1825=VERTEX_POINT('',#6016);
#1826=VERTEX_POINT('',#6022);
#1827=VERTEX_POINT('',#6028);
#1828=VERTEX_POINT('',#6034);
#1829=VERTEX_POINT('',#6040);
#1830=VERTEX_POINT('',#6046);
#1831=VERTEX_POINT('',#6048);
#1832=VERTEX_POINT('',#6054);
#1833=VERTEX_POINT('',#6060);
#1834=VERTEX_POINT('',#6062);
#1835=VERTEX_POINT('',#6068);
#1836=VERTEX_POINT('',#6074);
#1837=VERTEX_POINT('',#6080);
#1838=VERTEX_POINT('',#6086);
#1839=VERTEX_POINT('',#6092);
#1840=VERTEX_POINT('',#6098);
#1841=VERTEX_POINT('',#6104);
#1842=VERTEX_POINT('',#6110);
#1843=VERTEX_POINT('',#6116);
#1844=VERTEX_POINT('',#6122);
#1845=VERTEX_POINT('',#6128);
#1846=VERTEX_POINT('',#6134);
#1847=VERTEX_POINT('',#6145);
#1848=VERTEX_POINT('',#6146);
#1849=VERTEX_POINT('',#6148);
#1850=VERTEX_POINT('',#6150);
#1851=VERTEX_POINT('',#6152);
#1852=VERTEX_POINT('',#6154);
#1853=VERTEX_POINT('',#6156);
#1854=VERTEX_POINT('',#6158);
#1855=VERTEX_POINT('',#6160);
#1856=VERTEX_POINT('',#6162);
#1857=VERTEX_POINT('',#6164);
#1858=VERTEX_POINT('',#6167);
#1859=VERTEX_POINT('',#6168);
#1860=VERTEX_POINT('',#6170);
#1861=VERTEX_POINT('',#6172);
#1862=VERTEX_POINT('',#6178);
#1863=VERTEX_POINT('',#6184);
#1864=VERTEX_POINT('',#6190);
#1865=VERTEX_POINT('',#6196);
#1866=VERTEX_POINT('',#6198);
#1867=VERTEX_POINT('',#6200);
#1868=VERTEX_POINT('',#6202);
#1869=VERTEX_POINT('',#6208);
#1870=VERTEX_POINT('',#6214);
#1871=VERTEX_POINT('',#6220);
#1872=VERTEX_POINT('',#6226);
#1873=VERTEX_POINT('',#6228);
#1874=VERTEX_POINT('',#6231);
#1875=VERTEX_POINT('',#6232);
#1876=VERTEX_POINT('',#6234);
#1877=VERTEX_POINT('',#6240);
#1878=VERTEX_POINT('',#6246);
#1879=VERTEX_POINT('',#6252);
#1880=VERTEX_POINT('',#6258);
#1881=VERTEX_POINT('',#6264);
#1882=VERTEX_POINT('',#6270);
#1883=VERTEX_POINT('',#6276);
#1884=VERTEX_POINT('',#6282);
#1885=VERTEX_POINT('',#6288);
#1886=VERTEX_POINT('',#6294);
#1887=VERTEX_POINT('',#6300);
#1888=VERTEX_POINT('',#6306);
#1889=VERTEX_POINT('',#6312);
#1890=VERTEX_POINT('',#6318);
#1891=VERTEX_POINT('',#6324);
#1892=VERTEX_POINT('',#6326);
#1893=VERTEX_POINT('',#6332);
#1894=VERTEX_POINT('',#6338);
#1895=VERTEX_POINT('',#6344);
#1896=VERTEX_POINT('',#6350);
#1897=VERTEX_POINT('',#6356);
#1898=VERTEX_POINT('',#6362);
#1899=VERTEX_POINT('',#6368);
#1900=VERTEX_POINT('',#6374);
#1901=VERTEX_POINT('',#6380);
#1902=VERTEX_POINT('',#6386);
#1903=VERTEX_POINT('',#6392);
#1904=VERTEX_POINT('',#6398);
#1905=VERTEX_POINT('',#6409);
#1906=VERTEX_POINT('',#6410);
#1907=VERTEX_POINT('',#6412);
#1908=VERTEX_POINT('',#6414);
#1909=VERTEX_POINT('',#6416);
#1910=VERTEX_POINT('',#6418);
#1911=VERTEX_POINT('',#6420);
#1912=VERTEX_POINT('',#6422);
#1913=VERTEX_POINT('',#6425);
#1914=VERTEX_POINT('',#6427);
#1915=VERTEX_POINT('',#6430);
#1916=VERTEX_POINT('',#6431);
#1917=VERTEX_POINT('',#6433);
#1918=VERTEX_POINT('',#6435);
#1919=VERTEX_POINT('',#6437);
#1920=VERTEX_POINT('',#6439);
#1921=VERTEX_POINT('',#6441);
#1922=VERTEX_POINT('',#6447);
#1923=VERTEX_POINT('',#6453);
#1924=VERTEX_POINT('',#6459);
#1925=VERTEX_POINT('',#6461);
#1926=VERTEX_POINT('',#6467);
#1927=VERTEX_POINT('',#6473);
#1928=VERTEX_POINT('',#6480);
#1929=VERTEX_POINT('',#6481);
#1930=VERTEX_POINT('',#6483);
#1931=VERTEX_POINT('',#6485);
#1932=VERTEX_POINT('',#6489);
#1933=VERTEX_POINT('',#6491);
#1934=VERTEX_POINT('',#6495);
#1935=VERTEX_POINT('',#6497);
#1936=VERTEX_POINT('',#6501);
#1937=VERTEX_POINT('',#6502);
#1938=VERTEX_POINT('',#6504);
#1939=VERTEX_POINT('',#6506);
#1940=VERTEX_POINT('',#6510);
#1941=VERTEX_POINT('',#6512);
#1942=VERTEX_POINT('',#6516);
#1943=VERTEX_POINT('',#6517);
#1944=VERTEX_POINT('',#6519);
#1945=VERTEX_POINT('',#6521);
#1946=VERTEX_POINT('',#6525);
#1947=VERTEX_POINT('',#6527);
#1948=VERTEX_POINT('',#6531);
#1949=VERTEX_POINT('',#6532);
#1950=VERTEX_POINT('',#6534);
#1951=VERTEX_POINT('',#6536);
#1952=VERTEX_POINT('',#6540);
#1953=VERTEX_POINT('',#6541);
#1954=VERTEX_POINT('',#6543);
#1955=VERTEX_POINT('',#6545);
#1956=VERTEX_POINT('',#6552);
#1957=VERTEX_POINT('',#6554);
#1958=VERTEX_POINT('',#6558);
#1959=VERTEX_POINT('',#6560);
#1960=VERTEX_POINT('',#6562);
#1961=VERTEX_POINT('',#6564);
#1962=VERTEX_POINT('',#6566);
#1963=VERTEX_POINT('',#6568);
#1964=VERTEX_POINT('',#6572);
#1965=VERTEX_POINT('',#6574);
#1966=VERTEX_POINT('',#6578);
#1967=VERTEX_POINT('',#6580);
#1968=VERTEX_POINT('',#6583);
#1969=VERTEX_POINT('',#6587);
#1970=VERTEX_POINT('',#6588);
#1971=VERTEX_POINT('',#6595);
#1972=VERTEX_POINT('',#6596);
#1973=VERTEX_POINT('',#6598);
#1974=VERTEX_POINT('',#6600);
#1975=VERTEX_POINT('',#6604);
#1976=VERTEX_POINT('',#6611);
#1977=VERTEX_POINT('',#6615);
#1978=VERTEX_POINT('',#6616);
#1979=VERTEX_POINT('',#6618);
#1980=VERTEX_POINT('',#6620);
#1981=VERTEX_POINT('',#6624);
#1982=VERTEX_POINT('',#6625);
#1983=VERTEX_POINT('',#6627);
#1984=VERTEX_POINT('',#6629);
#1985=VERTEX_POINT('',#6633);
#1986=VERTEX_POINT('',#6634);
#1987=VERTEX_POINT('',#6639);
#1988=VERTEX_POINT('',#6640);
#1989=VERTEX_POINT('',#6648);
#1990=VERTEX_POINT('',#6655);
#1991=VERTEX_POINT('',#6686);
#1992=VERTEX_POINT('',#6687);
#1993=VERTEX_POINT('',#6729);
#1994=VERTEX_POINT('',#6730);
#1995=VERTEX_POINT('',#6748);
#1996=VERTEX_POINT('',#6750);
#1997=VERTEX_POINT('',#6754);
#1998=VERTEX_POINT('',#6758);
#1999=VERTEX_POINT('',#6762);
#2000=VERTEX_POINT('',#6766);
#2001=VERTEX_POINT('',#6768);
#2002=VERTEX_POINT('',#6770);
#2003=VERTEX_POINT('',#6772);
#2004=VERTEX_POINT('',#6774);
#2005=VERTEX_POINT('',#6778);
#2006=VERTEX_POINT('',#6780);
#2007=VERTEX_POINT('',#6782);
#2008=VERTEX_POINT('',#6784);
#2009=VERTEX_POINT('',#6787);
#2010=VERTEX_POINT('',#6801);
#2011=VERTEX_POINT('',#6805);
#2012=VERTEX_POINT('',#6807);
#2013=VERTEX_POINT('',#6809);
#2014=VERTEX_POINT('',#6811);
#2015=VERTEX_POINT('',#6813);
#2016=VERTEX_POINT('',#6817);
#2017=VERTEX_POINT('',#6821);
#2018=VERTEX_POINT('',#6822);
#2019=VERTEX_POINT('',#6827);
#2020=VERTEX_POINT('',#6831);
#2021=VERTEX_POINT('',#6833);
#2022=VERTEX_POINT('',#6835);
#2023=VERTEX_POINT('',#6837);
#2024=VERTEX_POINT('',#6839);
#2025=VERTEX_POINT('',#6841);
#2026=VERTEX_POINT('',#6850);
#2027=VERTEX_POINT('',#6851);
#2028=VERTEX_POINT('',#6856);
#2029=VERTEX_POINT('',#6860);
#2030=VERTEX_POINT('',#6861);
#2031=VERTEX_POINT('',#6866);
#2032=VERTEX_POINT('',#6870);
#2033=VERTEX_POINT('',#6871);
#2034=VERTEX_POINT('',#6878);
#2035=VERTEX_POINT('',#6879);
#2036=VERTEX_POINT('',#6886);
#2037=VERTEX_POINT('',#6900);
#2038=VERTEX_POINT('',#6902);
#2039=VERTEX_POINT('',#6906);
#2040=VERTEX_POINT('',#6910);
#2041=VERTEX_POINT('',#6917);
#2042=VERTEX_POINT('',#6919);
#2043=VERTEX_POINT('',#6923);
#2044=VERTEX_POINT('',#6927);
#2045=VERTEX_POINT('',#6931);
#2046=VERTEX_POINT('',#6935);
#2047=VERTEX_POINT('',#6948);
#2048=VERTEX_POINT('',#6965);
#2049=VERTEX_POINT('',#6982);
#2050=VERTEX_POINT('',#6990);
#2051=VERTEX_POINT('',#7003);
#2052=VERTEX_POINT('',#7020);
#2053=VERTEX_POINT('',#7037);
#2054=VERTEX_POINT('',#7057);
#2055=VERTEX_POINT('',#7058);
#2056=VERTEX_POINT('',#7064);
#2057=VERTEX_POINT('',#7066);
#2058=VERTEX_POINT('',#7083);
#2059=VERTEX_POINT('',#7089);
#2060=VERTEX_POINT('',#7106);
#2061=VERTEX_POINT('',#7112);
#2062=VERTEX_POINT('',#7129);
#2063=VERTEX_POINT('',#7135);
#2064=VERTEX_POINT('',#7152);
#2065=VERTEX_POINT('',#7158);
#2066=VERTEX_POINT('',#7175);
#2067=VERTEX_POINT('',#7181);
#2068=VERTEX_POINT('',#7198);
#2069=VERTEX_POINT('',#7204);
#2070=VERTEX_POINT('',#7221);
#2071=VERTEX_POINT('',#7227);
#2072=VERTEX_POINT('',#7238);
#2073=VERTEX_POINT('',#7240);
#2074=VERTEX_POINT('',#7253);
#2075=VERTEX_POINT('',#7270);
#2076=VERTEX_POINT('',#7287);
#2077=VERTEX_POINT('',#7304);
#2078=VERTEX_POINT('',#7321);
#2079=VERTEX_POINT('',#7338);
#2080=VERTEX_POINT('',#7355);
#2081=VERTEX_POINT('',#7372);
#2082=VERTEX_POINT('',#7380);
#2083=VERTEX_POINT('',#7393);
#2084=VERTEX_POINT('',#7410);
#2085=VERTEX_POINT('',#7418);
#2086=VERTEX_POINT('',#7431);
#2087=VERTEX_POINT('',#7448);
#2088=VERTEX_POINT('',#7465);
#2089=VERTEX_POINT('',#7482);
#2090=VERTEX_POINT('',#7499);
#2091=VERTEX_POINT('',#7516);
#2092=VERTEX_POINT('',#7533);
#2093=VERTEX_POINT('',#7550);
#2094=VERTEX_POINT('',#7567);
#2095=VERTEX_POINT('',#7584);
#2096=VERTEX_POINT('',#7601);
#2097=VERTEX_POINT('',#7618);
#2098=VERTEX_POINT('',#7635);
#2099=VERTEX_POINT('',#7660);
#2100=VERTEX_POINT('',#7664);
#2101=VERTEX_POINT('',#7668);
#2102=VERTEX_POINT('',#7672);
#2103=VERTEX_POINT('',#7676);
#2104=VERTEX_POINT('',#7680);
#2105=VERTEX_POINT('',#7684);
#2106=VERTEX_POINT('',#7688);
#2107=VERTEX_POINT('',#7695);
#2108=VERTEX_POINT('',#7697);
#2109=VERTEX_POINT('',#7701);
#2110=VERTEX_POINT('',#7714);
#2111=VERTEX_POINT('',#7731);
#2112=VERTEX_POINT('',#7748);
#2113=VERTEX_POINT('',#7765);
#2114=VERTEX_POINT('',#7773);
#2115=VERTEX_POINT('',#7777);
#2116=VERTEX_POINT('',#7781);
#2117=VERTEX_POINT('',#7794);
#2118=VERTEX_POINT('',#7811);
#2119=VERTEX_POINT('',#7828);
#2120=VERTEX_POINT('',#7845);
#2121=VERTEX_POINT('',#7853);
#2122=VERTEX_POINT('',#7857);
#2123=VERTEX_POINT('',#7864);
#2124=VERTEX_POINT('',#7866);
#2125=VERTEX_POINT('',#7879);
#2126=VERTEX_POINT('',#7896);
#2127=VERTEX_POINT('',#7913);
#2128=VERTEX_POINT('',#7930);
#2129=VERTEX_POINT('',#7947);
#2130=VERTEX_POINT('',#7964);
#2131=VERTEX_POINT('',#7981);
#2132=VERTEX_POINT('',#7998);
#2133=VERTEX_POINT('',#8015);
#2134=VERTEX_POINT('',#8032);
#2135=VERTEX_POINT('',#8049);
#2136=VERTEX_POINT('',#8066);
#2137=VERTEX_POINT('',#8083);
#2138=VERTEX_POINT('',#8100);
#2139=VERTEX_POINT('',#8117);
#2140=VERTEX_POINT('',#8125);
#2141=VERTEX_POINT('',#8138);
#2142=VERTEX_POINT('',#8155);
#2143=VERTEX_POINT('',#8172);
#2144=VERTEX_POINT('',#8189);
#2145=VERTEX_POINT('',#8206);
#2146=VERTEX_POINT('',#8223);
#2147=VERTEX_POINT('',#8240);
#2148=VERTEX_POINT('',#8257);
#2149=VERTEX_POINT('',#8274);
#2150=VERTEX_POINT('',#8291);
#2151=VERTEX_POINT('',#8308);
#2152=VERTEX_POINT('',#8325);
#2153=VERTEX_POINT('',#8342);
#2154=VERTEX_POINT('',#8367);
#2155=VERTEX_POINT('',#8369);
#2156=VERTEX_POINT('',#8371);
#2157=VERTEX_POINT('',#8392);
#2158=VERTEX_POINT('',#8393);
#2159=VERTEX_POINT('',#8398);
#2160=VERTEX_POINT('',#8399);
#2161=VERTEX_POINT('',#8412);
#2162=VERTEX_POINT('',#8413);
#2163=VERTEX_POINT('',#8418);
#2164=VERTEX_POINT('',#8432);
#2165=VERTEX_POINT('',#8433);
#2166=VERTEX_POINT('',#8435);
#2167=VERTEX_POINT('',#8437);
#2168=VERTEX_POINT('',#8441);
#2169=VERTEX_POINT('',#8442);
#2170=VERTEX_POINT('',#8444);
#2171=VERTEX_POINT('',#8448);
#2172=VERTEX_POINT('',#8449);
#2173=VERTEX_POINT('',#8454);
#2174=VERTEX_POINT('',#8458);
#2175=VERTEX_POINT('',#8460);
#2176=VERTEX_POINT('',#8464);
#2177=VERTEX_POINT('',#8468);
#2178=VERTEX_POINT('',#8470);
#2179=VERTEX_POINT('',#8474);
#2180=VERTEX_POINT('',#8479);
#2181=VERTEX_POINT('',#8491);
#2182=VERTEX_POINT('',#8495);
#2183=VERTEX_POINT('',#8507);
#2184=VERTEX_POINT('',#8511);
#2185=VERTEX_POINT('',#8515);
#2186=VERTEX_POINT('',#8516);
#2187=VERTEX_POINT('',#8524);
#2188=VERTEX_POINT('',#8528);
#2189=VERTEX_POINT('',#8531);
#2190=VERTEX_POINT('',#8541);
#2191=VERTEX_POINT('',#8542);
#2192=VERTEX_POINT('',#8547);
#2193=VERTEX_POINT('',#8553);
#2194=VERTEX_POINT('',#8558);
#2195=VERTEX_POINT('',#8583);
#2196=EDGE_CURVE('',#1769,#1770,#1667,.T.);
#2197=EDGE_CURVE('',#1770,#1771,#1654,.T.);
#2198=EDGE_CURVE('',#1771,#1769,#1655,.T.);
#2199=EDGE_CURVE('',#1772,#1773,#1668,.T.);
#2200=EDGE_CURVE('',#1773,#1770,#307,.T.);
#2201=EDGE_CURVE('',#1769,#1772,#308,.T.);
#2202=EDGE_CURVE('',#1772,#1774,#1656,.T.);
#2203=EDGE_CURVE('',#1774,#1773,#1657,.T.);
#2204=EDGE_CURVE('',#1775,#1769,#309,.T.);
#2205=EDGE_CURVE('',#1776,#1775,#310,.T.);
#2206=EDGE_CURVE('',#1772,#1776,#311,.T.);
#2207=EDGE_CURVE('',#1771,#1777,#312,.T.);
#2208=EDGE_CURVE('',#1777,#1775,#1669,.F.);
#2209=EDGE_CURVE('',#1770,#1778,#313,.T.);
#2210=EDGE_CURVE('',#1778,#1779,#1670,.F.);
#2211=EDGE_CURVE('',#1779,#1771,#314,.T.);
#2212=EDGE_CURVE('',#1780,#1781,#1671,.T.);
#2213=EDGE_CURVE('',#1781,#1782,#1672,.T.);
#2214=EDGE_CURVE('',#1782,#1780,#1673,.T.);
#2215=EDGE_CURVE('',#1783,#1784,#1674,.T.);
#2216=EDGE_CURVE('',#1784,#1781,#315,.T.);
#2217=EDGE_CURVE('',#1780,#1783,#316,.T.);
#2218=EDGE_CURVE('',#1783,#1785,#1675,.T.);
#2219=EDGE_CURVE('',#1785,#1784,#1676,.T.);
#2220=EDGE_CURVE('',#1786,#1780,#317,.T.);
#2221=EDGE_CURVE('',#1787,#1786,#318,.T.);
#2222=EDGE_CURVE('',#1783,#1787,#319,.T.);
#2223=EDGE_CURVE('',#1782,#1788,#320,.T.);
#2224=EDGE_CURVE('',#1788,#1786,#1677,.F.);
#2225=EDGE_CURVE('',#1789,#1781,#1658,.T.);
#2226=EDGE_CURVE('',#1789,#1782,#321,.T.);
#2227=EDGE_CURVE('',#1790,#1791,#322,.T.);
#2228=EDGE_CURVE('',#1791,#1792,#1678,.F.);
#2229=EDGE_CURVE('',#1792,#1784,#323,.T.);
#2230=EDGE_CURVE('',#1784,#1790,#1659,.T.);
#2231=EDGE_CURVE('',#1785,#1790,#324,.T.);
#2232=EDGE_CURVE('',#1787,#1793,#1679,.F.);
#2233=EDGE_CURVE('',#1793,#1785,#325,.T.);
#2234=EDGE_CURVE('',#1777,#1793,#326,.T.);
#2235=EDGE_CURVE('',#1791,#1779,#327,.T.);
#2236=EDGE_CURVE('',#1794,#1773,#328,.T.);
#2237=EDGE_CURVE('',#1778,#1794,#329,.T.);
#2238=EDGE_CURVE('',#1781,#1795,#330,.T.);
#2239=EDGE_CURVE('',#1795,#1796,#1680,.F.);
#2240=EDGE_CURVE('',#1796,#1789,#331,.T.);
#2241=EDGE_CURVE('',#1795,#1792,#332,.T.);
#2242=EDGE_CURVE('',#1774,#1797,#333,.T.);
#2243=EDGE_CURVE('',#1797,#1794,#1681,.F.);
#2244=EDGE_CURVE('',#1776,#1798,#1682,.F.);
#2245=EDGE_CURVE('',#1798,#1774,#334,.T.);
#2246=EDGE_CURVE('',#1797,#1796,#335,.T.);
#2247=EDGE_CURVE('',#1788,#1798,#336,.T.);
#2248=EDGE_CURVE('',#1799,#1800,#43,.T.);
#2249=EDGE_CURVE('',#1800,#1801,#337,.T.);
#2250=EDGE_CURVE('',#1801,#1802,#1683,.F.);
#2251=EDGE_CURVE('',#1802,#1803,#338,.T.);
#2252=EDGE_CURVE('',#1803,#1804,#1684,.F.);
#2253=EDGE_CURVE('',#1804,#1799,#339,.T.);
#2254=EDGE_CURVE('',#1805,#1806,#340,.T.);
#2255=EDGE_CURVE('',#1807,#1805,#1685,.T.);
#2256=EDGE_CURVE('',#1808,#1807,#341,.T.);
#2257=EDGE_CURVE('',#1809,#1808,#1686,.T.);
#2258=EDGE_CURVE('',#1810,#1809,#342,.T.);
#2259=EDGE_CURVE('',#1806,#1810,#343,.T.);
#2260=EDGE_CURVE('',#1811,#1812,#344,.T.);
#2261=EDGE_CURVE('',#1812,#1813,#345,.T.);
#2262=EDGE_CURVE('',#1813,#1814,#346,.T.);
#2263=EDGE_CURVE('',#1814,#1815,#347,.T.);
#2264=EDGE_CURVE('',#1815,#1816,#348,.T.);
#2265=EDGE_CURVE('',#1817,#1816,#1687,.F.);
#2266=EDGE_CURVE('',#1817,#1818,#349,.T.);
#2267=EDGE_CURVE('',#1819,#1818,#1688,.F.);
#2268=EDGE_CURVE('',#1819,#1811,#350,.T.);
#2269=EDGE_CURVE('',#1820,#1821,#351,.T.);
#2270=EDGE_CURVE('',#1821,#1822,#44,.T.);
#2271=EDGE_CURVE('',#1822,#1823,#45,.T.);
#2272=EDGE_CURVE('',#1823,#1824,#46,.T.);
#2273=EDGE_CURVE('',#1824,#1825,#47,.T.);
#2274=EDGE_CURVE('',#1825,#1826,#48,.T.);
#2275=EDGE_CURVE('',#1826,#1827,#49,.T.);
#2276=EDGE_CURVE('',#1827,#1828,#50,.T.);
#2277=EDGE_CURVE('',#1828,#1829,#51,.T.);
#2278=EDGE_CURVE('',#1829,#1830,#352,.T.);
#2279=EDGE_CURVE('',#1830,#1831,#52,.T.);
#2280=EDGE_CURVE('',#1831,#1832,#53,.T.);
#2281=EDGE_CURVE('',#1832,#1833,#353,.T.);
#2282=EDGE_CURVE('',#1833,#1834,#54,.T.);
#2283=EDGE_CURVE('',#1834,#1835,#55,.T.);
#2284=EDGE_CURVE('',#1835,#1836,#56,.T.);
#2285=EDGE_CURVE('',#1836,#1837,#57,.T.);
#2286=EDGE_CURVE('',#1837,#1838,#58,.T.);
#2287=EDGE_CURVE('',#1838,#1839,#59,.T.);
#2288=EDGE_CURVE('',#1839,#1840,#60,.T.);
#2289=EDGE_CURVE('',#1840,#1841,#61,.T.);
#2290=EDGE_CURVE('',#1841,#1842,#62,.T.);
#2291=EDGE_CURVE('',#1842,#1843,#63,.T.);
#2292=EDGE_CURVE('',#1843,#1844,#64,.T.);
#2293=EDGE_CURVE('',#1844,#1845,#65,.T.);
#2294=EDGE_CURVE('',#1845,#1846,#66,.T.);
#2295=EDGE_CURVE('',#1846,#1820,#67,.T.);
#2296=EDGE_CURVE('',#1847,#1848,#354,.T.);
#2297=EDGE_CURVE('',#1848,#1849,#355,.T.);
#2298=EDGE_CURVE('',#1849,#1850,#356,.T.);
#2299=EDGE_CURVE('',#1850,#1851,#357,.T.);
#2300=EDGE_CURVE('',#1851,#1852,#358,.T.);
#2301=EDGE_CURVE('',#1852,#1853,#359,.T.);
#2302=EDGE_CURVE('',#1853,#1854,#360,.T.);
#2303=EDGE_CURVE('',#1854,#1855,#361,.T.);
#2304=EDGE_CURVE('',#1855,#1856,#362,.T.);
#2305=EDGE_CURVE('',#1856,#1857,#363,.T.);
#2306=EDGE_CURVE('',#1847,#1857,#1689,.F.);
#2307=EDGE_CURVE('',#1858,#1859,#364,.T.);
#2308=EDGE_CURVE('',#1859,#1860,#365,.T.);
#2309=EDGE_CURVE('',#1860,#1861,#68,.T.);
#2310=EDGE_CURVE('',#1861,#1862,#69,.T.);
#2311=EDGE_CURVE('',#1862,#1863,#70,.T.);
#2312=EDGE_CURVE('',#1863,#1864,#71,.T.);
#2313=EDGE_CURVE('',#1864,#1865,#366,.T.);
#2314=EDGE_CURVE('',#1865,#1866,#367,.T.);
#2315=EDGE_CURVE('',#1866,#1867,#368,.T.);
#2316=EDGE_CURVE('',#1867,#1868,#72,.T.);
#2317=EDGE_CURVE('',#1868,#1869,#73,.T.);
#2318=EDGE_CURVE('',#1869,#1870,#74,.T.);
#2319=EDGE_CURVE('',#1870,#1871,#75,.T.);
#2320=EDGE_CURVE('',#1871,#1872,#369,.T.);
#2321=EDGE_CURVE('',#1872,#1873,#370,.T.);
#2322=EDGE_CURVE('',#1873,#1858,#371,.T.);
#2323=EDGE_CURVE('',#1874,#1875,#372,.T.);
#2324=EDGE_CURVE('',#1875,#1876,#76,.T.);
#2325=EDGE_CURVE('',#1876,#1877,#77,.T.);
#2326=EDGE_CURVE('',#1877,#1878,#78,.T.);
#2327=EDGE_CURVE('',#1878,#1879,#79,.T.);
#2328=EDGE_CURVE('',#1879,#1880,#80,.T.);
#2329=EDGE_CURVE('',#1880,#1881,#81,.T.);
#2330=EDGE_CURVE('',#1881,#1882,#82,.T.);
#2331=EDGE_CURVE('',#1882,#1883,#83,.T.);
#2332=EDGE_CURVE('',#1883,#1884,#84,.T.);
#2333=EDGE_CURVE('',#1884,#1885,#85,.T.);
#2334=EDGE_CURVE('',#1885,#1886,#86,.T.);
#2335=EDGE_CURVE('',#1886,#1887,#87,.T.);
#2336=EDGE_CURVE('',#1887,#1888,#88,.T.);
#2337=EDGE_CURVE('',#1888,#1889,#89,.T.);
#2338=EDGE_CURVE('',#1889,#1890,#90,.T.);
#2339=EDGE_CURVE('',#1890,#1891,#373,.T.);
#2340=EDGE_CURVE('',#1891,#1892,#91,.T.);
#2341=EDGE_CURVE('',#1892,#1893,#92,.T.);
#2342=EDGE_CURVE('',#1893,#1894,#93,.T.);
#2343=EDGE_CURVE('',#1894,#1895,#94,.T.);
#2344=EDGE_CURVE('',#1895,#1896,#95,.T.);
#2345=EDGE_CURVE('',#1896,#1897,#96,.T.);
#2346=EDGE_CURVE('',#1897,#1898,#97,.T.);
#2347=EDGE_CURVE('',#1898,#1899,#98,.T.);
#2348=EDGE_CURVE('',#1899,#1900,#99,.T.);
#2349=EDGE_CURVE('',#1900,#1901,#100,.T.);
#2350=EDGE_CURVE('',#1901,#1902,#101,.T.);
#2351=EDGE_CURVE('',#1902,#1903,#102,.T.);
#2352=EDGE_CURVE('',#1903,#1904,#103,.T.);
#2353=EDGE_CURVE('',#1904,#1874,#104,.T.);
#2354=EDGE_CURVE('',#1905,#1906,#374,.T.);
#2355=EDGE_CURVE('',#1907,#1906,#1690,.F.);
#2356=EDGE_CURVE('',#1907,#1908,#375,.T.);
#2357=EDGE_CURVE('',#1909,#1908,#1691,.F.);
#2358=EDGE_CURVE('',#1909,#1910,#376,.T.);
#2359=EDGE_CURVE('',#1911,#1910,#1692,.F.);
#2360=EDGE_CURVE('',#1911,#1912,#377,.T.);
#2361=EDGE_CURVE('',#1905,#1912,#1693,.F.);
#2362=EDGE_CURVE('',#1913,#1803,#378,.T.);
#2363=EDGE_CURVE('',#1802,#1914,#379,.T.);
#2364=EDGE_CURVE('',#1914,#1913,#380,.T.);
#2365=EDGE_CURVE('',#1915,#1916,#381,.T.);
#2366=EDGE_CURVE('',#1916,#1917,#382,.T.);
#2367=EDGE_CURVE('',#1917,#1918,#383,.T.);
#2368=EDGE_CURVE('',#1918,#1919,#384,.T.);
#2369=EDGE_CURVE('',#1919,#1920,#385,.T.);
#2370=EDGE_CURVE('',#1920,#1921,#105,.T.);
#2371=EDGE_CURVE('',#1921,#1922,#106,.T.);
#2372=EDGE_CURVE('',#1922,#1923,#107,.T.);
#2373=EDGE_CURVE('',#1923,#1924,#386,.T.);
#2374=EDGE_CURVE('',#1924,#1925,#108,.T.);
#2375=EDGE_CURVE('',#1925,#1926,#109,.T.);
#2376=EDGE_CURVE('',#1926,#1927,#110,.T.);
#2377=EDGE_CURVE('',#1927,#1915,#387,.T.);
#2378=EDGE_CURVE('',#1928,#1929,#388,.T.);
#2379=EDGE_CURVE('',#1929,#1930,#389,.T.);
#2380=EDGE_CURVE('',#1930,#1931,#390,.T.);
#2381=EDGE_CURVE('',#1931,#1928,#391,.T.);
#2382=EDGE_CURVE('',#1932,#1800,#392,.T.);
#2383=EDGE_CURVE('',#1932,#1933,#393,.T.);
#2384=EDGE_CURVE('',#1933,#1801,#394,.T.);
#2385=EDGE_CURVE('',#1799,#1934,#1660,.T.);
#2386=EDGE_CURVE('',#1934,#1935,#395,.T.);
#2387=EDGE_CURVE('',#1935,#1932,#1694,.F.);
#2388=EDGE_CURVE('',#1936,#1937,#1695,.T.);
#2389=EDGE_CURVE('',#1937,#1938,#396,.T.);
#2390=EDGE_CURVE('',#1938,#1939,#1696,.T.);
#2391=EDGE_CURVE('',#1939,#1936,#397,.T.);
#2392=EDGE_CURVE('',#1937,#1940,#398,.T.);
#2393=EDGE_CURVE('',#1940,#1941,#399,.T.);
#2394=EDGE_CURVE('',#1938,#1941,#400,.T.);
#2395=EDGE_CURVE('',#1942,#1943,#1697,.T.);
#2396=EDGE_CURVE('',#1943,#1944,#401,.T.);
#2397=EDGE_CURVE('',#1944,#1945,#1698,.T.);
#2398=EDGE_CURVE('',#1945,#1942,#402,.T.);
#2399=EDGE_CURVE('',#1943,#1946,#403,.T.);
#2400=EDGE_CURVE('',#1946,#1947,#404,.T.);
#2401=EDGE_CURVE('',#1944,#1947,#405,.T.);
#2402=EDGE_CURVE('',#1948,#1949,#406,.T.);
#2403=EDGE_CURVE('',#1950,#1949,#407,.T.);
#2404=EDGE_CURVE('',#1951,#1950,#408,.T.);
#2405=EDGE_CURVE('',#1948,#1951,#409,.T.);
#2406=EDGE_CURVE('',#1952,#1953,#410,.T.);
#2407=EDGE_CURVE('',#1954,#1953,#411,.T.);
#2408=EDGE_CURVE('',#1955,#1954,#412,.T.);
#2409=EDGE_CURVE('',#1952,#1955,#413,.T.);
#2410=EDGE_CURVE('',#1949,#1952,#414,.T.);
#2411=EDGE_CURVE('',#1953,#1948,#415,.T.);
#2412=EDGE_CURVE('',#1954,#1956,#416,.T.);
#2413=EDGE_CURVE('',#1956,#1957,#417,.T.);
#2414=EDGE_CURVE('',#1957,#1955,#418,.T.);
#2415=EDGE_CURVE('',#1950,#1958,#419,.T.);
#2416=EDGE_CURVE('',#1958,#1959,#420,.T.);
#2417=EDGE_CURVE('',#1959,#1960,#421,.T.);
#2418=EDGE_CURVE('',#1960,#1961,#422,.T.);
#2419=EDGE_CURVE('',#1961,#1962,#423,.T.);
#2420=EDGE_CURVE('',#1962,#1963,#424,.T.);
#2421=EDGE_CURVE('',#1963,#1951,#425,.T.);
#2422=EDGE_CURVE('',#1957,#1964,#426,.T.);
#2423=EDGE_CURVE('',#1965,#1964,#427,.T.);
#2424=EDGE_CURVE('',#1958,#1965,#428,.T.);
#2425=EDGE_CURVE('',#1962,#1966,#429,.T.);
#2426=EDGE_CURVE('',#1966,#1967,#430,.T.);
#2427=EDGE_CURVE('',#1967,#1959,#431,.T.);
#2428=EDGE_CURVE('',#1968,#1965,#432,.T.);
#2429=EDGE_CURVE('',#1963,#1968,#433,.T.);
#2430=EDGE_CURVE('',#1969,#1970,#434,.T.);
#2431=EDGE_CURVE('',#1961,#1969,#435,.T.);
#2432=EDGE_CURVE('',#1970,#1960,#436,.T.);
#2433=EDGE_CURVE('',#1969,#1966,#437,.T.);
#2434=EDGE_CURVE('',#1971,#1972,#1699,.T.);
#2435=EDGE_CURVE('',#1972,#1973,#1700,.T.);
#2436=EDGE_CURVE('',#1973,#1974,#1701,.T.);
#2437=EDGE_CURVE('',#1974,#1971,#1702,.T.);
#2438=EDGE_CURVE('',#1975,#1974,#111,.T.);
#2439=EDGE_CURVE('',#1973,#1976,#1703,.T.);
#2440=EDGE_CURVE('',#1976,#1975,#1704,.T.);
#2441=EDGE_CURVE('',#1977,#1978,#1705,.T.);
#2442=EDGE_CURVE('',#1978,#1979,#1706,.T.);
#2443=EDGE_CURVE('',#1979,#1980,#1707,.T.);
#2444=EDGE_CURVE('',#1980,#1977,#1708,.T.);
#2445=EDGE_CURVE('',#1981,#1982,#1709,.T.);
#2446=EDGE_CURVE('',#1982,#1983,#1710,.T.);
#2447=EDGE_CURVE('',#1983,#1984,#1711,.T.);
#2448=EDGE_CURVE('',#1984,#1981,#1712,.T.);
#2449=EDGE_CURVE('',#1985,#1986,#1713,.T.);
#2450=EDGE_CURVE('',#1986,#1984,#438,.T.);
#2451=EDGE_CURVE('',#1983,#1985,#439,.T.);
#2452=EDGE_CURVE('',#1987,#1988,#1714,.T.);
#2453=EDGE_CURVE('',#1988,#1986,#1715,.T.);
#2454=EDGE_CURVE('',#1985,#1987,#1716,.T.);
#2455=EDGE_CURVE('',#1987,#1978,#440,.T.);
#2456=EDGE_CURVE('',#1977,#1988,#441,.T.);
#2457=EDGE_CURVE('',#1979,#1989,#112,.T.);
#2458=EDGE_CURVE('',#1989,#1990,#1717,.T.);
#2459=EDGE_CURVE('',#1990,#1980,#1718,.T.);
#2460=EDGE_CURVE('',#1989,#1975,#442,.T.);
#2461=EDGE_CURVE('',#1976,#1990,#443,.T.);
#2462=EDGE_CURVE('',#1991,#1992,#1719,.T.);
#2463=EDGE_CURVE('',#1992,#1972,#113,.T.);
#2464=EDGE_CURVE('',#1971,#1991,#114,.T.);
#2465=EDGE_CURVE('',#1993,#1994,#1720,.T.);
#2466=EDGE_CURVE('',#1994,#1982,#115,.T.);
#2467=EDGE_CURVE('',#1981,#1993,#116,.T.);
#2468=EDGE_CURVE('',#1991,#1994,#444,.T.);
#2469=EDGE_CURVE('',#1993,#1992,#445,.T.);
#2470=EDGE_CURVE('',#1992,#1995,#446,.T.);
#2471=EDGE_CURVE('',#1995,#1996,#1721,.T.);
#2472=EDGE_CURVE('',#1996,#1976,#447,.T.);
#2473=EDGE_CURVE('',#1997,#1993,#448,.T.);
#2474=EDGE_CURVE('',#1995,#1997,#449,.T.);
#2475=EDGE_CURVE('',#1984,#1998,#450,.T.);
#2476=EDGE_CURVE('',#1998,#1997,#1722,.T.);
#2477=EDGE_CURVE('',#1999,#1974,#451,.T.);
#2478=EDGE_CURVE('',#1971,#1999,#452,.T.);
#2479=EDGE_CURVE('',#2000,#1982,#453,.T.);
#2480=EDGE_CURVE('',#2000,#2001,#1661,.T.);
#2481=EDGE_CURVE('',#2001,#2002,#454,.T.);
#2482=EDGE_CURVE('',#2003,#2002,#1662,.F.);
#2483=EDGE_CURVE('',#2004,#2003,#455,.T.);
#2484=EDGE_CURVE('',#1979,#2004,#456,.T.);
#2485=EDGE_CURVE('',#1998,#2005,#457,.T.);
#2486=EDGE_CURVE('',#2006,#2005,#1723,.T.);
#2487=EDGE_CURVE('',#2006,#2007,#458,.T.);
#2488=EDGE_CURVE('',#2008,#2007,#1724,.T.);
#2489=EDGE_CURVE('',#2008,#1996,#459,.T.);
#2490=EDGE_CURVE('',#1964,#2009,#460,.T.);
#2491=EDGE_CURVE('',#2009,#1968,#461,.T.);
#2492=EDGE_CURVE('',#2005,#1986,#462,.T.);
#2493=EDGE_CURVE('',#1988,#2006,#463,.T.);
#2494=EDGE_CURVE('',#1990,#2008,#464,.T.);
#2495=EDGE_CURVE('',#2007,#1977,#465,.T.);
#2496=EDGE_CURVE('',#1941,#1946,#466,.T.);
#2497=EDGE_CURVE('',#1939,#1942,#467,.T.);
#2498=EDGE_CURVE('',#1804,#2010,#1725,.F.);
#2499=EDGE_CURVE('',#2010,#1934,#468,.T.);
#2500=EDGE_CURVE('',#1934,#2011,#469,.T.);
#2501=EDGE_CURVE('',#2011,#2012,#470,.T.);
#2502=EDGE_CURVE('',#2013,#2012,#471,.T.);
#2503=EDGE_CURVE('',#2014,#2013,#1726,.T.);
#2504=EDGE_CURVE('',#2014,#2015,#1727,.T.);
#2505=EDGE_CURVE('',#1935,#2015,#472,.T.);
#2506=EDGE_CURVE('',#2010,#2016,#473,.T.);
#2507=EDGE_CURVE('',#2016,#2011,#474,.T.);
#2508=EDGE_CURVE('',#2017,#2018,#1728,.T.);
#2509=EDGE_CURVE('',#2018,#1819,#475,.T.);
#2510=EDGE_CURVE('',#1818,#2017,#476,.T.);
#2511=EDGE_CURVE('',#2019,#2018,#477,.T.);
#2512=EDGE_CURVE('',#1811,#2019,#478,.T.);
#2513=EDGE_CURVE('',#2017,#2020,#479,.T.);
#2514=EDGE_CURVE('',#2021,#2020,#1729,.T.);
#2515=EDGE_CURVE('',#2021,#2022,#480,.T.);
#2516=EDGE_CURVE('',#2022,#2023,#481,.T.);
#2517=EDGE_CURVE('',#2023,#2024,#482,.T.);
#2518=EDGE_CURVE('',#2024,#2025,#483,.T.);
#2519=EDGE_CURVE('',#2025,#2019,#484,.T.);
#2520=EDGE_CURVE('',#2020,#1817,#485,.T.);
#2521=EDGE_CURVE('',#1816,#2021,#486,.T.);
#2522=EDGE_CURVE('',#1815,#2022,#487,.T.);
#2523=EDGE_CURVE('',#2026,#2027,#1730,.T.);
#2524=EDGE_CURVE('',#2027,#1847,#488,.T.);
#2525=EDGE_CURVE('',#1857,#2026,#489,.T.);
#2526=EDGE_CURVE('',#1856,#2028,#490,.T.);
#2527=EDGE_CURVE('',#2026,#2028,#491,.T.);
#2528=EDGE_CURVE('',#2029,#2030,#1731,.T.);
#2529=EDGE_CURVE('',#2030,#1907,#492,.T.);
#2530=EDGE_CURVE('',#1906,#2029,#493,.T.);
#2531=EDGE_CURVE('',#2031,#1905,#494,.T.);
#2532=EDGE_CURVE('',#2029,#2031,#495,.T.);
#2533=EDGE_CURVE('',#2032,#2033,#1732,.T.);
#2534=EDGE_CURVE('',#2033,#1909,#496,.T.);
#2535=EDGE_CURVE('',#1908,#2032,#497,.T.);
#2536=EDGE_CURVE('',#2032,#2030,#498,.T.);
#2537=EDGE_CURVE('',#2034,#2035,#1733,.T.);
#2538=EDGE_CURVE('',#2035,#1911,#499,.T.);
#2539=EDGE_CURVE('',#1910,#2034,#500,.T.);
#2540=EDGE_CURVE('',#2034,#2033,#501,.T.);
#2541=EDGE_CURVE('',#2036,#2031,#1734,.T.);
#2542=EDGE_CURVE('',#1912,#2036,#502,.T.);
#2543=EDGE_CURVE('',#2036,#2035,#503,.T.);
#2544=EDGE_CURVE('',#1812,#2025,#504,.T.);
#2545=EDGE_CURVE('',#1813,#2024,#505,.T.);
#2546=EDGE_CURVE('',#1814,#2023,#506,.T.);
#2547=EDGE_CURVE('',#1928,#2037,#507,.T.);
#2548=EDGE_CURVE('',#2038,#2037,#508,.T.);
#2549=EDGE_CURVE('',#1929,#2038,#509,.T.);
#2550=EDGE_CURVE('',#2039,#2038,#510,.T.);
#2551=EDGE_CURVE('',#1930,#2039,#511,.T.);
#2552=EDGE_CURVE('',#2040,#2039,#512,.T.);
#2553=EDGE_CURVE('',#1931,#2040,#513,.T.);
#2554=EDGE_CURVE('',#2037,#2040,#514,.T.);
#2555=EDGE_CURVE('',#1915,#2041,#515,.T.);
#2556=EDGE_CURVE('',#2042,#2041,#516,.T.);
#2557=EDGE_CURVE('',#1916,#2042,#517,.T.);
#2558=EDGE_CURVE('',#2043,#2042,#518,.T.);
#2559=EDGE_CURVE('',#1917,#2043,#519,.T.);
#2560=EDGE_CURVE('',#2044,#2043,#520,.T.);
#2561=EDGE_CURVE('',#1918,#2044,#521,.T.);
#2562=EDGE_CURVE('',#2045,#2044,#522,.T.);
#2563=EDGE_CURVE('',#1919,#2045,#523,.T.);
#2564=EDGE_CURVE('',#2046,#2045,#524,.T.);
#2565=EDGE_CURVE('',#1920,#2046,#525,.T.);
#2566=EDGE_CURVE('',#2047,#2046,#117,.T.);
#2567=EDGE_CURVE('',#1921,#2047,#526,.T.);
#2568=EDGE_CURVE('',#2048,#2047,#118,.T.);
#2569=EDGE_CURVE('',#1922,#2048,#527,.T.);
#2570=EDGE_CURVE('',#2049,#2048,#119,.T.);
#2571=EDGE_CURVE('',#1923,#2049,#528,.T.);
#2572=EDGE_CURVE('',#2050,#2049,#529,.T.);
#2573=EDGE_CURVE('',#1924,#2050,#530,.T.);
#2574=EDGE_CURVE('',#2051,#2050,#120,.T.);
#2575=EDGE_CURVE('',#1925,#2051,#531,.T.);
#2576=EDGE_CURVE('',#2052,#2051,#121,.T.);
#2577=EDGE_CURVE('',#1926,#2052,#532,.T.);
#2578=EDGE_CURVE('',#2053,#2052,#122,.T.);
#2579=EDGE_CURVE('',#1927,#2053,#533,.T.);
#2580=EDGE_CURVE('',#2041,#2053,#534,.T.);
#2581=EDGE_CURVE('',#2054,#2055,#123,.T.);
#2582=EDGE_CURVE('',#2054,#2056,#535,.T.);
#2583=EDGE_CURVE('',#2057,#2056,#124,.T.);
#2584=EDGE_CURVE('',#2055,#2057,#536,.T.);
#2585=EDGE_CURVE('',#2055,#2058,#125,.T.);
#2586=EDGE_CURVE('',#2059,#2057,#126,.T.);
#2587=EDGE_CURVE('',#2058,#2059,#537,.T.);
#2588=EDGE_CURVE('',#2058,#2060,#127,.T.);
#2589=EDGE_CURVE('',#2061,#2059,#128,.T.);
#2590=EDGE_CURVE('',#2060,#2061,#538,.T.);
#2591=EDGE_CURVE('',#2060,#2062,#129,.T.);
#2592=EDGE_CURVE('',#2063,#2061,#130,.T.);
#2593=EDGE_CURVE('',#2062,#2063,#539,.T.);
#2594=EDGE_CURVE('',#2062,#2064,#131,.T.);
#2595=EDGE_CURVE('',#2065,#2063,#132,.T.);
#2596=EDGE_CURVE('',#2064,#2065,#540,.T.);
#2597=EDGE_CURVE('',#2064,#2066,#133,.T.);
#2598=EDGE_CURVE('',#2067,#2065,#134,.T.);
#2599=EDGE_CURVE('',#2066,#2067,#541,.T.);
#2600=EDGE_CURVE('',#2066,#2068,#135,.T.);
#2601=EDGE_CURVE('',#2069,#2067,#136,.T.);
#2602=EDGE_CURVE('',#2068,#2069,#542,.T.);
#2603=EDGE_CURVE('',#2068,#2070,#137,.T.);
#2604=EDGE_CURVE('',#2071,#2069,#138,.T.);
#2605=EDGE_CURVE('',#2070,#2071,#543,.T.);
#2606=EDGE_CURVE('',#2070,#2054,#544,.T.);
#2607=EDGE_CURVE('',#2056,#2071,#545,.T.);
#2608=EDGE_CURVE('',#1820,#2072,#546,.T.);
#2609=EDGE_CURVE('',#2073,#2072,#547,.T.);
#2610=EDGE_CURVE('',#1821,#2073,#548,.T.);
#2611=EDGE_CURVE('',#2074,#2073,#139,.T.);
#2612=EDGE_CURVE('',#1822,#2074,#549,.T.);
#2613=EDGE_CURVE('',#2075,#2074,#140,.T.);
#2614=EDGE_CURVE('',#1823,#2075,#550,.T.);
#2615=EDGE_CURVE('',#2076,#2075,#141,.T.);
#2616=EDGE_CURVE('',#1824,#2076,#551,.T.);
#2617=EDGE_CURVE('',#2077,#2076,#142,.T.);
#2618=EDGE_CURVE('',#1825,#2077,#552,.T.);
#2619=EDGE_CURVE('',#2078,#2077,#143,.T.);
#2620=EDGE_CURVE('',#1826,#2078,#553,.T.);
#2621=EDGE_CURVE('',#2079,#2078,#144,.T.);
#2622=EDGE_CURVE('',#1827,#2079,#554,.T.);
#2623=EDGE_CURVE('',#2080,#2079,#145,.T.);
#2624=EDGE_CURVE('',#1828,#2080,#555,.T.);
#2625=EDGE_CURVE('',#2081,#2080,#146,.T.);
#2626=EDGE_CURVE('',#1829,#2081,#556,.T.);
#2627=EDGE_CURVE('',#2082,#2081,#557,.T.);
#2628=EDGE_CURVE('',#1830,#2082,#558,.T.);
#2629=EDGE_CURVE('',#2083,#2082,#147,.T.);
#2630=EDGE_CURVE('',#1831,#2083,#559,.T.);
#2631=EDGE_CURVE('',#2084,#2083,#148,.T.);
#2632=EDGE_CURVE('',#1832,#2084,#560,.T.);
#2633=EDGE_CURVE('',#2085,#2084,#561,.T.);
#2634=EDGE_CURVE('',#1833,#2085,#562,.T.);
#2635=EDGE_CURVE('',#2086,#2085,#149,.T.);
#2636=EDGE_CURVE('',#1834,#2086,#563,.T.);
#2637=EDGE_CURVE('',#2087,#2086,#150,.T.);
#2638=EDGE_CURVE('',#1835,#2087,#564,.T.);
#2639=EDGE_CURVE('',#2088,#2087,#151,.T.);
#2640=EDGE_CURVE('',#1836,#2088,#565,.T.);
#2641=EDGE_CURVE('',#2089,#2088,#152,.T.);
#2642=EDGE_CURVE('',#1837,#2089,#566,.T.);
#2643=EDGE_CURVE('',#2090,#2089,#153,.T.);
#2644=EDGE_CURVE('',#1838,#2090,#567,.T.);
#2645=EDGE_CURVE('',#2091,#2090,#154,.T.);
#2646=EDGE_CURVE('',#1839,#2091,#568,.T.);
#2647=EDGE_CURVE('',#2092,#2091,#155,.T.);
#2648=EDGE_CURVE('',#1840,#2092,#569,.T.);
#2649=EDGE_CURVE('',#2093,#2092,#156,.T.);
#2650=EDGE_CURVE('',#1841,#2093,#570,.T.);
#2651=EDGE_CURVE('',#2094,#2093,#157,.T.);
#2652=EDGE_CURVE('',#1842,#2094,#571,.T.);
#2653=EDGE_CURVE('',#2095,#2094,#158,.T.);
#2654=EDGE_CURVE('',#1843,#2095,#572,.T.);
#2655=EDGE_CURVE('',#2096,#2095,#159,.T.);
#2656=EDGE_CURVE('',#1844,#2096,#573,.T.);
#2657=EDGE_CURVE('',#2097,#2096,#160,.T.);
#2658=EDGE_CURVE('',#1845,#2097,#574,.T.);
#2659=EDGE_CURVE('',#2098,#2097,#161,.T.);
#2660=EDGE_CURVE('',#1846,#2098,#575,.T.);
#2661=EDGE_CURVE('',#2072,#2098,#162,.T.);
#2662=EDGE_CURVE('',#2099,#2027,#576,.T.);
#2663=EDGE_CURVE('',#1848,#2099,#577,.T.);
#2664=EDGE_CURVE('',#2100,#2099,#578,.T.);
#2665=EDGE_CURVE('',#1849,#2100,#579,.T.);
#2666=EDGE_CURVE('',#2101,#2100,#580,.T.);
#2667=EDGE_CURVE('',#1850,#2101,#581,.T.);
#2668=EDGE_CURVE('',#2102,#2101,#582,.T.);
#2669=EDGE_CURVE('',#1851,#2102,#583,.T.);
#2670=EDGE_CURVE('',#2103,#2102,#584,.T.);
#2671=EDGE_CURVE('',#1852,#2103,#585,.T.);
#2672=EDGE_CURVE('',#2104,#2103,#586,.T.);
#2673=EDGE_CURVE('',#1853,#2104,#587,.T.);
#2674=EDGE_CURVE('',#2105,#2104,#588,.T.);
#2675=EDGE_CURVE('',#1854,#2105,#589,.T.);
#2676=EDGE_CURVE('',#2106,#2105,#590,.T.);
#2677=EDGE_CURVE('',#1855,#2106,#591,.T.);
#2678=EDGE_CURVE('',#2028,#2106,#592,.T.);
#2679=EDGE_CURVE('',#1858,#2107,#593,.T.);
#2680=EDGE_CURVE('',#2108,#2107,#594,.T.);
#2681=EDGE_CURVE('',#1859,#2108,#595,.T.);
#2682=EDGE_CURVE('',#2109,#2108,#596,.T.);
#2683=EDGE_CURVE('',#1860,#2109,#597,.T.);
#2684=EDGE_CURVE('',#2110,#2109,#163,.T.);
#2685=EDGE_CURVE('',#1861,#2110,#598,.T.);
#2686=EDGE_CURVE('',#2111,#2110,#164,.T.);
#2687=EDGE_CURVE('',#1862,#2111,#599,.T.);
#2688=EDGE_CURVE('',#2112,#2111,#165,.T.);
#2689=EDGE_CURVE('',#1863,#2112,#600,.T.);
#2690=EDGE_CURVE('',#2113,#2112,#166,.T.);
#2691=EDGE_CURVE('',#1864,#2113,#601,.T.);
#2692=EDGE_CURVE('',#2114,#2113,#602,.T.);
#2693=EDGE_CURVE('',#1865,#2114,#603,.T.);
#2694=EDGE_CURVE('',#2115,#2114,#604,.T.);
#2695=EDGE_CURVE('',#1866,#2115,#605,.T.);
#2696=EDGE_CURVE('',#2116,#2115,#606,.T.);
#2697=EDGE_CURVE('',#1867,#2116,#607,.T.);
#2698=EDGE_CURVE('',#2117,#2116,#167,.T.);
#2699=EDGE_CURVE('',#1868,#2117,#608,.T.);
#2700=EDGE_CURVE('',#2118,#2117,#168,.T.);
#2701=EDGE_CURVE('',#1869,#2118,#609,.T.);
#2702=EDGE_CURVE('',#2119,#2118,#169,.T.);
#2703=EDGE_CURVE('',#1870,#2119,#610,.T.);
#2704=EDGE_CURVE('',#2120,#2119,#170,.T.);
#2705=EDGE_CURVE('',#1871,#2120,#611,.T.);
#2706=EDGE_CURVE('',#2121,#2120,#612,.T.);
#2707=EDGE_CURVE('',#1872,#2121,#613,.T.);
#2708=EDGE_CURVE('',#2122,#2121,#614,.T.);
#2709=EDGE_CURVE('',#1873,#2122,#615,.T.);
#2710=EDGE_CURVE('',#2107,#2122,#616,.T.);
#2711=EDGE_CURVE('',#1874,#2123,#617,.T.);
#2712=EDGE_CURVE('',#2124,#2123,#618,.T.);
#2713=EDGE_CURVE('',#1875,#2124,#619,.T.);
#2714=EDGE_CURVE('',#2125,#2124,#171,.T.);
#2715=EDGE_CURVE('',#1876,#2125,#620,.T.);
#2716=EDGE_CURVE('',#2126,#2125,#172,.T.);
#2717=EDGE_CURVE('',#1877,#2126,#621,.T.);
#2718=EDGE_CURVE('',#2127,#2126,#173,.T.);
#2719=EDGE_CURVE('',#1878,#2127,#622,.T.);
#2720=EDGE_CURVE('',#2128,#2127,#174,.T.);
#2721=EDGE_CURVE('',#1879,#2128,#623,.T.);
#2722=EDGE_CURVE('',#2129,#2128,#175,.T.);
#2723=EDGE_CURVE('',#1880,#2129,#624,.T.);
#2724=EDGE_CURVE('',#2130,#2129,#176,.T.);
#2725=EDGE_CURVE('',#1881,#2130,#625,.T.);
#2726=EDGE_CURVE('',#2131,#2130,#177,.T.);
#2727=EDGE_CURVE('',#1882,#2131,#626,.T.);
#2728=EDGE_CURVE('',#2132,#2131,#178,.T.);
#2729=EDGE_CURVE('',#1883,#2132,#627,.T.);
#2730=EDGE_CURVE('',#2133,#2132,#179,.T.);
#2731=EDGE_CURVE('',#1884,#2133,#628,.T.);
#2732=EDGE_CURVE('',#2134,#2133,#180,.T.);
#2733=EDGE_CURVE('',#1885,#2134,#629,.T.);
#2734=EDGE_CURVE('',#2135,#2134,#181,.T.);
#2735=EDGE_CURVE('',#1886,#2135,#630,.T.);
#2736=EDGE_CURVE('',#2136,#2135,#182,.T.);
#2737=EDGE_CURVE('',#1887,#2136,#631,.T.);
#2738=EDGE_CURVE('',#2137,#2136,#183,.T.);
#2739=EDGE_CURVE('',#1888,#2137,#632,.T.);
#2740=EDGE_CURVE('',#2138,#2137,#184,.T.);
#2741=EDGE_CURVE('',#1889,#2138,#633,.T.);
#2742=EDGE_CURVE('',#2139,#2138,#185,.T.);
#2743=EDGE_CURVE('',#1890,#2139,#634,.T.);
#2744=EDGE_CURVE('',#2140,#2139,#635,.T.);
#2745=EDGE_CURVE('',#1891,#2140,#636,.T.);
#2746=EDGE_CURVE('',#2141,#2140,#186,.T.);
#2747=EDGE_CURVE('',#1892,#2141,#637,.T.);
#2748=EDGE_CURVE('',#2142,#2141,#187,.T.);
#2749=EDGE_CURVE('',#1893,#2142,#638,.T.);
#2750=EDGE_CURVE('',#2143,#2142,#188,.T.);
#2751=EDGE_CURVE('',#1894,#2143,#639,.T.);
#2752=EDGE_CURVE('',#2144,#2143,#189,.T.);
#2753=EDGE_CURVE('',#1895,#2144,#640,.T.);
#2754=EDGE_CURVE('',#2145,#2144,#190,.T.);
#2755=EDGE_CURVE('',#1896,#2145,#641,.T.);
#2756=EDGE_CURVE('',#2146,#2145,#191,.T.);
#2757=EDGE_CURVE('',#1897,#2146,#642,.T.);
#2758=EDGE_CURVE('',#2147,#2146,#192,.T.);
#2759=EDGE_CURVE('',#1898,#2147,#643,.T.);
#2760=EDGE_CURVE('',#2148,#2147,#193,.T.);
#2761=EDGE_CURVE('',#1899,#2148,#644,.T.);
#2762=EDGE_CURVE('',#2149,#2148,#194,.T.);
#2763=EDGE_CURVE('',#1900,#2149,#645,.T.);
#2764=EDGE_CURVE('',#2150,#2149,#195,.T.);
#2765=EDGE_CURVE('',#1901,#2150,#646,.T.);
#2766=EDGE_CURVE('',#2151,#2150,#196,.T.);
#2767=EDGE_CURVE('',#1902,#2151,#647,.T.);
#2768=EDGE_CURVE('',#2152,#2151,#197,.T.);
#2769=EDGE_CURVE('',#1903,#2152,#648,.T.);
#2770=EDGE_CURVE('',#2153,#2152,#198,.T.);
#2771=EDGE_CURVE('',#1904,#2153,#649,.T.);
#2772=EDGE_CURVE('',#2123,#2153,#199,.T.);
#2773=EDGE_CURVE('',#2002,#2154,#650,.T.);
#2774=EDGE_CURVE('',#2154,#2155,#1735,.T.);
#2775=EDGE_CURVE('',#2155,#2156,#651,.T.);
#2776=EDGE_CURVE('',#2156,#2003,#200,.F.);
#2777=EDGE_CURVE('',#2157,#2158,#1736,.T.);
#2778=EDGE_CURVE('',#2158,#2155,#1737,.T.);
#2779=EDGE_CURVE('',#2154,#2157,#1738,.T.);
#2780=EDGE_CURVE('',#2159,#2160,#1739,.T.);
#2781=EDGE_CURVE('',#2160,#2158,#652,.T.);
#2782=EDGE_CURVE('',#2157,#2159,#653,.T.);
#2783=EDGE_CURVE('',#2161,#2162,#1740,.T.);
#2784=EDGE_CURVE('',#2162,#2160,#1741,.T.);
#2785=EDGE_CURVE('',#2159,#2161,#1742,.T.);
#2786=EDGE_CURVE('',#2163,#2000,#201,.T.);
#2787=EDGE_CURVE('',#2163,#2162,#654,.T.);
#2788=EDGE_CURVE('',#2161,#2001,#655,.T.);
#2789=EDGE_CURVE('',#2164,#2165,#656,.T.);
#2790=EDGE_CURVE('',#2166,#2164,#657,.T.);
#2791=EDGE_CURVE('',#2167,#2166,#658,.T.);
#2792=EDGE_CURVE('',#2165,#2167,#659,.T.);
#2793=EDGE_CURVE('',#2168,#2169,#1743,.T.);
#2794=EDGE_CURVE('',#2169,#2170,#1744,.T.);
#2795=EDGE_CURVE('',#2170,#2168,#1745,.T.);
#2796=EDGE_CURVE('',#2171,#2172,#1746,.T.);
#2797=EDGE_CURVE('',#2172,#2169,#660,.T.);
#2798=EDGE_CURVE('',#2168,#2171,#661,.T.);
#2799=EDGE_CURVE('',#2171,#2173,#1747,.T.);
#2800=EDGE_CURVE('',#2173,#2172,#1748,.T.);
#2801=EDGE_CURVE('',#2174,#2168,#662,.T.);
#2802=EDGE_CURVE('',#2175,#2174,#663,.T.);
#2803=EDGE_CURVE('',#2171,#2175,#664,.T.);
#2804=EDGE_CURVE('',#2170,#2176,#665,.T.);
#2805=EDGE_CURVE('',#2176,#2174,#1749,.T.);
#2806=EDGE_CURVE('',#2169,#2177,#666,.T.);
#2807=EDGE_CURVE('',#2177,#2178,#1750,.T.);
#2808=EDGE_CURVE('',#2178,#2170,#667,.T.);
#2809=EDGE_CURVE('',#1810,#2179,#1751,.T.);
#2810=EDGE_CURVE('',#2179,#2178,#1752,.T.);
#2811=EDGE_CURVE('',#2177,#1810,#1753,.T.);
#2812=EDGE_CURVE('',#1809,#2180,#1754,.T.);
#2813=EDGE_CURVE('',#2180,#2179,#668,.T.);
#2814=EDGE_CURVE('',#1808,#2181,#1755,.T.);
#2815=EDGE_CURVE('',#2181,#2180,#1756,.T.);
#2816=EDGE_CURVE('',#1807,#2182,#1757,.T.);
#2817=EDGE_CURVE('',#2182,#2181,#669,.T.);
#2818=EDGE_CURVE('',#1805,#2183,#1758,.T.);
#2819=EDGE_CURVE('',#2183,#2182,#1759,.T.);
#2820=EDGE_CURVE('',#1806,#2184,#1760,.T.);
#2821=EDGE_CURVE('',#2184,#2183,#670,.T.);
#2822=EDGE_CURVE('',#2185,#2186,#1761,.T.);
#2823=EDGE_CURVE('',#2186,#2184,#1762,.T.);
#2824=EDGE_CURVE('',#1806,#2185,#1763,.T.);
#2825=EDGE_CURVE('',#2173,#2186,#671,.T.);
#2826=EDGE_CURVE('',#2185,#2172,#672,.T.);
#2827=EDGE_CURVE('',#2175,#2187,#1764,.T.);
#2828=EDGE_CURVE('',#2187,#2173,#673,.T.);
#2829=EDGE_CURVE('',#2176,#2188,#674,.T.);
#2830=EDGE_CURVE('',#1999,#2188,#1765,.T.);
#2831=EDGE_CURVE('',#2189,#2004,#1766,.T.);
#2832=EDGE_CURVE('',#2189,#2187,#675,.T.);
#2833=EDGE_CURVE('',#2177,#2185,#676,.T.);
#2834=EDGE_CURVE('',#2166,#2013,#1663,.T.);
#2835=EDGE_CURVE('',#2012,#2167,#1664,.T.);
#2836=EDGE_CURVE('',#2190,#2191,#677,.T.);
#2837=EDGE_CURVE('',#2191,#2164,#1665,.T.);
#2838=EDGE_CURVE('',#2190,#2165,#1666,.T.);
#2839=EDGE_CURVE('',#2191,#2192,#1767,.T.);
#2840=EDGE_CURVE('',#2192,#2014,#678,.T.);
#2841=EDGE_CURVE('',#2012,#2190,#679,.T.);
#2842=EDGE_CURVE('',#2192,#2193,#1768,.F.);
#2843=EDGE_CURVE('',#2193,#2015,#680,.T.);
#2844=EDGE_CURVE('',#2190,#2016,#681,.T.);
#2845=EDGE_CURVE('',#2194,#1913,#682,.T.);
#2846=EDGE_CURVE('',#2194,#2193,#683,.T.);
#2847=EDGE_CURVE('',#2156,#2189,#684,.T.);
#2848=EDGE_CURVE('',#2183,#2155,#685,.T.);
#2849=EDGE_CURVE('',#2163,#2188,#686,.T.);
#2850=EDGE_CURVE('',#2158,#2182,#687,.T.);
#2851=EDGE_CURVE('',#2162,#2180,#688,.T.);
#2852=EDGE_CURVE('',#2181,#2160,#689,.T.);
#2853=EDGE_CURVE('',#1940,#1947,#690,.T.);
#2854=EDGE_CURVE('',#1945,#1936,#691,.T.);
#2855=EDGE_CURVE('',#1956,#2009,#692,.T.);
#2856=EDGE_CURVE('',#2195,#2194,#693,.T.);
#2857=EDGE_CURVE('',#1933,#2195,#694,.T.);
#2858=EDGE_CURVE('',#2195,#1914,#695,.T.);
#2859=EDGE_CURVE('',#1967,#1970,#696,.T.);
#2860=ORIENTED_EDGE('',*,*,#2196,.T.);
#2861=ORIENTED_EDGE('',*,*,#2197,.T.);
#2862=ORIENTED_EDGE('',*,*,#2198,.T.);
#2863=ORIENTED_EDGE('',*,*,#2199,.T.);
#2864=ORIENTED_EDGE('',*,*,#2200,.T.);
#2865=ORIENTED_EDGE('',*,*,#2196,.F.);
#2866=ORIENTED_EDGE('',*,*,#2201,.T.);
#2867=ORIENTED_EDGE('',*,*,#2199,.F.);
#2868=ORIENTED_EDGE('',*,*,#2202,.T.);
#2869=ORIENTED_EDGE('',*,*,#2203,.T.);
#2870=ORIENTED_EDGE('',*,*,#2201,.F.);
#2871=ORIENTED_EDGE('',*,*,#2204,.F.);
#2872=ORIENTED_EDGE('',*,*,#2205,.F.);
#2873=ORIENTED_EDGE('',*,*,#2206,.F.);
#2874=ORIENTED_EDGE('',*,*,#2198,.F.);
#2875=ORIENTED_EDGE('',*,*,#2207,.T.);
#2876=ORIENTED_EDGE('',*,*,#2208,.T.);
#2877=ORIENTED_EDGE('',*,*,#2204,.T.);
#2878=ORIENTED_EDGE('',*,*,#2197,.F.);
#2879=ORIENTED_EDGE('',*,*,#2209,.T.);
#2880=ORIENTED_EDGE('',*,*,#2210,.T.);
#2881=ORIENTED_EDGE('',*,*,#2211,.T.);
#2882=ORIENTED_EDGE('',*,*,#2212,.T.);
#2883=ORIENTED_EDGE('',*,*,#2213,.T.);
#2884=ORIENTED_EDGE('',*,*,#2214,.T.);
#2885=ORIENTED_EDGE('',*,*,#2215,.T.);
#2886=ORIENTED_EDGE('',*,*,#2216,.T.);
#2887=ORIENTED_EDGE('',*,*,#2212,.F.);
#2888=ORIENTED_EDGE('',*,*,#2217,.T.);
#2889=ORIENTED_EDGE('',*,*,#2215,.F.);
#2890=ORIENTED_EDGE('',*,*,#2218,.T.);
#2891=ORIENTED_EDGE('',*,*,#2219,.T.);
#2892=ORIENTED_EDGE('',*,*,#2217,.F.);
#2893=ORIENTED_EDGE('',*,*,#2220,.F.);
#2894=ORIENTED_EDGE('',*,*,#2221,.F.);
#2895=ORIENTED_EDGE('',*,*,#2222,.F.);
#2896=ORIENTED_EDGE('',*,*,#2214,.F.);
#2897=ORIENTED_EDGE('',*,*,#2223,.T.);
#2898=ORIENTED_EDGE('',*,*,#2224,.T.);
#2899=ORIENTED_EDGE('',*,*,#2220,.T.);
#2900=ORIENTED_EDGE('',*,*,#2213,.F.);
#2901=ORIENTED_EDGE('',*,*,#2225,.F.);
#2902=ORIENTED_EDGE('',*,*,#2226,.T.);
#2903=ORIENTED_EDGE('',*,*,#2227,.T.);
#2904=ORIENTED_EDGE('',*,*,#2228,.T.);
#2905=ORIENTED_EDGE('',*,*,#2229,.T.);
#2906=ORIENTED_EDGE('',*,*,#2230,.T.);
#2907=ORIENTED_EDGE('',*,*,#2219,.F.);
#2908=ORIENTED_EDGE('',*,*,#2231,.T.);
#2909=ORIENTED_EDGE('',*,*,#2230,.F.);
#2910=ORIENTED_EDGE('',*,*,#2218,.F.);
#2911=ORIENTED_EDGE('',*,*,#2222,.T.);
#2912=ORIENTED_EDGE('',*,*,#2232,.T.);
#2913=ORIENTED_EDGE('',*,*,#2233,.T.);
#2914=ORIENTED_EDGE('',*,*,#2227,.F.);
#2915=ORIENTED_EDGE('',*,*,#2231,.F.);
#2916=ORIENTED_EDGE('',*,*,#2233,.F.);
#2917=ORIENTED_EDGE('',*,*,#2234,.F.);
#2918=ORIENTED_EDGE('',*,*,#2207,.F.);
#2919=ORIENTED_EDGE('',*,*,#2211,.F.);
#2920=ORIENTED_EDGE('',*,*,#2235,.F.);
#2921=ORIENTED_EDGE('',*,*,#2200,.F.);
#2922=ORIENTED_EDGE('',*,*,#2236,.F.);
#2923=ORIENTED_EDGE('',*,*,#2237,.F.);
#2924=ORIENTED_EDGE('',*,*,#2209,.F.);
#2925=ORIENTED_EDGE('',*,*,#2238,.T.);
#2926=ORIENTED_EDGE('',*,*,#2239,.T.);
#2927=ORIENTED_EDGE('',*,*,#2240,.T.);
#2928=ORIENTED_EDGE('',*,*,#2225,.T.);
#2929=ORIENTED_EDGE('',*,*,#2229,.F.);
#2930=ORIENTED_EDGE('',*,*,#2241,.F.);
#2931=ORIENTED_EDGE('',*,*,#2238,.F.);
#2932=ORIENTED_EDGE('',*,*,#2216,.F.);
#2933=ORIENTED_EDGE('',*,*,#2203,.F.);
#2934=ORIENTED_EDGE('',*,*,#2242,.T.);
#2935=ORIENTED_EDGE('',*,*,#2243,.T.);
#2936=ORIENTED_EDGE('',*,*,#2236,.T.);
#2937=ORIENTED_EDGE('',*,*,#2202,.F.);
#2938=ORIENTED_EDGE('',*,*,#2206,.T.);
#2939=ORIENTED_EDGE('',*,*,#2244,.T.);
#2940=ORIENTED_EDGE('',*,*,#2245,.T.);
#2941=ORIENTED_EDGE('',*,*,#2240,.F.);
#2942=ORIENTED_EDGE('',*,*,#2246,.F.);
#2943=ORIENTED_EDGE('',*,*,#2242,.F.);
#2944=ORIENTED_EDGE('',*,*,#2245,.F.);
#2945=ORIENTED_EDGE('',*,*,#2247,.F.);
#2946=ORIENTED_EDGE('',*,*,#2223,.F.);
#2947=ORIENTED_EDGE('',*,*,#2226,.F.);
#2948=ORIENTED_EDGE('',*,*,#2248,.T.);
#2949=ORIENTED_EDGE('',*,*,#2249,.T.);
#2950=ORIENTED_EDGE('',*,*,#2250,.T.);
#2951=ORIENTED_EDGE('',*,*,#2251,.T.);
#2952=ORIENTED_EDGE('',*,*,#2252,.T.);
#2953=ORIENTED_EDGE('',*,*,#2253,.T.);
#2954=ORIENTED_EDGE('',*,*,#2254,.F.);
#2955=ORIENTED_EDGE('',*,*,#2255,.F.);
#2956=ORIENTED_EDGE('',*,*,#2256,.F.);
#2957=ORIENTED_EDGE('',*,*,#2257,.F.);
#2958=ORIENTED_EDGE('',*,*,#2258,.F.);
#2959=ORIENTED_EDGE('',*,*,#2259,.F.);
#2960=ORIENTED_EDGE('',*,*,#2260,.T.);
#2961=ORIENTED_EDGE('',*,*,#2261,.T.);
#2962=ORIENTED_EDGE('',*,*,#2262,.T.);
#2963=ORIENTED_EDGE('',*,*,#2263,.T.);
#2964=ORIENTED_EDGE('',*,*,#2264,.T.);
#2965=ORIENTED_EDGE('',*,*,#2265,.F.);
#2966=ORIENTED_EDGE('',*,*,#2266,.T.);
#2967=ORIENTED_EDGE('',*,*,#2267,.F.);
#2968=ORIENTED_EDGE('',*,*,#2268,.T.);
#2969=ORIENTED_EDGE('',*,*,#2269,.T.);
#2970=ORIENTED_EDGE('',*,*,#2270,.T.);
#2971=ORIENTED_EDGE('',*,*,#2271,.T.);
#2972=ORIENTED_EDGE('',*,*,#2272,.T.);
#2973=ORIENTED_EDGE('',*,*,#2273,.T.);
#2974=ORIENTED_EDGE('',*,*,#2274,.T.);
#2975=ORIENTED_EDGE('',*,*,#2275,.T.);
#2976=ORIENTED_EDGE('',*,*,#2276,.T.);
#2977=ORIENTED_EDGE('',*,*,#2277,.T.);
#2978=ORIENTED_EDGE('',*,*,#2278,.T.);
#2979=ORIENTED_EDGE('',*,*,#2279,.T.);
#2980=ORIENTED_EDGE('',*,*,#2280,.T.);
#2981=ORIENTED_EDGE('',*,*,#2281,.T.);
#2982=ORIENTED_EDGE('',*,*,#2282,.T.);
#2983=ORIENTED_EDGE('',*,*,#2283,.T.);
#2984=ORIENTED_EDGE('',*,*,#2284,.T.);
#2985=ORIENTED_EDGE('',*,*,#2285,.T.);
#2986=ORIENTED_EDGE('',*,*,#2286,.T.);
#2987=ORIENTED_EDGE('',*,*,#2287,.T.);
#2988=ORIENTED_EDGE('',*,*,#2288,.T.);
#2989=ORIENTED_EDGE('',*,*,#2289,.T.);
#2990=ORIENTED_EDGE('',*,*,#2290,.T.);
#2991=ORIENTED_EDGE('',*,*,#2291,.T.);
#2992=ORIENTED_EDGE('',*,*,#2292,.T.);
#2993=ORIENTED_EDGE('',*,*,#2293,.T.);
#2994=ORIENTED_EDGE('',*,*,#2294,.T.);
#2995=ORIENTED_EDGE('',*,*,#2295,.T.);
#2996=ORIENTED_EDGE('',*,*,#2296,.T.);
#2997=ORIENTED_EDGE('',*,*,#2297,.T.);
#2998=ORIENTED_EDGE('',*,*,#2298,.T.);
#2999=ORIENTED_EDGE('',*,*,#2299,.T.);
#3000=ORIENTED_EDGE('',*,*,#2300,.T.);
#3001=ORIENTED_EDGE('',*,*,#2301,.T.);
#3002=ORIENTED_EDGE('',*,*,#2302,.T.);
#3003=ORIENTED_EDGE('',*,*,#2303,.T.);
#3004=ORIENTED_EDGE('',*,*,#2304,.T.);
#3005=ORIENTED_EDGE('',*,*,#2305,.T.);
#3006=ORIENTED_EDGE('',*,*,#2306,.F.);
#3007=ORIENTED_EDGE('',*,*,#2307,.T.);
#3008=ORIENTED_EDGE('',*,*,#2308,.T.);
#3009=ORIENTED_EDGE('',*,*,#2309,.T.);
#3010=ORIENTED_EDGE('',*,*,#2310,.T.);
#3011=ORIENTED_EDGE('',*,*,#2311,.T.);
#3012=ORIENTED_EDGE('',*,*,#2312,.T.);
#3013=ORIENTED_EDGE('',*,*,#2313,.T.);
#3014=ORIENTED_EDGE('',*,*,#2314,.T.);
#3015=ORIENTED_EDGE('',*,*,#2315,.T.);
#3016=ORIENTED_EDGE('',*,*,#2316,.T.);
#3017=ORIENTED_EDGE('',*,*,#2317,.T.);
#3018=ORIENTED_EDGE('',*,*,#2318,.T.);
#3019=ORIENTED_EDGE('',*,*,#2319,.T.);
#3020=ORIENTED_EDGE('',*,*,#2320,.T.);
#3021=ORIENTED_EDGE('',*,*,#2321,.T.);
#3022=ORIENTED_EDGE('',*,*,#2322,.T.);
#3023=ORIENTED_EDGE('',*,*,#2323,.T.);
#3024=ORIENTED_EDGE('',*,*,#2324,.T.);
#3025=ORIENTED_EDGE('',*,*,#2325,.T.);
#3026=ORIENTED_EDGE('',*,*,#2326,.T.);
#3027=ORIENTED_EDGE('',*,*,#2327,.T.);
#3028=ORIENTED_EDGE('',*,*,#2328,.T.);
#3029=ORIENTED_EDGE('',*,*,#2329,.T.);
#3030=ORIENTED_EDGE('',*,*,#2330,.T.);
#3031=ORIENTED_EDGE('',*,*,#2331,.T.);
#3032=ORIENTED_EDGE('',*,*,#2332,.T.);
#3033=ORIENTED_EDGE('',*,*,#2333,.T.);
#3034=ORIENTED_EDGE('',*,*,#2334,.T.);
#3035=ORIENTED_EDGE('',*,*,#2335,.T.);
#3036=ORIENTED_EDGE('',*,*,#2336,.T.);
#3037=ORIENTED_EDGE('',*,*,#2337,.T.);
#3038=ORIENTED_EDGE('',*,*,#2338,.T.);
#3039=ORIENTED_EDGE('',*,*,#2339,.T.);
#3040=ORIENTED_EDGE('',*,*,#2340,.T.);
#3041=ORIENTED_EDGE('',*,*,#2341,.T.);
#3042=ORIENTED_EDGE('',*,*,#2342,.T.);
#3043=ORIENTED_EDGE('',*,*,#2343,.T.);
#3044=ORIENTED_EDGE('',*,*,#2344,.T.);
#3045=ORIENTED_EDGE('',*,*,#2345,.T.);
#3046=ORIENTED_EDGE('',*,*,#2346,.T.);
#3047=ORIENTED_EDGE('',*,*,#2347,.T.);
#3048=ORIENTED_EDGE('',*,*,#2348,.T.);
#3049=ORIENTED_EDGE('',*,*,#2349,.T.);
#3050=ORIENTED_EDGE('',*,*,#2350,.T.);
#3051=ORIENTED_EDGE('',*,*,#2351,.T.);
#3052=ORIENTED_EDGE('',*,*,#2352,.T.);
#3053=ORIENTED_EDGE('',*,*,#2353,.T.);
#3054=ORIENTED_EDGE('',*,*,#2354,.T.);
#3055=ORIENTED_EDGE('',*,*,#2355,.F.);
#3056=ORIENTED_EDGE('',*,*,#2356,.T.);
#3057=ORIENTED_EDGE('',*,*,#2357,.F.);
#3058=ORIENTED_EDGE('',*,*,#2358,.T.);
#3059=ORIENTED_EDGE('',*,*,#2359,.F.);
#3060=ORIENTED_EDGE('',*,*,#2360,.T.);
#3061=ORIENTED_EDGE('',*,*,#2361,.F.);
#3062=ORIENTED_EDGE('',*,*,#2362,.T.);
#3063=ORIENTED_EDGE('',*,*,#2251,.F.);
#3064=ORIENTED_EDGE('',*,*,#2363,.T.);
#3065=ORIENTED_EDGE('',*,*,#2364,.T.);
#3066=ORIENTED_EDGE('',*,*,#2365,.T.);
#3067=ORIENTED_EDGE('',*,*,#2366,.T.);
#3068=ORIENTED_EDGE('',*,*,#2367,.T.);
#3069=ORIENTED_EDGE('',*,*,#2368,.T.);
#3070=ORIENTED_EDGE('',*,*,#2369,.T.);
#3071=ORIENTED_EDGE('',*,*,#2370,.T.);
#3072=ORIENTED_EDGE('',*,*,#2371,.T.);
#3073=ORIENTED_EDGE('',*,*,#2372,.T.);
#3074=ORIENTED_EDGE('',*,*,#2373,.T.);
#3075=ORIENTED_EDGE('',*,*,#2374,.T.);
#3076=ORIENTED_EDGE('',*,*,#2375,.T.);
#3077=ORIENTED_EDGE('',*,*,#2376,.T.);
#3078=ORIENTED_EDGE('',*,*,#2377,.T.);
#3079=ORIENTED_EDGE('',*,*,#2378,.T.);
#3080=ORIENTED_EDGE('',*,*,#2379,.T.);
#3081=ORIENTED_EDGE('',*,*,#2380,.T.);
#3082=ORIENTED_EDGE('',*,*,#2381,.T.);
#3083=ORIENTED_EDGE('',*,*,#2249,.F.);
#3084=ORIENTED_EDGE('',*,*,#2382,.F.);
#3085=ORIENTED_EDGE('',*,*,#2383,.T.);
#3086=ORIENTED_EDGE('',*,*,#2384,.T.);
#3087=ORIENTED_EDGE('',*,*,#2248,.F.);
#3088=ORIENTED_EDGE('',*,*,#2385,.T.);
#3089=ORIENTED_EDGE('',*,*,#2386,.T.);
#3090=ORIENTED_EDGE('',*,*,#2387,.T.);
#3091=ORIENTED_EDGE('',*,*,#2382,.T.);
#3092=ORIENTED_EDGE('',*,*,#2388,.T.);
#3093=ORIENTED_EDGE('',*,*,#2389,.T.);
#3094=ORIENTED_EDGE('',*,*,#2390,.T.);
#3095=ORIENTED_EDGE('',*,*,#2391,.T.);
#3096=ORIENTED_EDGE('',*,*,#2389,.F.);
#3097=ORIENTED_EDGE('',*,*,#2392,.T.);
#3098=ORIENTED_EDGE('',*,*,#2393,.T.);
#3099=ORIENTED_EDGE('',*,*,#2394,.F.);
#3100=ORIENTED_EDGE('',*,*,#2395,.T.);
#3101=ORIENTED_EDGE('',*,*,#2396,.T.);
#3102=ORIENTED_EDGE('',*,*,#2397,.T.);
#3103=ORIENTED_EDGE('',*,*,#2398,.T.);
#3104=ORIENTED_EDGE('',*,*,#2396,.F.);
#3105=ORIENTED_EDGE('',*,*,#2399,.T.);
#3106=ORIENTED_EDGE('',*,*,#2400,.T.);
#3107=ORIENTED_EDGE('',*,*,#2401,.F.);
#3108=ORIENTED_EDGE('',*,*,#2402,.T.);
#3109=ORIENTED_EDGE('',*,*,#2403,.F.);
#3110=ORIENTED_EDGE('',*,*,#2404,.F.);
#3111=ORIENTED_EDGE('',*,*,#2405,.F.);
#3112=ORIENTED_EDGE('',*,*,#2406,.T.);
#3113=ORIENTED_EDGE('',*,*,#2407,.F.);
#3114=ORIENTED_EDGE('',*,*,#2408,.F.);
#3115=ORIENTED_EDGE('',*,*,#2409,.F.);
#3116=ORIENTED_EDGE('',*,*,#2410,.F.);
#3117=ORIENTED_EDGE('',*,*,#2402,.F.);
#3118=ORIENTED_EDGE('',*,*,#2411,.F.);
#3119=ORIENTED_EDGE('',*,*,#2406,.F.);
#3120=ORIENTED_EDGE('',*,*,#2408,.T.);
#3121=ORIENTED_EDGE('',*,*,#2412,.T.);
#3122=ORIENTED_EDGE('',*,*,#2413,.T.);
#3123=ORIENTED_EDGE('',*,*,#2414,.T.);
#3124=ORIENTED_EDGE('',*,*,#2404,.T.);
#3125=ORIENTED_EDGE('',*,*,#2415,.T.);
#3126=ORIENTED_EDGE('',*,*,#2416,.T.);
#3127=ORIENTED_EDGE('',*,*,#2417,.T.);
#3128=ORIENTED_EDGE('',*,*,#2418,.T.);
#3129=ORIENTED_EDGE('',*,*,#2419,.T.);
#3130=ORIENTED_EDGE('',*,*,#2420,.T.);
#3131=ORIENTED_EDGE('',*,*,#2421,.T.);
#3132=ORIENTED_EDGE('',*,*,#2403,.T.);
#3133=ORIENTED_EDGE('',*,*,#2410,.T.);
#3134=ORIENTED_EDGE('',*,*,#2409,.T.);
#3135=ORIENTED_EDGE('',*,*,#2414,.F.);
#3136=ORIENTED_EDGE('',*,*,#2422,.T.);
#3137=ORIENTED_EDGE('',*,*,#2423,.F.);
#3138=ORIENTED_EDGE('',*,*,#2424,.F.);
#3139=ORIENTED_EDGE('',*,*,#2415,.F.);
#3140=ORIENTED_EDGE('',*,*,#2425,.T.);
#3141=ORIENTED_EDGE('',*,*,#2426,.T.);
#3142=ORIENTED_EDGE('',*,*,#2427,.T.);
#3143=ORIENTED_EDGE('',*,*,#2416,.F.);
#3144=ORIENTED_EDGE('',*,*,#2424,.T.);
#3145=ORIENTED_EDGE('',*,*,#2428,.F.);
#3146=ORIENTED_EDGE('',*,*,#2429,.F.);
#3147=ORIENTED_EDGE('',*,*,#2420,.F.);
#3148=ORIENTED_EDGE('',*,*,#2430,.F.);
#3149=ORIENTED_EDGE('',*,*,#2431,.F.);
#3150=ORIENTED_EDGE('',*,*,#2418,.F.);
#3151=ORIENTED_EDGE('',*,*,#2432,.F.);
#3152=ORIENTED_EDGE('',*,*,#2431,.T.);
#3153=ORIENTED_EDGE('',*,*,#2433,.T.);
#3154=ORIENTED_EDGE('',*,*,#2425,.F.);
#3155=ORIENTED_EDGE('',*,*,#2419,.F.);
#3156=ORIENTED_EDGE('',*,*,#2434,.T.);
#3157=ORIENTED_EDGE('',*,*,#2435,.T.);
#3158=ORIENTED_EDGE('',*,*,#2436,.T.);
#3159=ORIENTED_EDGE('',*,*,#2437,.T.);
#3160=ORIENTED_EDGE('',*,*,#2438,.T.);
#3161=ORIENTED_EDGE('',*,*,#2436,.F.);
#3162=ORIENTED_EDGE('',*,*,#2439,.T.);
#3163=ORIENTED_EDGE('',*,*,#2440,.T.);
#3164=ORIENTED_EDGE('',*,*,#2441,.T.);
#3165=ORIENTED_EDGE('',*,*,#2442,.T.);
#3166=ORIENTED_EDGE('',*,*,#2443,.T.);
#3167=ORIENTED_EDGE('',*,*,#2444,.T.);
#3168=ORIENTED_EDGE('',*,*,#2445,.T.);
#3169=ORIENTED_EDGE('',*,*,#2446,.T.);
#3170=ORIENTED_EDGE('',*,*,#2447,.T.);
#3171=ORIENTED_EDGE('',*,*,#2448,.T.);
#3172=ORIENTED_EDGE('',*,*,#2449,.T.);
#3173=ORIENTED_EDGE('',*,*,#2450,.T.);
#3174=ORIENTED_EDGE('',*,*,#2447,.F.);
#3175=ORIENTED_EDGE('',*,*,#2451,.T.);
#3176=ORIENTED_EDGE('',*,*,#2452,.T.);
#3177=ORIENTED_EDGE('',*,*,#2453,.T.);
#3178=ORIENTED_EDGE('',*,*,#2449,.F.);
#3179=ORIENTED_EDGE('',*,*,#2454,.T.);
#3180=ORIENTED_EDGE('',*,*,#2452,.F.);
#3181=ORIENTED_EDGE('',*,*,#2455,.T.);
#3182=ORIENTED_EDGE('',*,*,#2441,.F.);
#3183=ORIENTED_EDGE('',*,*,#2456,.T.);
#3184=ORIENTED_EDGE('',*,*,#2457,.T.);
#3185=ORIENTED_EDGE('',*,*,#2458,.T.);
#3186=ORIENTED_EDGE('',*,*,#2459,.T.);
#3187=ORIENTED_EDGE('',*,*,#2443,.F.);
#3188=ORIENTED_EDGE('',*,*,#2460,.T.);
#3189=ORIENTED_EDGE('',*,*,#2440,.F.);
#3190=ORIENTED_EDGE('',*,*,#2461,.T.);
#3191=ORIENTED_EDGE('',*,*,#2458,.F.);
#3192=ORIENTED_EDGE('',*,*,#2462,.T.);
#3193=ORIENTED_EDGE('',*,*,#2463,.T.);
#3194=ORIENTED_EDGE('',*,*,#2434,.F.);
#3195=ORIENTED_EDGE('',*,*,#2464,.T.);
#3196=ORIENTED_EDGE('',*,*,#2465,.T.);
#3197=ORIENTED_EDGE('',*,*,#2466,.T.);
#3198=ORIENTED_EDGE('',*,*,#2445,.F.);
#3199=ORIENTED_EDGE('',*,*,#2467,.T.);
#3200=ORIENTED_EDGE('',*,*,#2462,.F.);
#3201=ORIENTED_EDGE('',*,*,#2468,.T.);
#3202=ORIENTED_EDGE('',*,*,#2465,.F.);
#3203=ORIENTED_EDGE('',*,*,#2469,.T.);
#3204=ORIENTED_EDGE('',*,*,#2439,.F.);
#3205=ORIENTED_EDGE('',*,*,#2435,.F.);
#3206=ORIENTED_EDGE('',*,*,#2463,.F.);
#3207=ORIENTED_EDGE('',*,*,#2470,.T.);
#3208=ORIENTED_EDGE('',*,*,#2471,.T.);
#3209=ORIENTED_EDGE('',*,*,#2472,.T.);
#3210=ORIENTED_EDGE('',*,*,#2469,.F.);
#3211=ORIENTED_EDGE('',*,*,#2473,.F.);
#3212=ORIENTED_EDGE('',*,*,#2474,.F.);
#3213=ORIENTED_EDGE('',*,*,#2470,.F.);
#3214=ORIENTED_EDGE('',*,*,#2467,.F.);
#3215=ORIENTED_EDGE('',*,*,#2448,.F.);
#3216=ORIENTED_EDGE('',*,*,#2475,.T.);
#3217=ORIENTED_EDGE('',*,*,#2476,.T.);
#3218=ORIENTED_EDGE('',*,*,#2473,.T.);
#3219=ORIENTED_EDGE('',*,*,#2437,.F.);
#3220=ORIENTED_EDGE('',*,*,#2477,.F.);
#3221=ORIENTED_EDGE('',*,*,#2478,.F.);
#3222=ORIENTED_EDGE('',*,*,#2442,.F.);
#3223=ORIENTED_EDGE('',*,*,#2455,.F.);
#3224=ORIENTED_EDGE('',*,*,#2454,.F.);
#3225=ORIENTED_EDGE('',*,*,#2451,.F.);
#3226=ORIENTED_EDGE('',*,*,#2446,.F.);
#3227=ORIENTED_EDGE('',*,*,#2479,.F.);
#3228=ORIENTED_EDGE('',*,*,#2480,.T.);
#3229=ORIENTED_EDGE('',*,*,#2481,.T.);
#3230=ORIENTED_EDGE('',*,*,#2482,.F.);
#3231=ORIENTED_EDGE('',*,*,#2483,.F.);
#3232=ORIENTED_EDGE('',*,*,#2484,.F.);
#3233=ORIENTED_EDGE('',*,*,#2221,.T.);
#3234=ORIENTED_EDGE('',*,*,#2224,.F.);
#3235=ORIENTED_EDGE('',*,*,#2247,.T.);
#3236=ORIENTED_EDGE('',*,*,#2244,.F.);
#3237=ORIENTED_EDGE('',*,*,#2205,.T.);
#3238=ORIENTED_EDGE('',*,*,#2208,.F.);
#3239=ORIENTED_EDGE('',*,*,#2234,.T.);
#3240=ORIENTED_EDGE('',*,*,#2232,.F.);
#3241=ORIENTED_EDGE('',*,*,#2476,.F.);
#3242=ORIENTED_EDGE('',*,*,#2485,.T.);
#3243=ORIENTED_EDGE('',*,*,#2486,.F.);
#3244=ORIENTED_EDGE('',*,*,#2487,.T.);
#3245=ORIENTED_EDGE('',*,*,#2488,.F.);
#3246=ORIENTED_EDGE('',*,*,#2489,.T.);
#3247=ORIENTED_EDGE('',*,*,#2471,.F.);
#3248=ORIENTED_EDGE('',*,*,#2474,.T.);
#3249=ORIENTED_EDGE('',*,*,#2490,.T.);
#3250=ORIENTED_EDGE('',*,*,#2491,.T.);
#3251=ORIENTED_EDGE('',*,*,#2428,.T.);
#3252=ORIENTED_EDGE('',*,*,#2423,.T.);
#3253=ORIENTED_EDGE('',*,*,#2450,.F.);
#3254=ORIENTED_EDGE('',*,*,#2492,.F.);
#3255=ORIENTED_EDGE('',*,*,#2485,.F.);
#3256=ORIENTED_EDGE('',*,*,#2475,.F.);
#3257=ORIENTED_EDGE('',*,*,#2453,.F.);
#3258=ORIENTED_EDGE('',*,*,#2493,.T.);
#3259=ORIENTED_EDGE('',*,*,#2486,.T.);
#3260=ORIENTED_EDGE('',*,*,#2492,.T.);
#3261=ORIENTED_EDGE('',*,*,#2459,.F.);
#3262=ORIENTED_EDGE('',*,*,#2494,.T.);
#3263=ORIENTED_EDGE('',*,*,#2488,.T.);
#3264=ORIENTED_EDGE('',*,*,#2495,.T.);
#3265=ORIENTED_EDGE('',*,*,#2444,.F.);
#3266=ORIENTED_EDGE('',*,*,#2461,.F.);
#3267=ORIENTED_EDGE('',*,*,#2472,.F.);
#3268=ORIENTED_EDGE('',*,*,#2489,.F.);
#3269=ORIENTED_EDGE('',*,*,#2494,.F.);
#3270=ORIENTED_EDGE('',*,*,#2496,.T.);
#3271=ORIENTED_EDGE('',*,*,#2399,.F.);
#3272=ORIENTED_EDGE('',*,*,#2395,.F.);
#3273=ORIENTED_EDGE('',*,*,#2497,.F.);
#3274=ORIENTED_EDGE('',*,*,#2390,.F.);
#3275=ORIENTED_EDGE('',*,*,#2394,.T.);
#3276=ORIENTED_EDGE('',*,*,#2253,.F.);
#3277=ORIENTED_EDGE('',*,*,#2498,.T.);
#3278=ORIENTED_EDGE('',*,*,#2499,.T.);
#3279=ORIENTED_EDGE('',*,*,#2385,.F.);
#3280=ORIENTED_EDGE('',*,*,#2386,.F.);
#3281=ORIENTED_EDGE('',*,*,#2500,.T.);
#3282=ORIENTED_EDGE('',*,*,#2501,.T.);
#3283=ORIENTED_EDGE('',*,*,#2502,.F.);
#3284=ORIENTED_EDGE('',*,*,#2503,.F.);
#3285=ORIENTED_EDGE('',*,*,#2504,.T.);
#3286=ORIENTED_EDGE('',*,*,#2505,.F.);
#3287=ORIENTED_EDGE('',*,*,#2499,.F.);
#3288=ORIENTED_EDGE('',*,*,#2506,.T.);
#3289=ORIENTED_EDGE('',*,*,#2507,.T.);
#3290=ORIENTED_EDGE('',*,*,#2500,.F.);
#3291=ORIENTED_EDGE('',*,*,#2508,.T.);
#3292=ORIENTED_EDGE('',*,*,#2509,.T.);
#3293=ORIENTED_EDGE('',*,*,#2267,.T.);
#3294=ORIENTED_EDGE('',*,*,#2510,.T.);
#3295=ORIENTED_EDGE('',*,*,#2509,.F.);
#3296=ORIENTED_EDGE('',*,*,#2511,.F.);
#3297=ORIENTED_EDGE('',*,*,#2512,.F.);
#3298=ORIENTED_EDGE('',*,*,#2268,.F.);
#3299=ORIENTED_EDGE('',*,*,#2508,.F.);
#3300=ORIENTED_EDGE('',*,*,#2513,.T.);
#3301=ORIENTED_EDGE('',*,*,#2514,.F.);
#3302=ORIENTED_EDGE('',*,*,#2515,.T.);
#3303=ORIENTED_EDGE('',*,*,#2516,.T.);
#3304=ORIENTED_EDGE('',*,*,#2517,.T.);
#3305=ORIENTED_EDGE('',*,*,#2518,.T.);
#3306=ORIENTED_EDGE('',*,*,#2519,.T.);
#3307=ORIENTED_EDGE('',*,*,#2511,.T.);
#3308=ORIENTED_EDGE('',*,*,#2514,.T.);
#3309=ORIENTED_EDGE('',*,*,#2520,.T.);
#3310=ORIENTED_EDGE('',*,*,#2265,.T.);
#3311=ORIENTED_EDGE('',*,*,#2521,.T.);
#3312=ORIENTED_EDGE('',*,*,#2521,.F.);
#3313=ORIENTED_EDGE('',*,*,#2264,.F.);
#3314=ORIENTED_EDGE('',*,*,#2522,.T.);
#3315=ORIENTED_EDGE('',*,*,#2515,.F.);
#3316=ORIENTED_EDGE('',*,*,#2523,.T.);
#3317=ORIENTED_EDGE('',*,*,#2524,.T.);
#3318=ORIENTED_EDGE('',*,*,#2306,.T.);
#3319=ORIENTED_EDGE('',*,*,#2525,.T.);
#3320=ORIENTED_EDGE('',*,*,#2525,.F.);
#3321=ORIENTED_EDGE('',*,*,#2305,.F.);
#3322=ORIENTED_EDGE('',*,*,#2526,.T.);
#3323=ORIENTED_EDGE('',*,*,#2527,.F.);
#3324=ORIENTED_EDGE('',*,*,#2528,.T.);
#3325=ORIENTED_EDGE('',*,*,#2529,.T.);
#3326=ORIENTED_EDGE('',*,*,#2355,.T.);
#3327=ORIENTED_EDGE('',*,*,#2530,.T.);
#3328=ORIENTED_EDGE('',*,*,#2530,.F.);
#3329=ORIENTED_EDGE('',*,*,#2354,.F.);
#3330=ORIENTED_EDGE('',*,*,#2531,.F.);
#3331=ORIENTED_EDGE('',*,*,#2532,.F.);
#3332=ORIENTED_EDGE('',*,*,#2533,.T.);
#3333=ORIENTED_EDGE('',*,*,#2534,.T.);
#3334=ORIENTED_EDGE('',*,*,#2357,.T.);
#3335=ORIENTED_EDGE('',*,*,#2535,.T.);
#3336=ORIENTED_EDGE('',*,*,#2529,.F.);
#3337=ORIENTED_EDGE('',*,*,#2536,.F.);
#3338=ORIENTED_EDGE('',*,*,#2535,.F.);
#3339=ORIENTED_EDGE('',*,*,#2356,.F.);
#3340=ORIENTED_EDGE('',*,*,#2537,.T.);
#3341=ORIENTED_EDGE('',*,*,#2538,.T.);
#3342=ORIENTED_EDGE('',*,*,#2359,.T.);
#3343=ORIENTED_EDGE('',*,*,#2539,.T.);
#3344=ORIENTED_EDGE('',*,*,#2534,.F.);
#3345=ORIENTED_EDGE('',*,*,#2540,.F.);
#3346=ORIENTED_EDGE('',*,*,#2539,.F.);
#3347=ORIENTED_EDGE('',*,*,#2358,.F.);
#3348=ORIENTED_EDGE('',*,*,#2541,.T.);
#3349=ORIENTED_EDGE('',*,*,#2531,.T.);
#3350=ORIENTED_EDGE('',*,*,#2361,.T.);
#3351=ORIENTED_EDGE('',*,*,#2542,.T.);
#3352=ORIENTED_EDGE('',*,*,#2538,.F.);
#3353=ORIENTED_EDGE('',*,*,#2543,.F.);
#3354=ORIENTED_EDGE('',*,*,#2542,.F.);
#3355=ORIENTED_EDGE('',*,*,#2360,.F.);
#3356=ORIENTED_EDGE('',*,*,#2260,.F.);
#3357=ORIENTED_EDGE('',*,*,#2512,.T.);
#3358=ORIENTED_EDGE('',*,*,#2519,.F.);
#3359=ORIENTED_EDGE('',*,*,#2544,.F.);
#3360=ORIENTED_EDGE('',*,*,#2261,.F.);
#3361=ORIENTED_EDGE('',*,*,#2544,.T.);
#3362=ORIENTED_EDGE('',*,*,#2518,.F.);
#3363=ORIENTED_EDGE('',*,*,#2545,.F.);
#3364=ORIENTED_EDGE('',*,*,#2262,.F.);
#3365=ORIENTED_EDGE('',*,*,#2545,.T.);
#3366=ORIENTED_EDGE('',*,*,#2517,.F.);
#3367=ORIENTED_EDGE('',*,*,#2546,.F.);
#3368=ORIENTED_EDGE('',*,*,#2263,.F.);
#3369=ORIENTED_EDGE('',*,*,#2546,.T.);
#3370=ORIENTED_EDGE('',*,*,#2516,.F.);
#3371=ORIENTED_EDGE('',*,*,#2522,.F.);
#3372=ORIENTED_EDGE('',*,*,#2510,.F.);
#3373=ORIENTED_EDGE('',*,*,#2266,.F.);
#3374=ORIENTED_EDGE('',*,*,#2520,.F.);
#3375=ORIENTED_EDGE('',*,*,#2513,.F.);
#3376=ORIENTED_EDGE('',*,*,#2378,.F.);
#3377=ORIENTED_EDGE('',*,*,#2547,.T.);
#3378=ORIENTED_EDGE('',*,*,#2548,.F.);
#3379=ORIENTED_EDGE('',*,*,#2549,.F.);
#3380=ORIENTED_EDGE('',*,*,#2379,.F.);
#3381=ORIENTED_EDGE('',*,*,#2549,.T.);
#3382=ORIENTED_EDGE('',*,*,#2550,.F.);
#3383=ORIENTED_EDGE('',*,*,#2551,.F.);
#3384=ORIENTED_EDGE('',*,*,#2380,.F.);
#3385=ORIENTED_EDGE('',*,*,#2551,.T.);
#3386=ORIENTED_EDGE('',*,*,#2552,.F.);
#3387=ORIENTED_EDGE('',*,*,#2553,.F.);
#3388=ORIENTED_EDGE('',*,*,#2381,.F.);
#3389=ORIENTED_EDGE('',*,*,#2553,.T.);
#3390=ORIENTED_EDGE('',*,*,#2554,.F.);
#3391=ORIENTED_EDGE('',*,*,#2547,.F.);
#3392=ORIENTED_EDGE('',*,*,#2554,.T.);
#3393=ORIENTED_EDGE('',*,*,#2552,.T.);
#3394=ORIENTED_EDGE('',*,*,#2550,.T.);
#3395=ORIENTED_EDGE('',*,*,#2548,.T.);
#3396=ORIENTED_EDGE('',*,*,#2365,.F.);
#3397=ORIENTED_EDGE('',*,*,#2555,.T.);
#3398=ORIENTED_EDGE('',*,*,#2556,.F.);
#3399=ORIENTED_EDGE('',*,*,#2557,.F.);
#3400=ORIENTED_EDGE('',*,*,#2366,.F.);
#3401=ORIENTED_EDGE('',*,*,#2557,.T.);
#3402=ORIENTED_EDGE('',*,*,#2558,.F.);
#3403=ORIENTED_EDGE('',*,*,#2559,.F.);
#3404=ORIENTED_EDGE('',*,*,#2367,.F.);
#3405=ORIENTED_EDGE('',*,*,#2559,.T.);
#3406=ORIENTED_EDGE('',*,*,#2560,.F.);
#3407=ORIENTED_EDGE('',*,*,#2561,.F.);
#3408=ORIENTED_EDGE('',*,*,#2368,.F.);
#3409=ORIENTED_EDGE('',*,*,#2561,.T.);
#3410=ORIENTED_EDGE('',*,*,#2562,.F.);
#3411=ORIENTED_EDGE('',*,*,#2563,.F.);
#3412=ORIENTED_EDGE('',*,*,#2369,.F.);
#3413=ORIENTED_EDGE('',*,*,#2563,.T.);
#3414=ORIENTED_EDGE('',*,*,#2564,.F.);
#3415=ORIENTED_EDGE('',*,*,#2565,.F.);
#3416=ORIENTED_EDGE('',*,*,#2370,.F.);
#3417=ORIENTED_EDGE('',*,*,#2565,.T.);
#3418=ORIENTED_EDGE('',*,*,#2566,.F.);
#3419=ORIENTED_EDGE('',*,*,#2567,.F.);
#3420=ORIENTED_EDGE('',*,*,#2371,.F.);
#3421=ORIENTED_EDGE('',*,*,#2567,.T.);
#3422=ORIENTED_EDGE('',*,*,#2568,.F.);
#3423=ORIENTED_EDGE('',*,*,#2569,.F.);
#3424=ORIENTED_EDGE('',*,*,#2372,.F.);
#3425=ORIENTED_EDGE('',*,*,#2569,.T.);
#3426=ORIENTED_EDGE('',*,*,#2570,.F.);
#3427=ORIENTED_EDGE('',*,*,#2571,.F.);
#3428=ORIENTED_EDGE('',*,*,#2373,.F.);
#3429=ORIENTED_EDGE('',*,*,#2571,.T.);
#3430=ORIENTED_EDGE('',*,*,#2572,.F.);
#3431=ORIENTED_EDGE('',*,*,#2573,.F.);
#3432=ORIENTED_EDGE('',*,*,#2374,.F.);
#3433=ORIENTED_EDGE('',*,*,#2573,.T.);
#3434=ORIENTED_EDGE('',*,*,#2574,.F.);
#3435=ORIENTED_EDGE('',*,*,#2575,.F.);
#3436=ORIENTED_EDGE('',*,*,#2375,.F.);
#3437=ORIENTED_EDGE('',*,*,#2575,.T.);
#3438=ORIENTED_EDGE('',*,*,#2576,.F.);
#3439=ORIENTED_EDGE('',*,*,#2577,.F.);
#3440=ORIENTED_EDGE('',*,*,#2376,.F.);
#3441=ORIENTED_EDGE('',*,*,#2577,.T.);
#3442=ORIENTED_EDGE('',*,*,#2578,.F.);
#3443=ORIENTED_EDGE('',*,*,#2579,.F.);
#3444=ORIENTED_EDGE('',*,*,#2377,.F.);
#3445=ORIENTED_EDGE('',*,*,#2579,.T.);
#3446=ORIENTED_EDGE('',*,*,#2580,.F.);
#3447=ORIENTED_EDGE('',*,*,#2555,.F.);
#3448=ORIENTED_EDGE('',*,*,#2580,.T.);
#3449=ORIENTED_EDGE('',*,*,#2578,.T.);
#3450=ORIENTED_EDGE('',*,*,#2576,.T.);
#3451=ORIENTED_EDGE('',*,*,#2574,.T.);
#3452=ORIENTED_EDGE('',*,*,#2572,.T.);
#3453=ORIENTED_EDGE('',*,*,#2570,.T.);
#3454=ORIENTED_EDGE('',*,*,#2568,.T.);
#3455=ORIENTED_EDGE('',*,*,#2566,.T.);
#3456=ORIENTED_EDGE('',*,*,#2564,.T.);
#3457=ORIENTED_EDGE('',*,*,#2562,.T.);
#3458=ORIENTED_EDGE('',*,*,#2560,.T.);
#3459=ORIENTED_EDGE('',*,*,#2558,.T.);
#3460=ORIENTED_EDGE('',*,*,#2556,.T.);
#3461=ORIENTED_EDGE('',*,*,#2581,.F.);
#3462=ORIENTED_EDGE('',*,*,#2582,.T.);
#3463=ORIENTED_EDGE('',*,*,#2583,.F.);
#3464=ORIENTED_EDGE('',*,*,#2584,.F.);
#3465=ORIENTED_EDGE('',*,*,#2585,.F.);
#3466=ORIENTED_EDGE('',*,*,#2584,.T.);
#3467=ORIENTED_EDGE('',*,*,#2586,.F.);
#3468=ORIENTED_EDGE('',*,*,#2587,.F.);
#3469=ORIENTED_EDGE('',*,*,#2588,.F.);
#3470=ORIENTED_EDGE('',*,*,#2587,.T.);
#3471=ORIENTED_EDGE('',*,*,#2589,.F.);
#3472=ORIENTED_EDGE('',*,*,#2590,.F.);
#3473=ORIENTED_EDGE('',*,*,#2591,.F.);
#3474=ORIENTED_EDGE('',*,*,#2590,.T.);
#3475=ORIENTED_EDGE('',*,*,#2592,.F.);
#3476=ORIENTED_EDGE('',*,*,#2593,.F.);
#3477=ORIENTED_EDGE('',*,*,#2594,.F.);
#3478=ORIENTED_EDGE('',*,*,#2593,.T.);
#3479=ORIENTED_EDGE('',*,*,#2595,.F.);
#3480=ORIENTED_EDGE('',*,*,#2596,.F.);
#3481=ORIENTED_EDGE('',*,*,#2597,.F.);
#3482=ORIENTED_EDGE('',*,*,#2596,.T.);
#3483=ORIENTED_EDGE('',*,*,#2598,.F.);
#3484=ORIENTED_EDGE('',*,*,#2599,.F.);
#3485=ORIENTED_EDGE('',*,*,#2600,.F.);
#3486=ORIENTED_EDGE('',*,*,#2599,.T.);
#3487=ORIENTED_EDGE('',*,*,#2601,.F.);
#3488=ORIENTED_EDGE('',*,*,#2602,.F.);
#3489=ORIENTED_EDGE('',*,*,#2603,.F.);
#3490=ORIENTED_EDGE('',*,*,#2602,.T.);
#3491=ORIENTED_EDGE('',*,*,#2604,.F.);
#3492=ORIENTED_EDGE('',*,*,#2605,.F.);
#3493=ORIENTED_EDGE('',*,*,#2606,.F.);
#3494=ORIENTED_EDGE('',*,*,#2605,.T.);
#3495=ORIENTED_EDGE('',*,*,#2607,.F.);
#3496=ORIENTED_EDGE('',*,*,#2582,.F.);
#3497=ORIENTED_EDGE('',*,*,#2269,.F.);
#3498=ORIENTED_EDGE('',*,*,#2608,.T.);
#3499=ORIENTED_EDGE('',*,*,#2609,.F.);
#3500=ORIENTED_EDGE('',*,*,#2610,.F.);
#3501=ORIENTED_EDGE('',*,*,#2270,.F.);
#3502=ORIENTED_EDGE('',*,*,#2610,.T.);
#3503=ORIENTED_EDGE('',*,*,#2611,.F.);
#3504=ORIENTED_EDGE('',*,*,#2612,.F.);
#3505=ORIENTED_EDGE('',*,*,#2271,.F.);
#3506=ORIENTED_EDGE('',*,*,#2612,.T.);
#3507=ORIENTED_EDGE('',*,*,#2613,.F.);
#3508=ORIENTED_EDGE('',*,*,#2614,.F.);
#3509=ORIENTED_EDGE('',*,*,#2272,.F.);
#3510=ORIENTED_EDGE('',*,*,#2614,.T.);
#3511=ORIENTED_EDGE('',*,*,#2615,.F.);
#3512=ORIENTED_EDGE('',*,*,#2616,.F.);
#3513=ORIENTED_EDGE('',*,*,#2273,.F.);
#3514=ORIENTED_EDGE('',*,*,#2616,.T.);
#3515=ORIENTED_EDGE('',*,*,#2617,.F.);
#3516=ORIENTED_EDGE('',*,*,#2618,.F.);
#3517=ORIENTED_EDGE('',*,*,#2274,.F.);
#3518=ORIENTED_EDGE('',*,*,#2618,.T.);
#3519=ORIENTED_EDGE('',*,*,#2619,.F.);
#3520=ORIENTED_EDGE('',*,*,#2620,.F.);
#3521=ORIENTED_EDGE('',*,*,#2275,.F.);
#3522=ORIENTED_EDGE('',*,*,#2620,.T.);
#3523=ORIENTED_EDGE('',*,*,#2621,.F.);
#3524=ORIENTED_EDGE('',*,*,#2622,.F.);
#3525=ORIENTED_EDGE('',*,*,#2276,.F.);
#3526=ORIENTED_EDGE('',*,*,#2622,.T.);
#3527=ORIENTED_EDGE('',*,*,#2623,.F.);
#3528=ORIENTED_EDGE('',*,*,#2624,.F.);
#3529=ORIENTED_EDGE('',*,*,#2277,.F.);
#3530=ORIENTED_EDGE('',*,*,#2624,.T.);
#3531=ORIENTED_EDGE('',*,*,#2625,.F.);
#3532=ORIENTED_EDGE('',*,*,#2626,.F.);
#3533=ORIENTED_EDGE('',*,*,#2278,.F.);
#3534=ORIENTED_EDGE('',*,*,#2626,.T.);
#3535=ORIENTED_EDGE('',*,*,#2627,.F.);
#3536=ORIENTED_EDGE('',*,*,#2628,.F.);
#3537=ORIENTED_EDGE('',*,*,#2279,.F.);
#3538=ORIENTED_EDGE('',*,*,#2628,.T.);
#3539=ORIENTED_EDGE('',*,*,#2629,.F.);
#3540=ORIENTED_EDGE('',*,*,#2630,.F.);
#3541=ORIENTED_EDGE('',*,*,#2280,.F.);
#3542=ORIENTED_EDGE('',*,*,#2630,.T.);
#3543=ORIENTED_EDGE('',*,*,#2631,.F.);
#3544=ORIENTED_EDGE('',*,*,#2632,.F.);
#3545=ORIENTED_EDGE('',*,*,#2281,.F.);
#3546=ORIENTED_EDGE('',*,*,#2632,.T.);
#3547=ORIENTED_EDGE('',*,*,#2633,.F.);
#3548=ORIENTED_EDGE('',*,*,#2634,.F.);
#3549=ORIENTED_EDGE('',*,*,#2282,.F.);
#3550=ORIENTED_EDGE('',*,*,#2634,.T.);
#3551=ORIENTED_EDGE('',*,*,#2635,.F.);
#3552=ORIENTED_EDGE('',*,*,#2636,.F.);
#3553=ORIENTED_EDGE('',*,*,#2283,.F.);
#3554=ORIENTED_EDGE('',*,*,#2636,.T.);
#3555=ORIENTED_EDGE('',*,*,#2637,.F.);
#3556=ORIENTED_EDGE('',*,*,#2638,.F.);
#3557=ORIENTED_EDGE('',*,*,#2284,.F.);
#3558=ORIENTED_EDGE('',*,*,#2638,.T.);
#3559=ORIENTED_EDGE('',*,*,#2639,.F.);
#3560=ORIENTED_EDGE('',*,*,#2640,.F.);
#3561=ORIENTED_EDGE('',*,*,#2285,.F.);
#3562=ORIENTED_EDGE('',*,*,#2640,.T.);
#3563=ORIENTED_EDGE('',*,*,#2641,.F.);
#3564=ORIENTED_EDGE('',*,*,#2642,.F.);
#3565=ORIENTED_EDGE('',*,*,#2286,.F.);
#3566=ORIENTED_EDGE('',*,*,#2642,.T.);
#3567=ORIENTED_EDGE('',*,*,#2643,.F.);
#3568=ORIENTED_EDGE('',*,*,#2644,.F.);
#3569=ORIENTED_EDGE('',*,*,#2287,.F.);
#3570=ORIENTED_EDGE('',*,*,#2644,.T.);
#3571=ORIENTED_EDGE('',*,*,#2645,.F.);
#3572=ORIENTED_EDGE('',*,*,#2646,.F.);
#3573=ORIENTED_EDGE('',*,*,#2288,.F.);
#3574=ORIENTED_EDGE('',*,*,#2646,.T.);
#3575=ORIENTED_EDGE('',*,*,#2647,.F.);
#3576=ORIENTED_EDGE('',*,*,#2648,.F.);
#3577=ORIENTED_EDGE('',*,*,#2289,.F.);
#3578=ORIENTED_EDGE('',*,*,#2648,.T.);
#3579=ORIENTED_EDGE('',*,*,#2649,.F.);
#3580=ORIENTED_EDGE('',*,*,#2650,.F.);
#3581=ORIENTED_EDGE('',*,*,#2290,.F.);
#3582=ORIENTED_EDGE('',*,*,#2650,.T.);
#3583=ORIENTED_EDGE('',*,*,#2651,.F.);
#3584=ORIENTED_EDGE('',*,*,#2652,.F.);
#3585=ORIENTED_EDGE('',*,*,#2291,.F.);
#3586=ORIENTED_EDGE('',*,*,#2652,.T.);
#3587=ORIENTED_EDGE('',*,*,#2653,.F.);
#3588=ORIENTED_EDGE('',*,*,#2654,.F.);
#3589=ORIENTED_EDGE('',*,*,#2292,.F.);
#3590=ORIENTED_EDGE('',*,*,#2654,.T.);
#3591=ORIENTED_EDGE('',*,*,#2655,.F.);
#3592=ORIENTED_EDGE('',*,*,#2656,.F.);
#3593=ORIENTED_EDGE('',*,*,#2293,.F.);
#3594=ORIENTED_EDGE('',*,*,#2656,.T.);
#3595=ORIENTED_EDGE('',*,*,#2657,.F.);
#3596=ORIENTED_EDGE('',*,*,#2658,.F.);
#3597=ORIENTED_EDGE('',*,*,#2294,.F.);
#3598=ORIENTED_EDGE('',*,*,#2658,.T.);
#3599=ORIENTED_EDGE('',*,*,#2659,.F.);
#3600=ORIENTED_EDGE('',*,*,#2660,.F.);
#3601=ORIENTED_EDGE('',*,*,#2295,.F.);
#3602=ORIENTED_EDGE('',*,*,#2660,.T.);
#3603=ORIENTED_EDGE('',*,*,#2661,.F.);
#3604=ORIENTED_EDGE('',*,*,#2608,.F.);
#3605=ORIENTED_EDGE('',*,*,#2661,.T.);
#3606=ORIENTED_EDGE('',*,*,#2659,.T.);
#3607=ORIENTED_EDGE('',*,*,#2657,.T.);
#3608=ORIENTED_EDGE('',*,*,#2655,.T.);
#3609=ORIENTED_EDGE('',*,*,#2653,.T.);
#3610=ORIENTED_EDGE('',*,*,#2651,.T.);
#3611=ORIENTED_EDGE('',*,*,#2649,.T.);
#3612=ORIENTED_EDGE('',*,*,#2647,.T.);
#3613=ORIENTED_EDGE('',*,*,#2645,.T.);
#3614=ORIENTED_EDGE('',*,*,#2643,.T.);
#3615=ORIENTED_EDGE('',*,*,#2641,.T.);
#3616=ORIENTED_EDGE('',*,*,#2639,.T.);
#3617=ORIENTED_EDGE('',*,*,#2637,.T.);
#3618=ORIENTED_EDGE('',*,*,#2635,.T.);
#3619=ORIENTED_EDGE('',*,*,#2633,.T.);
#3620=ORIENTED_EDGE('',*,*,#2631,.T.);
#3621=ORIENTED_EDGE('',*,*,#2629,.T.);
#3622=ORIENTED_EDGE('',*,*,#2627,.T.);
#3623=ORIENTED_EDGE('',*,*,#2625,.T.);
#3624=ORIENTED_EDGE('',*,*,#2623,.T.);
#3625=ORIENTED_EDGE('',*,*,#2621,.T.);
#3626=ORIENTED_EDGE('',*,*,#2619,.T.);
#3627=ORIENTED_EDGE('',*,*,#2617,.T.);
#3628=ORIENTED_EDGE('',*,*,#2615,.T.);
#3629=ORIENTED_EDGE('',*,*,#2613,.T.);
#3630=ORIENTED_EDGE('',*,*,#2611,.T.);
#3631=ORIENTED_EDGE('',*,*,#2609,.T.);
#3632=ORIENTED_EDGE('',*,*,#2607,.T.);
#3633=ORIENTED_EDGE('',*,*,#2604,.T.);
#3634=ORIENTED_EDGE('',*,*,#2601,.T.);
#3635=ORIENTED_EDGE('',*,*,#2598,.T.);
#3636=ORIENTED_EDGE('',*,*,#2595,.T.);
#3637=ORIENTED_EDGE('',*,*,#2592,.T.);
#3638=ORIENTED_EDGE('',*,*,#2589,.T.);
#3639=ORIENTED_EDGE('',*,*,#2586,.T.);
#3640=ORIENTED_EDGE('',*,*,#2583,.T.);
#3641=ORIENTED_EDGE('',*,*,#2581,.T.);
#3642=ORIENTED_EDGE('',*,*,#2585,.T.);
#3643=ORIENTED_EDGE('',*,*,#2588,.T.);
#3644=ORIENTED_EDGE('',*,*,#2591,.T.);
#3645=ORIENTED_EDGE('',*,*,#2594,.T.);
#3646=ORIENTED_EDGE('',*,*,#2597,.T.);
#3647=ORIENTED_EDGE('',*,*,#2600,.T.);
#3648=ORIENTED_EDGE('',*,*,#2603,.T.);
#3649=ORIENTED_EDGE('',*,*,#2606,.T.);
#3650=ORIENTED_EDGE('',*,*,#2524,.F.);
#3651=ORIENTED_EDGE('',*,*,#2662,.F.);
#3652=ORIENTED_EDGE('',*,*,#2663,.F.);
#3653=ORIENTED_EDGE('',*,*,#2296,.F.);
#3654=ORIENTED_EDGE('',*,*,#2297,.F.);
#3655=ORIENTED_EDGE('',*,*,#2663,.T.);
#3656=ORIENTED_EDGE('',*,*,#2664,.F.);
#3657=ORIENTED_EDGE('',*,*,#2665,.F.);
#3658=ORIENTED_EDGE('',*,*,#2298,.F.);
#3659=ORIENTED_EDGE('',*,*,#2665,.T.);
#3660=ORIENTED_EDGE('',*,*,#2666,.F.);
#3661=ORIENTED_EDGE('',*,*,#2667,.F.);
#3662=ORIENTED_EDGE('',*,*,#2299,.F.);
#3663=ORIENTED_EDGE('',*,*,#2667,.T.);
#3664=ORIENTED_EDGE('',*,*,#2668,.F.);
#3665=ORIENTED_EDGE('',*,*,#2669,.F.);
#3666=ORIENTED_EDGE('',*,*,#2300,.F.);
#3667=ORIENTED_EDGE('',*,*,#2669,.T.);
#3668=ORIENTED_EDGE('',*,*,#2670,.F.);
#3669=ORIENTED_EDGE('',*,*,#2671,.F.);
#3670=ORIENTED_EDGE('',*,*,#2301,.F.);
#3671=ORIENTED_EDGE('',*,*,#2671,.T.);
#3672=ORIENTED_EDGE('',*,*,#2672,.F.);
#3673=ORIENTED_EDGE('',*,*,#2673,.F.);
#3674=ORIENTED_EDGE('',*,*,#2302,.F.);
#3675=ORIENTED_EDGE('',*,*,#2673,.T.);
#3676=ORIENTED_EDGE('',*,*,#2674,.F.);
#3677=ORIENTED_EDGE('',*,*,#2675,.F.);
#3678=ORIENTED_EDGE('',*,*,#2303,.F.);
#3679=ORIENTED_EDGE('',*,*,#2675,.T.);
#3680=ORIENTED_EDGE('',*,*,#2676,.F.);
#3681=ORIENTED_EDGE('',*,*,#2677,.F.);
#3682=ORIENTED_EDGE('',*,*,#2304,.F.);
#3683=ORIENTED_EDGE('',*,*,#2677,.T.);
#3684=ORIENTED_EDGE('',*,*,#2678,.F.);
#3685=ORIENTED_EDGE('',*,*,#2526,.F.);
#3686=ORIENTED_EDGE('',*,*,#2523,.F.);
#3687=ORIENTED_EDGE('',*,*,#2527,.T.);
#3688=ORIENTED_EDGE('',*,*,#2678,.T.);
#3689=ORIENTED_EDGE('',*,*,#2676,.T.);
#3690=ORIENTED_EDGE('',*,*,#2674,.T.);
#3691=ORIENTED_EDGE('',*,*,#2672,.T.);
#3692=ORIENTED_EDGE('',*,*,#2670,.T.);
#3693=ORIENTED_EDGE('',*,*,#2668,.T.);
#3694=ORIENTED_EDGE('',*,*,#2666,.T.);
#3695=ORIENTED_EDGE('',*,*,#2664,.T.);
#3696=ORIENTED_EDGE('',*,*,#2662,.T.);
#3697=ORIENTED_EDGE('',*,*,#2307,.F.);
#3698=ORIENTED_EDGE('',*,*,#2679,.T.);
#3699=ORIENTED_EDGE('',*,*,#2680,.F.);
#3700=ORIENTED_EDGE('',*,*,#2681,.F.);
#3701=ORIENTED_EDGE('',*,*,#2308,.F.);
#3702=ORIENTED_EDGE('',*,*,#2681,.T.);
#3703=ORIENTED_EDGE('',*,*,#2682,.F.);
#3704=ORIENTED_EDGE('',*,*,#2683,.F.);
#3705=ORIENTED_EDGE('',*,*,#2309,.F.);
#3706=ORIENTED_EDGE('',*,*,#2683,.T.);
#3707=ORIENTED_EDGE('',*,*,#2684,.F.);
#3708=ORIENTED_EDGE('',*,*,#2685,.F.);
#3709=ORIENTED_EDGE('',*,*,#2310,.F.);
#3710=ORIENTED_EDGE('',*,*,#2685,.T.);
#3711=ORIENTED_EDGE('',*,*,#2686,.F.);
#3712=ORIENTED_EDGE('',*,*,#2687,.F.);
#3713=ORIENTED_EDGE('',*,*,#2311,.F.);
#3714=ORIENTED_EDGE('',*,*,#2687,.T.);
#3715=ORIENTED_EDGE('',*,*,#2688,.F.);
#3716=ORIENTED_EDGE('',*,*,#2689,.F.);
#3717=ORIENTED_EDGE('',*,*,#2312,.F.);
#3718=ORIENTED_EDGE('',*,*,#2689,.T.);
#3719=ORIENTED_EDGE('',*,*,#2690,.F.);
#3720=ORIENTED_EDGE('',*,*,#2691,.F.);
#3721=ORIENTED_EDGE('',*,*,#2313,.F.);
#3722=ORIENTED_EDGE('',*,*,#2691,.T.);
#3723=ORIENTED_EDGE('',*,*,#2692,.F.);
#3724=ORIENTED_EDGE('',*,*,#2693,.F.);
#3725=ORIENTED_EDGE('',*,*,#2314,.F.);
#3726=ORIENTED_EDGE('',*,*,#2693,.T.);
#3727=ORIENTED_EDGE('',*,*,#2694,.F.);
#3728=ORIENTED_EDGE('',*,*,#2695,.F.);
#3729=ORIENTED_EDGE('',*,*,#2315,.F.);
#3730=ORIENTED_EDGE('',*,*,#2695,.T.);
#3731=ORIENTED_EDGE('',*,*,#2696,.F.);
#3732=ORIENTED_EDGE('',*,*,#2697,.F.);
#3733=ORIENTED_EDGE('',*,*,#2316,.F.);
#3734=ORIENTED_EDGE('',*,*,#2697,.T.);
#3735=ORIENTED_EDGE('',*,*,#2698,.F.);
#3736=ORIENTED_EDGE('',*,*,#2699,.F.);
#3737=ORIENTED_EDGE('',*,*,#2317,.F.);
#3738=ORIENTED_EDGE('',*,*,#2699,.T.);
#3739=ORIENTED_EDGE('',*,*,#2700,.F.);
#3740=ORIENTED_EDGE('',*,*,#2701,.F.);
#3741=ORIENTED_EDGE('',*,*,#2318,.F.);
#3742=ORIENTED_EDGE('',*,*,#2701,.T.);
#3743=ORIENTED_EDGE('',*,*,#2702,.F.);
#3744=ORIENTED_EDGE('',*,*,#2703,.F.);
#3745=ORIENTED_EDGE('',*,*,#2319,.F.);
#3746=ORIENTED_EDGE('',*,*,#2703,.T.);
#3747=ORIENTED_EDGE('',*,*,#2704,.F.);
#3748=ORIENTED_EDGE('',*,*,#2705,.F.);
#3749=ORIENTED_EDGE('',*,*,#2320,.F.);
#3750=ORIENTED_EDGE('',*,*,#2705,.T.);
#3751=ORIENTED_EDGE('',*,*,#2706,.F.);
#3752=ORIENTED_EDGE('',*,*,#2707,.F.);
#3753=ORIENTED_EDGE('',*,*,#2321,.F.);
#3754=ORIENTED_EDGE('',*,*,#2707,.T.);
#3755=ORIENTED_EDGE('',*,*,#2708,.F.);
#3756=ORIENTED_EDGE('',*,*,#2709,.F.);
#3757=ORIENTED_EDGE('',*,*,#2322,.F.);
#3758=ORIENTED_EDGE('',*,*,#2709,.T.);
#3759=ORIENTED_EDGE('',*,*,#2710,.F.);
#3760=ORIENTED_EDGE('',*,*,#2679,.F.);
#3761=ORIENTED_EDGE('',*,*,#2710,.T.);
#3762=ORIENTED_EDGE('',*,*,#2708,.T.);
#3763=ORIENTED_EDGE('',*,*,#2706,.T.);
#3764=ORIENTED_EDGE('',*,*,#2704,.T.);
#3765=ORIENTED_EDGE('',*,*,#2702,.T.);
#3766=ORIENTED_EDGE('',*,*,#2700,.T.);
#3767=ORIENTED_EDGE('',*,*,#2698,.T.);
#3768=ORIENTED_EDGE('',*,*,#2696,.T.);
#3769=ORIENTED_EDGE('',*,*,#2694,.T.);
#3770=ORIENTED_EDGE('',*,*,#2692,.T.);
#3771=ORIENTED_EDGE('',*,*,#2690,.T.);
#3772=ORIENTED_EDGE('',*,*,#2688,.T.);
#3773=ORIENTED_EDGE('',*,*,#2686,.T.);
#3774=ORIENTED_EDGE('',*,*,#2684,.T.);
#3775=ORIENTED_EDGE('',*,*,#2682,.T.);
#3776=ORIENTED_EDGE('',*,*,#2680,.T.);
#3777=ORIENTED_EDGE('',*,*,#2323,.F.);
#3778=ORIENTED_EDGE('',*,*,#2711,.T.);
#3779=ORIENTED_EDGE('',*,*,#2712,.F.);
#3780=ORIENTED_EDGE('',*,*,#2713,.F.);
#3781=ORIENTED_EDGE('',*,*,#2324,.F.);
#3782=ORIENTED_EDGE('',*,*,#2713,.T.);
#3783=ORIENTED_EDGE('',*,*,#2714,.F.);
#3784=ORIENTED_EDGE('',*,*,#2715,.F.);
#3785=ORIENTED_EDGE('',*,*,#2325,.F.);
#3786=ORIENTED_EDGE('',*,*,#2715,.T.);
#3787=ORIENTED_EDGE('',*,*,#2716,.F.);
#3788=ORIENTED_EDGE('',*,*,#2717,.F.);
#3789=ORIENTED_EDGE('',*,*,#2326,.F.);
#3790=ORIENTED_EDGE('',*,*,#2717,.T.);
#3791=ORIENTED_EDGE('',*,*,#2718,.F.);
#3792=ORIENTED_EDGE('',*,*,#2719,.F.);
#3793=ORIENTED_EDGE('',*,*,#2327,.F.);
#3794=ORIENTED_EDGE('',*,*,#2719,.T.);
#3795=ORIENTED_EDGE('',*,*,#2720,.F.);
#3796=ORIENTED_EDGE('',*,*,#2721,.F.);
#3797=ORIENTED_EDGE('',*,*,#2328,.F.);
#3798=ORIENTED_EDGE('',*,*,#2721,.T.);
#3799=ORIENTED_EDGE('',*,*,#2722,.F.);
#3800=ORIENTED_EDGE('',*,*,#2723,.F.);
#3801=ORIENTED_EDGE('',*,*,#2329,.F.);
#3802=ORIENTED_EDGE('',*,*,#2723,.T.);
#3803=ORIENTED_EDGE('',*,*,#2724,.F.);
#3804=ORIENTED_EDGE('',*,*,#2725,.F.);
#3805=ORIENTED_EDGE('',*,*,#2330,.F.);
#3806=ORIENTED_EDGE('',*,*,#2725,.T.);
#3807=ORIENTED_EDGE('',*,*,#2726,.F.);
#3808=ORIENTED_EDGE('',*,*,#2727,.F.);
#3809=ORIENTED_EDGE('',*,*,#2331,.F.);
#3810=ORIENTED_EDGE('',*,*,#2727,.T.);
#3811=ORIENTED_EDGE('',*,*,#2728,.F.);
#3812=ORIENTED_EDGE('',*,*,#2729,.F.);
#3813=ORIENTED_EDGE('',*,*,#2332,.F.);
#3814=ORIENTED_EDGE('',*,*,#2729,.T.);
#3815=ORIENTED_EDGE('',*,*,#2730,.F.);
#3816=ORIENTED_EDGE('',*,*,#2731,.F.);
#3817=ORIENTED_EDGE('',*,*,#2333,.F.);
#3818=ORIENTED_EDGE('',*,*,#2731,.T.);
#3819=ORIENTED_EDGE('',*,*,#2732,.F.);
#3820=ORIENTED_EDGE('',*,*,#2733,.F.);
#3821=ORIENTED_EDGE('',*,*,#2334,.F.);
#3822=ORIENTED_EDGE('',*,*,#2733,.T.);
#3823=ORIENTED_EDGE('',*,*,#2734,.F.);
#3824=ORIENTED_EDGE('',*,*,#2735,.F.);
#3825=ORIENTED_EDGE('',*,*,#2335,.F.);
#3826=ORIENTED_EDGE('',*,*,#2735,.T.);
#3827=ORIENTED_EDGE('',*,*,#2736,.F.);
#3828=ORIENTED_EDGE('',*,*,#2737,.F.);
#3829=ORIENTED_EDGE('',*,*,#2336,.F.);
#3830=ORIENTED_EDGE('',*,*,#2737,.T.);
#3831=ORIENTED_EDGE('',*,*,#2738,.F.);
#3832=ORIENTED_EDGE('',*,*,#2739,.F.);
#3833=ORIENTED_EDGE('',*,*,#2337,.F.);
#3834=ORIENTED_EDGE('',*,*,#2739,.T.);
#3835=ORIENTED_EDGE('',*,*,#2740,.F.);
#3836=ORIENTED_EDGE('',*,*,#2741,.F.);
#3837=ORIENTED_EDGE('',*,*,#2338,.F.);
#3838=ORIENTED_EDGE('',*,*,#2741,.T.);
#3839=ORIENTED_EDGE('',*,*,#2742,.F.);
#3840=ORIENTED_EDGE('',*,*,#2743,.F.);
#3841=ORIENTED_EDGE('',*,*,#2339,.F.);
#3842=ORIENTED_EDGE('',*,*,#2743,.T.);
#3843=ORIENTED_EDGE('',*,*,#2744,.F.);
#3844=ORIENTED_EDGE('',*,*,#2745,.F.);
#3845=ORIENTED_EDGE('',*,*,#2340,.F.);
#3846=ORIENTED_EDGE('',*,*,#2745,.T.);
#3847=ORIENTED_EDGE('',*,*,#2746,.F.);
#3848=ORIENTED_EDGE('',*,*,#2747,.F.);
#3849=ORIENTED_EDGE('',*,*,#2341,.F.);
#3850=ORIENTED_EDGE('',*,*,#2747,.T.);
#3851=ORIENTED_EDGE('',*,*,#2748,.F.);
#3852=ORIENTED_EDGE('',*,*,#2749,.F.);
#3853=ORIENTED_EDGE('',*,*,#2342,.F.);
#3854=ORIENTED_EDGE('',*,*,#2749,.T.);
#3855=ORIENTED_EDGE('',*,*,#2750,.F.);
#3856=ORIENTED_EDGE('',*,*,#2751,.F.);
#3857=ORIENTED_EDGE('',*,*,#2343,.F.);
#3858=ORIENTED_EDGE('',*,*,#2751,.T.);
#3859=ORIENTED_EDGE('',*,*,#2752,.F.);
#3860=ORIENTED_EDGE('',*,*,#2753,.F.);
#3861=ORIENTED_EDGE('',*,*,#2344,.F.);
#3862=ORIENTED_EDGE('',*,*,#2753,.T.);
#3863=ORIENTED_EDGE('',*,*,#2754,.F.);
#3864=ORIENTED_EDGE('',*,*,#2755,.F.);
#3865=ORIENTED_EDGE('',*,*,#2345,.F.);
#3866=ORIENTED_EDGE('',*,*,#2755,.T.);
#3867=ORIENTED_EDGE('',*,*,#2756,.F.);
#3868=ORIENTED_EDGE('',*,*,#2757,.F.);
#3869=ORIENTED_EDGE('',*,*,#2346,.F.);
#3870=ORIENTED_EDGE('',*,*,#2757,.T.);
#3871=ORIENTED_EDGE('',*,*,#2758,.F.);
#3872=ORIENTED_EDGE('',*,*,#2759,.F.);
#3873=ORIENTED_EDGE('',*,*,#2347,.F.);
#3874=ORIENTED_EDGE('',*,*,#2759,.T.);
#3875=ORIENTED_EDGE('',*,*,#2760,.F.);
#3876=ORIENTED_EDGE('',*,*,#2761,.F.);
#3877=ORIENTED_EDGE('',*,*,#2348,.F.);
#3878=ORIENTED_EDGE('',*,*,#2761,.T.);
#3879=ORIENTED_EDGE('',*,*,#2762,.F.);
#3880=ORIENTED_EDGE('',*,*,#2763,.F.);
#3881=ORIENTED_EDGE('',*,*,#2349,.F.);
#3882=ORIENTED_EDGE('',*,*,#2763,.T.);
#3883=ORIENTED_EDGE('',*,*,#2764,.F.);
#3884=ORIENTED_EDGE('',*,*,#2765,.F.);
#3885=ORIENTED_EDGE('',*,*,#2350,.F.);
#3886=ORIENTED_EDGE('',*,*,#2765,.T.);
#3887=ORIENTED_EDGE('',*,*,#2766,.F.);
#3888=ORIENTED_EDGE('',*,*,#2767,.F.);
#3889=ORIENTED_EDGE('',*,*,#2351,.F.);
#3890=ORIENTED_EDGE('',*,*,#2767,.T.);
#3891=ORIENTED_EDGE('',*,*,#2768,.F.);
#3892=ORIENTED_EDGE('',*,*,#2769,.F.);
#3893=ORIENTED_EDGE('',*,*,#2352,.F.);
#3894=ORIENTED_EDGE('',*,*,#2769,.T.);
#3895=ORIENTED_EDGE('',*,*,#2770,.F.);
#3896=ORIENTED_EDGE('',*,*,#2771,.F.);
#3897=ORIENTED_EDGE('',*,*,#2353,.F.);
#3898=ORIENTED_EDGE('',*,*,#2771,.T.);
#3899=ORIENTED_EDGE('',*,*,#2772,.F.);
#3900=ORIENTED_EDGE('',*,*,#2711,.F.);
#3901=ORIENTED_EDGE('',*,*,#2772,.T.);
#3902=ORIENTED_EDGE('',*,*,#2770,.T.);
#3903=ORIENTED_EDGE('',*,*,#2768,.T.);
#3904=ORIENTED_EDGE('',*,*,#2766,.T.);
#3905=ORIENTED_EDGE('',*,*,#2764,.T.);
#3906=ORIENTED_EDGE('',*,*,#2762,.T.);
#3907=ORIENTED_EDGE('',*,*,#2760,.T.);
#3908=ORIENTED_EDGE('',*,*,#2758,.T.);
#3909=ORIENTED_EDGE('',*,*,#2756,.T.);
#3910=ORIENTED_EDGE('',*,*,#2754,.T.);
#3911=ORIENTED_EDGE('',*,*,#2752,.T.);
#3912=ORIENTED_EDGE('',*,*,#2750,.T.);
#3913=ORIENTED_EDGE('',*,*,#2748,.T.);
#3914=ORIENTED_EDGE('',*,*,#2746,.T.);
#3915=ORIENTED_EDGE('',*,*,#2744,.T.);
#3916=ORIENTED_EDGE('',*,*,#2742,.T.);
#3917=ORIENTED_EDGE('',*,*,#2740,.T.);
#3918=ORIENTED_EDGE('',*,*,#2738,.T.);
#3919=ORIENTED_EDGE('',*,*,#2736,.T.);
#3920=ORIENTED_EDGE('',*,*,#2734,.T.);
#3921=ORIENTED_EDGE('',*,*,#2732,.T.);
#3922=ORIENTED_EDGE('',*,*,#2730,.T.);
#3923=ORIENTED_EDGE('',*,*,#2728,.T.);
#3924=ORIENTED_EDGE('',*,*,#2726,.T.);
#3925=ORIENTED_EDGE('',*,*,#2724,.T.);
#3926=ORIENTED_EDGE('',*,*,#2722,.T.);
#3927=ORIENTED_EDGE('',*,*,#2720,.T.);
#3928=ORIENTED_EDGE('',*,*,#2718,.T.);
#3929=ORIENTED_EDGE('',*,*,#2716,.T.);
#3930=ORIENTED_EDGE('',*,*,#2714,.T.);
#3931=ORIENTED_EDGE('',*,*,#2712,.T.);
#3932=ORIENTED_EDGE('',*,*,#2528,.F.);
#3933=ORIENTED_EDGE('',*,*,#2532,.T.);
#3934=ORIENTED_EDGE('',*,*,#2541,.F.);
#3935=ORIENTED_EDGE('',*,*,#2543,.T.);
#3936=ORIENTED_EDGE('',*,*,#2537,.F.);
#3937=ORIENTED_EDGE('',*,*,#2540,.T.);
#3938=ORIENTED_EDGE('',*,*,#2533,.F.);
#3939=ORIENTED_EDGE('',*,*,#2536,.T.);
#3940=ORIENTED_EDGE('',*,*,#2482,.T.);
#3941=ORIENTED_EDGE('',*,*,#2773,.T.);
#3942=ORIENTED_EDGE('',*,*,#2774,.T.);
#3943=ORIENTED_EDGE('',*,*,#2775,.T.);
#3944=ORIENTED_EDGE('',*,*,#2776,.T.);
#3945=ORIENTED_EDGE('',*,*,#2777,.T.);
#3946=ORIENTED_EDGE('',*,*,#2778,.T.);
#3947=ORIENTED_EDGE('',*,*,#2774,.F.);
#3948=ORIENTED_EDGE('',*,*,#2779,.T.);
#3949=ORIENTED_EDGE('',*,*,#2780,.T.);
#3950=ORIENTED_EDGE('',*,*,#2781,.T.);
#3951=ORIENTED_EDGE('',*,*,#2777,.F.);
#3952=ORIENTED_EDGE('',*,*,#2782,.T.);
#3953=ORIENTED_EDGE('',*,*,#2783,.T.);
#3954=ORIENTED_EDGE('',*,*,#2784,.T.);
#3955=ORIENTED_EDGE('',*,*,#2780,.F.);
#3956=ORIENTED_EDGE('',*,*,#2785,.T.);
#3957=ORIENTED_EDGE('',*,*,#2786,.F.);
#3958=ORIENTED_EDGE('',*,*,#2787,.T.);
#3959=ORIENTED_EDGE('',*,*,#2783,.F.);
#3960=ORIENTED_EDGE('',*,*,#2788,.T.);
#3961=ORIENTED_EDGE('',*,*,#2480,.F.);
#3962=ORIENTED_EDGE('',*,*,#2788,.F.);
#3963=ORIENTED_EDGE('',*,*,#2785,.F.);
#3964=ORIENTED_EDGE('',*,*,#2782,.F.);
#3965=ORIENTED_EDGE('',*,*,#2779,.F.);
#3966=ORIENTED_EDGE('',*,*,#2773,.F.);
#3967=ORIENTED_EDGE('',*,*,#2481,.F.);
#3968=ORIENTED_EDGE('',*,*,#2246,.T.);
#3969=ORIENTED_EDGE('',*,*,#2239,.F.);
#3970=ORIENTED_EDGE('',*,*,#2241,.T.);
#3971=ORIENTED_EDGE('',*,*,#2228,.F.);
#3972=ORIENTED_EDGE('',*,*,#2235,.T.);
#3973=ORIENTED_EDGE('',*,*,#2210,.F.);
#3974=ORIENTED_EDGE('',*,*,#2237,.T.);
#3975=ORIENTED_EDGE('',*,*,#2243,.F.);
#3976=ORIENTED_EDGE('',*,*,#2789,.F.);
#3977=ORIENTED_EDGE('',*,*,#2790,.F.);
#3978=ORIENTED_EDGE('',*,*,#2791,.F.);
#3979=ORIENTED_EDGE('',*,*,#2792,.F.);
#3980=ORIENTED_EDGE('',*,*,#2793,.T.);
#3981=ORIENTED_EDGE('',*,*,#2794,.T.);
#3982=ORIENTED_EDGE('',*,*,#2795,.T.);
#3983=ORIENTED_EDGE('',*,*,#2796,.T.);
#3984=ORIENTED_EDGE('',*,*,#2797,.T.);
#3985=ORIENTED_EDGE('',*,*,#2793,.F.);
#3986=ORIENTED_EDGE('',*,*,#2798,.T.);
#3987=ORIENTED_EDGE('',*,*,#2796,.F.);
#3988=ORIENTED_EDGE('',*,*,#2799,.T.);
#3989=ORIENTED_EDGE('',*,*,#2800,.T.);
#3990=ORIENTED_EDGE('',*,*,#2798,.F.);
#3991=ORIENTED_EDGE('',*,*,#2801,.F.);
#3992=ORIENTED_EDGE('',*,*,#2802,.F.);
#3993=ORIENTED_EDGE('',*,*,#2803,.F.);
#3994=ORIENTED_EDGE('',*,*,#2795,.F.);
#3995=ORIENTED_EDGE('',*,*,#2804,.T.);
#3996=ORIENTED_EDGE('',*,*,#2805,.T.);
#3997=ORIENTED_EDGE('',*,*,#2801,.T.);
#3998=ORIENTED_EDGE('',*,*,#2794,.F.);
#3999=ORIENTED_EDGE('',*,*,#2806,.T.);
#4000=ORIENTED_EDGE('',*,*,#2807,.T.);
#4001=ORIENTED_EDGE('',*,*,#2808,.T.);
#4002=ORIENTED_EDGE('',*,*,#2809,.T.);
#4003=ORIENTED_EDGE('',*,*,#2810,.T.);
#4004=ORIENTED_EDGE('',*,*,#2807,.F.);
#4005=ORIENTED_EDGE('',*,*,#2811,.T.);
#4006=ORIENTED_EDGE('',*,*,#2812,.T.);
#4007=ORIENTED_EDGE('',*,*,#2813,.T.);
#4008=ORIENTED_EDGE('',*,*,#2809,.F.);
#4009=ORIENTED_EDGE('',*,*,#2258,.T.);
#4010=ORIENTED_EDGE('',*,*,#2814,.T.);
#4011=ORIENTED_EDGE('',*,*,#2815,.T.);
#4012=ORIENTED_EDGE('',*,*,#2812,.F.);
#4013=ORIENTED_EDGE('',*,*,#2257,.T.);
#4014=ORIENTED_EDGE('',*,*,#2816,.T.);
#4015=ORIENTED_EDGE('',*,*,#2817,.T.);
#4016=ORIENTED_EDGE('',*,*,#2814,.F.);
#4017=ORIENTED_EDGE('',*,*,#2256,.T.);
#4018=ORIENTED_EDGE('',*,*,#2818,.T.);
#4019=ORIENTED_EDGE('',*,*,#2819,.T.);
#4020=ORIENTED_EDGE('',*,*,#2816,.F.);
#4021=ORIENTED_EDGE('',*,*,#2255,.T.);
#4022=ORIENTED_EDGE('',*,*,#2820,.T.);
#4023=ORIENTED_EDGE('',*,*,#2821,.T.);
#4024=ORIENTED_EDGE('',*,*,#2818,.F.);
#4025=ORIENTED_EDGE('',*,*,#2254,.T.);
#4026=ORIENTED_EDGE('',*,*,#2822,.T.);
#4027=ORIENTED_EDGE('',*,*,#2823,.T.);
#4028=ORIENTED_EDGE('',*,*,#2820,.F.);
#4029=ORIENTED_EDGE('',*,*,#2824,.T.);
#4030=ORIENTED_EDGE('',*,*,#2800,.F.);
#4031=ORIENTED_EDGE('',*,*,#2825,.T.);
#4032=ORIENTED_EDGE('',*,*,#2822,.F.);
#4033=ORIENTED_EDGE('',*,*,#2826,.T.);
#4034=ORIENTED_EDGE('',*,*,#2799,.F.);
#4035=ORIENTED_EDGE('',*,*,#2803,.T.);
#4036=ORIENTED_EDGE('',*,*,#2827,.T.);
#4037=ORIENTED_EDGE('',*,*,#2828,.T.);
#4038=ORIENTED_EDGE('',*,*,#2827,.F.);
#4039=ORIENTED_EDGE('',*,*,#2802,.T.);
#4040=ORIENTED_EDGE('',*,*,#2805,.F.);
#4041=ORIENTED_EDGE('',*,*,#2829,.T.);
#4042=ORIENTED_EDGE('',*,*,#2830,.F.);
#4043=ORIENTED_EDGE('',*,*,#2477,.T.);
#4044=ORIENTED_EDGE('',*,*,#2438,.F.);
#4045=ORIENTED_EDGE('',*,*,#2460,.F.);
#4046=ORIENTED_EDGE('',*,*,#2457,.F.);
#4047=ORIENTED_EDGE('',*,*,#2484,.T.);
#4048=ORIENTED_EDGE('',*,*,#2831,.F.);
#4049=ORIENTED_EDGE('',*,*,#2832,.T.);
#4050=ORIENTED_EDGE('',*,*,#2824,.F.);
#4051=ORIENTED_EDGE('',*,*,#2259,.T.);
#4052=ORIENTED_EDGE('',*,*,#2811,.F.);
#4053=ORIENTED_EDGE('',*,*,#2833,.T.);
#4054=ORIENTED_EDGE('',*,*,#2797,.F.);
#4055=ORIENTED_EDGE('',*,*,#2826,.F.);
#4056=ORIENTED_EDGE('',*,*,#2833,.F.);
#4057=ORIENTED_EDGE('',*,*,#2806,.F.);
#4058=ORIENTED_EDGE('',*,*,#2791,.T.);
#4059=ORIENTED_EDGE('',*,*,#2834,.T.);
#4060=ORIENTED_EDGE('',*,*,#2502,.T.);
#4061=ORIENTED_EDGE('',*,*,#2835,.T.);
#4062=ORIENTED_EDGE('',*,*,#2836,.T.);
#4063=ORIENTED_EDGE('',*,*,#2837,.T.);
#4064=ORIENTED_EDGE('',*,*,#2789,.T.);
#4065=ORIENTED_EDGE('',*,*,#2838,.F.);
#4066=ORIENTED_EDGE('',*,*,#2790,.T.);
#4067=ORIENTED_EDGE('',*,*,#2837,.F.);
#4068=ORIENTED_EDGE('',*,*,#2839,.T.);
#4069=ORIENTED_EDGE('',*,*,#2840,.T.);
#4070=ORIENTED_EDGE('',*,*,#2503,.T.);
#4071=ORIENTED_EDGE('',*,*,#2834,.F.);
#4072=ORIENTED_EDGE('',*,*,#2792,.T.);
#4073=ORIENTED_EDGE('',*,*,#2835,.F.);
#4074=ORIENTED_EDGE('',*,*,#2841,.T.);
#4075=ORIENTED_EDGE('',*,*,#2838,.T.);
#4076=ORIENTED_EDGE('',*,*,#2840,.F.);
#4077=ORIENTED_EDGE('',*,*,#2842,.T.);
#4078=ORIENTED_EDGE('',*,*,#2843,.T.);
#4079=ORIENTED_EDGE('',*,*,#2504,.F.);
#4080=ORIENTED_EDGE('',*,*,#2836,.F.);
#4081=ORIENTED_EDGE('',*,*,#2844,.T.);
#4082=ORIENTED_EDGE('',*,*,#2506,.F.);
#4083=ORIENTED_EDGE('',*,*,#2498,.F.);
#4084=ORIENTED_EDGE('',*,*,#2252,.F.);
#4085=ORIENTED_EDGE('',*,*,#2362,.F.);
#4086=ORIENTED_EDGE('',*,*,#2845,.F.);
#4087=ORIENTED_EDGE('',*,*,#2846,.T.);
#4088=ORIENTED_EDGE('',*,*,#2842,.F.);
#4089=ORIENTED_EDGE('',*,*,#2839,.F.);
#4090=ORIENTED_EDGE('',*,*,#2831,.T.);
#4091=ORIENTED_EDGE('',*,*,#2483,.T.);
#4092=ORIENTED_EDGE('',*,*,#2776,.F.);
#4093=ORIENTED_EDGE('',*,*,#2847,.T.);
#4094=ORIENTED_EDGE('',*,*,#2775,.F.);
#4095=ORIENTED_EDGE('',*,*,#2848,.F.);
#4096=ORIENTED_EDGE('',*,*,#2821,.F.);
#4097=ORIENTED_EDGE('',*,*,#2823,.F.);
#4098=ORIENTED_EDGE('',*,*,#2825,.F.);
#4099=ORIENTED_EDGE('',*,*,#2828,.F.);
#4100=ORIENTED_EDGE('',*,*,#2832,.F.);
#4101=ORIENTED_EDGE('',*,*,#2847,.F.);
#4102=ORIENTED_EDGE('',*,*,#2464,.F.);
#4103=ORIENTED_EDGE('',*,*,#2478,.T.);
#4104=ORIENTED_EDGE('',*,*,#2830,.T.);
#4105=ORIENTED_EDGE('',*,*,#2849,.F.);
#4106=ORIENTED_EDGE('',*,*,#2786,.T.);
#4107=ORIENTED_EDGE('',*,*,#2479,.T.);
#4108=ORIENTED_EDGE('',*,*,#2466,.F.);
#4109=ORIENTED_EDGE('',*,*,#2468,.F.);
#4110=ORIENTED_EDGE('',*,*,#2778,.F.);
#4111=ORIENTED_EDGE('',*,*,#2850,.T.);
#4112=ORIENTED_EDGE('',*,*,#2819,.F.);
#4113=ORIENTED_EDGE('',*,*,#2848,.T.);
#4114=ORIENTED_EDGE('',*,*,#2784,.F.);
#4115=ORIENTED_EDGE('',*,*,#2851,.T.);
#4116=ORIENTED_EDGE('',*,*,#2815,.F.);
#4117=ORIENTED_EDGE('',*,*,#2852,.T.);
#4118=ORIENTED_EDGE('',*,*,#2849,.T.);
#4119=ORIENTED_EDGE('',*,*,#2829,.F.);
#4120=ORIENTED_EDGE('',*,*,#2804,.F.);
#4121=ORIENTED_EDGE('',*,*,#2808,.F.);
#4122=ORIENTED_EDGE('',*,*,#2810,.F.);
#4123=ORIENTED_EDGE('',*,*,#2813,.F.);
#4124=ORIENTED_EDGE('',*,*,#2851,.F.);
#4125=ORIENTED_EDGE('',*,*,#2787,.F.);
#4126=ORIENTED_EDGE('',*,*,#2400,.F.);
#4127=ORIENTED_EDGE('',*,*,#2496,.F.);
#4128=ORIENTED_EDGE('',*,*,#2393,.F.);
#4129=ORIENTED_EDGE('',*,*,#2853,.T.);
#4130=ORIENTED_EDGE('',*,*,#2391,.F.);
#4131=ORIENTED_EDGE('',*,*,#2497,.T.);
#4132=ORIENTED_EDGE('',*,*,#2398,.F.);
#4133=ORIENTED_EDGE('',*,*,#2854,.T.);
#4134=ORIENTED_EDGE('',*,*,#2405,.T.);
#4135=ORIENTED_EDGE('',*,*,#2421,.F.);
#4136=ORIENTED_EDGE('',*,*,#2429,.T.);
#4137=ORIENTED_EDGE('',*,*,#2491,.F.);
#4138=ORIENTED_EDGE('',*,*,#2855,.F.);
#4139=ORIENTED_EDGE('',*,*,#2412,.F.);
#4140=ORIENTED_EDGE('',*,*,#2407,.T.);
#4141=ORIENTED_EDGE('',*,*,#2411,.T.);
#4142=ORIENTED_EDGE('',*,*,#2490,.F.);
#4143=ORIENTED_EDGE('',*,*,#2422,.F.);
#4144=ORIENTED_EDGE('',*,*,#2413,.F.);
#4145=ORIENTED_EDGE('',*,*,#2855,.T.);
#4146=ORIENTED_EDGE('',*,*,#2854,.F.);
#4147=ORIENTED_EDGE('',*,*,#2397,.F.);
#4148=ORIENTED_EDGE('',*,*,#2401,.T.);
#4149=ORIENTED_EDGE('',*,*,#2853,.F.);
#4150=ORIENTED_EDGE('',*,*,#2392,.F.);
#4151=ORIENTED_EDGE('',*,*,#2388,.F.);
#4152=ORIENTED_EDGE('',*,*,#2456,.F.);
#4153=ORIENTED_EDGE('',*,*,#2495,.F.);
#4154=ORIENTED_EDGE('',*,*,#2487,.F.);
#4155=ORIENTED_EDGE('',*,*,#2493,.F.);
#4156=ORIENTED_EDGE('',*,*,#2841,.F.);
#4157=ORIENTED_EDGE('',*,*,#2501,.F.);
#4158=ORIENTED_EDGE('',*,*,#2507,.F.);
#4159=ORIENTED_EDGE('',*,*,#2844,.F.);
#4160=ORIENTED_EDGE('',*,*,#2843,.F.);
#4161=ORIENTED_EDGE('',*,*,#2846,.F.);
#4162=ORIENTED_EDGE('',*,*,#2856,.F.);
#4163=ORIENTED_EDGE('',*,*,#2857,.F.);
#4164=ORIENTED_EDGE('',*,*,#2383,.F.);
#4165=ORIENTED_EDGE('',*,*,#2387,.F.);
#4166=ORIENTED_EDGE('',*,*,#2505,.T.);
#4167=ORIENTED_EDGE('',*,*,#2856,.T.);
#4168=ORIENTED_EDGE('',*,*,#2845,.T.);
#4169=ORIENTED_EDGE('',*,*,#2364,.F.);
#4170=ORIENTED_EDGE('',*,*,#2858,.F.);
#4171=ORIENTED_EDGE('',*,*,#2857,.T.);
#4172=ORIENTED_EDGE('',*,*,#2858,.T.);
#4173=ORIENTED_EDGE('',*,*,#2363,.F.);
#4174=ORIENTED_EDGE('',*,*,#2250,.F.);
#4175=ORIENTED_EDGE('',*,*,#2384,.F.);
#4176=ORIENTED_EDGE('',*,*,#2781,.F.);
#4177=ORIENTED_EDGE('',*,*,#2852,.F.);
#4178=ORIENTED_EDGE('',*,*,#2817,.F.);
#4179=ORIENTED_EDGE('',*,*,#2850,.F.);
#4180=ORIENTED_EDGE('',*,*,#2432,.T.);
#4181=ORIENTED_EDGE('',*,*,#2417,.F.);
#4182=ORIENTED_EDGE('',*,*,#2427,.F.);
#4183=ORIENTED_EDGE('',*,*,#2859,.T.);
#4184=ORIENTED_EDGE('',*,*,#2430,.T.);
#4185=ORIENTED_EDGE('',*,*,#2859,.F.);
#4186=ORIENTED_EDGE('',*,*,#2426,.F.);
#4187=ORIENTED_EDGE('',*,*,#2433,.F.);
#4188=B_SPLINE_SURFACE_WITH_KNOTS('',3,3,((#5754,#5755,#5756,#5757,#5758,
#5759,#5760,#5761),(#5762,#5763,#5764,#5765,#5766,#5767,#5768,#5769),(#5770,
#5771,#5772,#5773,#5774,#5775,#5776,#5777),(#5778,#5779,#5780,#5781,#5782,
#5783,#5784,#5785),(#5786,#5787,#5788,#5789,#5790,#5791,#5792,#5793),(#5794,
#5795,#5796,#5797,#5798,#5799,#5800,#5801)),.UNSPECIFIED.,.F.,.F.,.F.,(4,
1,1,4),(4,1,1,1,1,4),(0.,0.285714285714286,0.571428571428571,1.),(-1.5707963267949,
-1.34639685153848,-0.897597901025655,-0.448798950512828,-0.224399475256414,
0.),.UNSPECIFIED.);
#4189=B_SPLINE_SURFACE_WITH_KNOTS('',3,3,((#5814,#5815,#5816,#5817,#5818,
#5819,#5820),(#5821,#5822,#5823,#5824,#5825,#5826,#5827),(#5828,#5829,#5830,
#5831,#5832,#5833,#5834),(#5835,#5836,#5837,#5838,#5839,#5840,#5841),(#5842,
#5843,#5844,#5845,#5846,#5847,#5848),(#5849,#5850,#5851,#5852,#5853,#5854,
#5855)),.UNSPECIFIED.,.F.,.F.,.F.,(4,1,1,4),(4,1,1,1,4),(0.,0.285714285714286,
0.571428571428571,1.),(0.,0.224399475256414,0.673198425769241,1.12199737628207,
1.5707963267949),.UNSPECIFIED.);
#4190=B_SPLINE_SURFACE_WITH_KNOTS('',3,3,((#6661,#6662,#6663,#6664,#6665),
(#6666,#6667,#6668,#6669,#6670),(#6671,#6672,#6673,#6674,#6675),(#6676,
#6677,#6678,#6679,#6680),(#6681,#6682,#6683,#6684,#6685)),.UNSPECIFIED.,
 .F.,.F.,.F.,(4,1,4),(4,1,4),(0.,0.571428571428571,1.),(1.35386254468292E-15,
0.154019824595912,0.359379590723793),.UNSPECIFIED.);
#4191=B_SPLINE_SURFACE_WITH_KNOTS('',3,3,((#6699,#6700,#6701,#6702,#6703,
#6704),(#6705,#6706,#6707,#6708,#6709,#6710),(#6711,#6712,#6713,#6714,#6715,
#6716),(#6717,#6718,#6719,#6720,#6721,#6722),(#6723,#6724,#6725,#6726,#6727,
#6728)),.UNSPECIFIED.,.F.,.F.,.F.,(4,1,4),(4,1,1,4),(0.,0.571428571428571,
1.),(-0.359379590723846,-0.205359766127911,-0.0256699707659876,1.48281392348834E-15),
 .UNSPECIFIED.);
#4192=B_SPLINE_SURFACE_WITH_KNOTS('',3,1,((#6938,#6939),(#6940,#6941),(#6942,
#6943),(#6944,#6945),(#6946,#6947)),.UNSPECIFIED.,.F.,.F.,.F.,(4,1,4),(2,
2),(-0.206223560151143,-0.121511352201209,0.),(0.,0.2),.UNSPECIFIED.);
#4193=B_SPLINE_SURFACE_WITH_KNOTS('',3,1,((#6955,#6956),(#6957,#6958),(#6959,
#6960),(#6961,#6962),(#6963,#6964)),.UNSPECIFIED.,.F.,.F.,.F.,(4,1,4),(2,
2),(-0.233666592867768,-0.103593982921045,0.),(0.,0.2),.UNSPECIFIED.);
#4194=B_SPLINE_SURFACE_WITH_KNOTS('',3,1,((#6972,#6973),(#6974,#6975),(#6976,
#6977),(#6978,#6979),(#6980,#6981)),.UNSPECIFIED.,.F.,.F.,.F.,(4,1,4),(2,
2),(-0.186262262074275,-0.076478396217617,0.),(0.,0.2),.UNSPECIFIED.);
#4195=B_SPLINE_SURFACE_WITH_KNOTS('',3,1,((#6993,#6994),(#6995,#6996),(#6997,
#6998),(#6999,#7000),(#7001,#7002)),.UNSPECIFIED.,.F.,.F.,.F.,(4,1,4),(2,
2),(-0.135340470357843,-0.0649801933855123,0.),(0.,0.2),.UNSPECIFIED.);
#4196=B_SPLINE_SURFACE_WITH_KNOTS('',3,1,((#7010,#7011),(#7012,#7013),(#7014,
#7015),(#7016,#7017),(#7018,#7019)),.UNSPECIFIED.,.F.,.F.,.F.,(4,1,4),(2,
2),(-0.0836210877496367,-0.0447411418734836,0.),(0.,0.2),.UNSPECIFIED.);
#4197=B_SPLINE_SURFACE_WITH_KNOTS('',3,1,((#7027,#7028),(#7029,#7030),(#7031,
#7032),(#7033,#7034),(#7035,#7036)),.UNSPECIFIED.,.F.,.F.,.F.,(4,1,4),(2,
2),(-0.0965717166175807,-0.0421013318769559,0.),(0.,0.2),.UNSPECIFIED.);
#4198=B_SPLINE_SURFACE_WITH_KNOTS('',3,1,((#7047,#7048),(#7049,#7050),(#7051,
#7052),(#7053,#7054),(#7055,#7056)),.UNSPECIFIED.,.F.,.F.,.F.,(4,1,4),(2,
2),(-0.12476238843318,-0.0615851543478347,0.),(0.,0.2),.UNSPECIFIED.);
#4199=B_SPLINE_SURFACE_WITH_KNOTS('',3,1,((#7073,#7074),(#7075,#7076),(#7077,
#7078),(#7079,#7080),(#7081,#7082)),.UNSPECIFIED.,.F.,.F.,.F.,(4,1,4),(2,
2),(-0.116521844856273,-0.0725886722855369,0.),(0.,0.2),.UNSPECIFIED.);
#4200=B_SPLINE_SURFACE_WITH_KNOTS('',3,1,((#7096,#7097),(#7098,#7099),(#7100,
#7101),(#7102,#7103),(#7104,#7105)),.UNSPECIFIED.,.F.,.F.,.F.,(4,1,4),(2,
2),(-0.0574045182022926,-0.0296768444596529,0.),(0.,0.2),.UNSPECIFIED.);
#4201=B_SPLINE_SURFACE_WITH_KNOTS('',3,1,((#7119,#7120),(#7121,#7122),(#7123,
#7124),(#7125,#7126),(#7127,#7128)),.UNSPECIFIED.,.F.,.F.,.F.,(4,1,4),(2,
2),(-0.0596211147585764,-0.0303012917445357,0.),(0.,0.2),.UNSPECIFIED.);
#4202=B_SPLINE_SURFACE_WITH_KNOTS('',3,1,((#7142,#7143),(#7144,#7145),(#7146,
#7147),(#7148,#7149),(#7150,#7151)),.UNSPECIFIED.,.F.,.F.,.F.,(4,1,4),(2,
2),(-0.0715610265469031,-0.0322492497819047,0.),(0.,0.2),.UNSPECIFIED.);
#4203=B_SPLINE_SURFACE_WITH_KNOTS('',3,1,((#7165,#7166),(#7167,#7168),(#7169,
#7170),(#7171,#7172),(#7173,#7174)),.UNSPECIFIED.,.F.,.F.,.F.,(4,1,4),(2,
2),(-0.0899425264445304,-0.0451168598156394,0.),(0.,0.2),.UNSPECIFIED.);
#4204=B_SPLINE_SURFACE_WITH_KNOTS('',3,1,((#7188,#7189),(#7190,#7191),(#7192,
#7193),(#7194,#7195),(#7196,#7197)),.UNSPECIFIED.,.F.,.F.,.F.,(4,1,4),(2,
2),(-0.0797264953690092,-0.0422773863647258,0.),(0.,0.2),.UNSPECIFIED.);
#4205=B_SPLINE_SURFACE_WITH_KNOTS('',3,1,((#7211,#7212),(#7213,#7214),(#7215,
#7216),(#7217,#7218),(#7219,#7220)),.UNSPECIFIED.,.F.,.F.,.F.,(4,1,4),(2,
2),(-0.0864800109533242,-0.0393130279074803,0.),(0.,0.2),.UNSPECIFIED.);
#4206=B_SPLINE_SURFACE_WITH_KNOTS('',3,1,((#7243,#7244),(#7245,#7246),(#7247,
#7248),(#7249,#7250),(#7251,#7252)),.UNSPECIFIED.,.F.,.F.,.F.,(4,1,4),(2,
2),(-0.118318470606848,-0.0648058368432005,0.),(0.,0.2),.UNSPECIFIED.);
#4207=B_SPLINE_SURFACE_WITH_KNOTS('',3,1,((#7260,#7261),(#7262,#7263),(#7264,
#7265),(#7266,#7267),(#7268,#7269)),.UNSPECIFIED.,.F.,.F.,.F.,(4,1,4),(2,
2),(-0.107632327650861,-0.0508025331790974,0.),(0.,0.2),.UNSPECIFIED.);
#4208=B_SPLINE_SURFACE_WITH_KNOTS('',3,1,((#7277,#7278),(#7279,#7280),(#7281,
#7282),(#7283,#7284),(#7285,#7286)),.UNSPECIFIED.,.F.,.F.,.F.,(4,1,4),(2,
2),(-0.110389575252572,-0.0490871678045187,0.),(0.,0.2),.UNSPECIFIED.);
#4209=B_SPLINE_SURFACE_WITH_KNOTS('',3,1,((#7294,#7295),(#7296,#7297),(#7298,
#7299),(#7300,#7301),(#7302,#7303)),.UNSPECIFIED.,.F.,.F.,.F.,(4,1,4),(2,
2),(-0.145208807338886,-0.0701186822107574,0.),(0.,0.2),.UNSPECIFIED.);
#4210=B_SPLINE_SURFACE_WITH_KNOTS('',3,1,((#7311,#7312),(#7313,#7314),(#7315,
#7316),(#7317,#7318),(#7319,#7320)),.UNSPECIFIED.,.F.,.F.,.F.,(4,1,4),(2,
2),(-0.201222867492294,-0.112605492452891,0.),(0.,0.2),.UNSPECIFIED.);
#4211=B_SPLINE_SURFACE_WITH_KNOTS('',3,1,((#7328,#7329),(#7330,#7331),(#7332,
#7333),(#7334,#7335),(#7336,#7337)),.UNSPECIFIED.,.F.,.F.,.F.,(4,1,4),(2,
2),(-0.140322627288461,-0.0726812118784868,0.),(0.,0.2),.UNSPECIFIED.);
#4212=B_SPLINE_SURFACE_WITH_KNOTS('',3,1,((#7345,#7346),(#7347,#7348),(#7349,
#7350),(#7351,#7352),(#7353,#7354)),.UNSPECIFIED.,.F.,.F.,.F.,(4,1,4),(2,
2),(-0.104251701324251,-0.0488039459133063,0.),(0.,0.2),.UNSPECIFIED.);
#4213=B_SPLINE_SURFACE_WITH_KNOTS('',3,1,((#7362,#7363),(#7364,#7365),(#7366,
#7367),(#7368,#7369),(#7370,#7371)),.UNSPECIFIED.,.F.,.F.,.F.,(4,1,4),(2,
2),(-0.109785629514393,-0.0570981610230327,0.),(0.,0.2),.UNSPECIFIED.);
#4214=B_SPLINE_SURFACE_WITH_KNOTS('',3,1,((#7383,#7384),(#7385,#7386),(#7387,
#7388),(#7389,#7390),(#7391,#7392)),.UNSPECIFIED.,.F.,.F.,.F.,(4,1,4),(2,
2),(-0.0805190756437726,-0.0456459895611718,0.),(0.,0.2),.UNSPECIFIED.);
#4215=B_SPLINE_SURFACE_WITH_KNOTS('',3,1,((#7400,#7401),(#7402,#7403),(#7404,
#7405),(#7406,#7407),(#7408,#7409)),.UNSPECIFIED.,.F.,.F.,.F.,(4,1,4),(2,
2),(-0.0793588408367834,-0.0345732982972002,0.),(0.,0.2),.UNSPECIFIED.);
#4216=B_SPLINE_SURFACE_WITH_KNOTS('',3,1,((#7421,#7422),(#7423,#7424),(#7425,
#7426),(#7427,#7428),(#7429,#7430)),.UNSPECIFIED.,.F.,.F.,.F.,(4,1,4),(2,
2),(-0.0473355368102906,-0.0278422125923565,0.),(0.,0.2),.UNSPECIFIED.);
#4217=B_SPLINE_SURFACE_WITH_KNOTS('',3,1,((#7438,#7439),(#7440,#7441),(#7442,
#7443),(#7444,#7445),(#7446,#7447)),.UNSPECIFIED.,.F.,.F.,.F.,(4,1,4),(2,
2),(-0.0470550669582449,-0.0194392436057221,0.),(0.,0.2),.UNSPECIFIED.);
#4218=B_SPLINE_SURFACE_WITH_KNOTS('',3,1,((#7455,#7456),(#7457,#7458),(#7459,
#7460),(#7461,#7462),(#7463,#7464)),.UNSPECIFIED.,.F.,.F.,.F.,(4,1,4),(2,
2),(-0.132444678123472,-0.0706126508999496,0.),(0.,0.2),.UNSPECIFIED.);
#4219=B_SPLINE_SURFACE_WITH_KNOTS('',3,1,((#7472,#7473),(#7474,#7475),(#7476,
#7477),(#7478,#7479),(#7480,#7481)),.UNSPECIFIED.,.F.,.F.,.F.,(4,1,4),(2,
2),(-0.174641199712994,-0.0827586904243859,0.),(0.,0.2),.UNSPECIFIED.);
#4220=B_SPLINE_SURFACE_WITH_KNOTS('',3,1,((#7489,#7490),(#7491,#7492),(#7493,
#7494),(#7495,#7496),(#7497,#7498)),.UNSPECIFIED.,.F.,.F.,.F.,(4,1,4),(2,
2),(-0.209226377966701,-0.114984282592441,0.),(0.,0.2),.UNSPECIFIED.);
#4221=B_SPLINE_SURFACE_WITH_KNOTS('',3,1,((#7506,#7507),(#7508,#7509),(#7510,
#7511),(#7512,#7513),(#7514,#7515)),.UNSPECIFIED.,.F.,.F.,.F.,(4,1,4),(2,
2),(-0.166576671613254,-0.0838506368462259,0.),(0.,0.2),.UNSPECIFIED.);
#4222=B_SPLINE_SURFACE_WITH_KNOTS('',3,1,((#7523,#7524),(#7525,#7526),(#7527,
#7528),(#7529,#7530),(#7531,#7532)),.UNSPECIFIED.,.F.,.F.,.F.,(4,1,4),(2,
2),(-0.146773028805568,-0.0761730496935527,0.),(0.,0.2),.UNSPECIFIED.);
#4223=B_SPLINE_SURFACE_WITH_KNOTS('',3,1,((#7540,#7541),(#7542,#7543),(#7544,
#7545),(#7546,#7547),(#7548,#7549)),.UNSPECIFIED.,.F.,.F.,.F.,(4,1,4),(2,
2),(-0.19765415500109,-0.0830544510262447,0.),(0.,0.2),.UNSPECIFIED.);
#4224=B_SPLINE_SURFACE_WITH_KNOTS('',3,1,((#7557,#7558),(#7559,#7560),(#7561,
#7562),(#7563,#7564),(#7565,#7566)),.UNSPECIFIED.,.F.,.F.,.F.,(4,1,4),(2,
2),(-0.207330407298722,-0.131488689020075,0.),(0.,0.2),.UNSPECIFIED.);
#4225=B_SPLINE_SURFACE_WITH_KNOTS('',3,1,((#7574,#7575),(#7576,#7577),(#7578,
#7579),(#7580,#7581),(#7582,#7583)),.UNSPECIFIED.,.F.,.F.,.F.,(4,1,4),(2,
2),(-0.103687381243822,-0.0499255615592939,0.),(0.,0.2),.UNSPECIFIED.);
#4226=B_SPLINE_SURFACE_WITH_KNOTS('',3,1,((#7591,#7592),(#7593,#7594),(#7595,
#7596),(#7597,#7598),(#7599,#7600)),.UNSPECIFIED.,.F.,.F.,.F.,(4,1,4),(2,
2),(-0.0761053013225458,-0.04380582317247,0.),(0.,0.2),.UNSPECIFIED.);
#4227=B_SPLINE_SURFACE_WITH_KNOTS('',3,1,((#7608,#7609),(#7610,#7611),(#7612,
#7613),(#7614,#7615),(#7616,#7617)),.UNSPECIFIED.,.F.,.F.,.F.,(4,1,4),(2,
2),(-0.0784328117759873,-0.0329533359162784,0.),(0.,0.2),.UNSPECIFIED.);
#4228=B_SPLINE_SURFACE_WITH_KNOTS('',3,1,((#7625,#7626),(#7627,#7628),(#7629,
#7630),(#7631,#7632),(#7633,#7634)),.UNSPECIFIED.,.F.,.F.,.F.,(4,1,4),(2,
2),(-0.10560340673234,-0.0599351305782591,0.),(0.,0.2),.UNSPECIFIED.);
#4229=B_SPLINE_SURFACE_WITH_KNOTS('',3,1,((#7642,#7643),(#7644,#7645),(#7646,
#7647),(#7648,#7649),(#7650,#7651)),.UNSPECIFIED.,.F.,.F.,.F.,(4,1,4),(2,
2),(-0.0782269809797906,-0.0343684445600932,0.),(0.,0.2),.UNSPECIFIED.);
#4230=B_SPLINE_SURFACE_WITH_KNOTS('',3,1,((#7704,#7705),(#7706,#7707),(#7708,
#7709),(#7710,#7711),(#7712,#7713)),.UNSPECIFIED.,.F.,.F.,.F.,(4,1,4),(2,
2),(-0.15668803902634,-0.0849912385057233,0.),(0.,0.2),.UNSPECIFIED.);
#4231=B_SPLINE_SURFACE_WITH_KNOTS('',3,1,((#7721,#7722),(#7723,#7724),(#7725,
#7726),(#7727,#7728),(#7729,#7730)),.UNSPECIFIED.,.F.,.F.,.F.,(4,1,4),(2,
2),(-0.149237662257261,-0.0696546188834861,0.),(0.,0.2),.UNSPECIFIED.);
#4232=B_SPLINE_SURFACE_WITH_KNOTS('',3,1,((#7738,#7739),(#7740,#7741),(#7742,
#7743),(#7744,#7745),(#7746,#7747)),.UNSPECIFIED.,.F.,.F.,.F.,(4,1,4),(2,
2),(-0.196670419677737,-0.103660480075162,0.),(0.,0.2),.UNSPECIFIED.);
#4233=B_SPLINE_SURFACE_WITH_KNOTS('',3,1,((#7755,#7756),(#7757,#7758),(#7759,
#7760),(#7761,#7762),(#7763,#7764)),.UNSPECIFIED.,.F.,.F.,.F.,(4,1,4),(2,
2),(-0.224955920482191,-0.0998295135605814,0.),(0.,0.2),.UNSPECIFIED.);
#4234=B_SPLINE_SURFACE_WITH_KNOTS('',3,1,((#7784,#7785),(#7786,#7787),(#7788,
#7789),(#7790,#7791),(#7792,#7793)),.UNSPECIFIED.,.F.,.F.,.F.,(4,1,4),(2,
2),(-0.10160012605356,-0.0586623985339445,0.),(0.,0.2),.UNSPECIFIED.);
#4235=B_SPLINE_SURFACE_WITH_KNOTS('',3,1,((#7801,#7802),(#7803,#7804),(#7805,
#7806),(#7807,#7808),(#7809,#7810)),.UNSPECIFIED.,.F.,.F.,.F.,(4,1,4),(2,
2),(-0.0784037356848049,-0.0371901374333032,0.),(0.,0.2),.UNSPECIFIED.);
#4236=B_SPLINE_SURFACE_WITH_KNOTS('',3,1,((#7818,#7819),(#7820,#7821),(#7822,
#7823),(#7824,#7825),(#7826,#7827)),.UNSPECIFIED.,.F.,.F.,.F.,(4,1,4),(2,
2),(-0.0924675397471462,-0.0462725886510287,0.),(0.,0.2),.UNSPECIFIED.);
#4237=B_SPLINE_SURFACE_WITH_KNOTS('',3,1,((#7835,#7836),(#7837,#7838),(#7839,
#7840),(#7841,#7842),(#7843,#7844)),.UNSPECIFIED.,.F.,.F.,.F.,(4,1,4),(2,
2),(-0.142543792930612,-0.0584378401100112,0.),(0.,0.2),.UNSPECIFIED.);
#4238=B_SPLINE_SURFACE_WITH_KNOTS('',3,1,((#7869,#7870),(#7871,#7872),(#7873,
#7874),(#7875,#7876),(#7877,#7878)),.UNSPECIFIED.,.F.,.F.,.F.,(4,1,4),(2,
2),(-0.0860239640494855,-0.0468293304923211,0.),(0.,0.2),.UNSPECIFIED.);
#4239=B_SPLINE_SURFACE_WITH_KNOTS('',3,1,((#7886,#7887),(#7888,#7889),(#7890,
#7891),(#7892,#7893),(#7894,#7895)),.UNSPECIFIED.,.F.,.F.,.F.,(4,1,4),(2,
2),(-0.0855124125312405,-0.0391662921087959,0.),(0.,0.2),.UNSPECIFIED.);
#4240=B_SPLINE_SURFACE_WITH_KNOTS('',3,1,((#7903,#7904),(#7905,#7906),(#7907,
#7908),(#7909,#7910),(#7911,#7912)),.UNSPECIFIED.,.F.,.F.,.F.,(4,1,4),(2,
2),(-0.0910810260030091,-0.0499813864382582,0.),(0.,0.2),.UNSPECIFIED.);
#4241=B_SPLINE_SURFACE_WITH_KNOTS('',3,1,((#7920,#7921),(#7922,#7923),(#7924,
#7925),(#7926,#7927),(#7928,#7929)),.UNSPECIFIED.,.F.,.F.,.F.,(4,1,4),(2,
2),(-0.0518501457756053,-0.0267830944033438,0.),(0.,0.2),.UNSPECIFIED.);
#4242=B_SPLINE_SURFACE_WITH_KNOTS('',3,1,((#7937,#7938),(#7939,#7940),(#7941,
#7942),(#7943,#7944),(#7945,#7946)),.UNSPECIFIED.,.F.,.F.,.F.,(4,1,4),(2,
2),(-0.0584256871489549,-0.0276996433147207,0.),(0.,0.2),.UNSPECIFIED.);
#4243=B_SPLINE_SURFACE_WITH_KNOTS('',3,1,((#7954,#7955),(#7956,#7957),(#7958,
#7959),(#7960,#7961),(#7962,#7963)),.UNSPECIFIED.,.F.,.F.,.F.,(4,1,4),(2,
2),(-0.122913774539511,-0.043086872319227,0.),(0.,0.2),.UNSPECIFIED.);
#4244=B_SPLINE_SURFACE_WITH_KNOTS('',3,1,((#7971,#7972),(#7973,#7974),(#7975,
#7976),(#7977,#7978),(#7979,#7980)),.UNSPECIFIED.,.F.,.F.,.F.,(4,1,4),(2,
2),(-0.206406632035394,-0.124908203541705,0.),(0.,0.2),.UNSPECIFIED.);
#4245=B_SPLINE_SURFACE_WITH_KNOTS('',3,1,((#7988,#7989),(#7990,#7991),(#7992,
#7993),(#7994,#7995),(#7996,#7997)),.UNSPECIFIED.,.F.,.F.,.F.,(4,1,4),(2,
2),(-0.120628393831066,-0.0593412083244505,0.),(0.,0.2),.UNSPECIFIED.);
#4246=B_SPLINE_SURFACE_WITH_KNOTS('',3,1,((#8005,#8006),(#8007,#8008),(#8009,
#8010),(#8011,#8012),(#8013,#8014)),.UNSPECIFIED.,.F.,.F.,.F.,(4,1,4),(2,
2),(-0.124442235154754,-0.061854324704967,0.),(0.,0.2),.UNSPECIFIED.);
#4247=B_SPLINE_SURFACE_WITH_KNOTS('',3,1,((#8022,#8023),(#8024,#8025),(#8026,
#8027),(#8028,#8029),(#8030,#8031)),.UNSPECIFIED.,.F.,.F.,.F.,(4,1,4),(2,
2),(-0.132172265980754,-0.0674240706636736,0.),(0.,0.2),.UNSPECIFIED.);
#4248=B_SPLINE_SURFACE_WITH_KNOTS('',3,1,((#8039,#8040),(#8041,#8042),(#8043,
#8044),(#8045,#8046),(#8047,#8048)),.UNSPECIFIED.,.F.,.F.,.F.,(4,1,4),(2,
2),(-0.13964621281658,-0.0670181443655122,0.),(0.,0.2),.UNSPECIFIED.);
#4249=B_SPLINE_SURFACE_WITH_KNOTS('',3,1,((#8056,#8057),(#8058,#8059),(#8060,
#8061),(#8062,#8063),(#8064,#8065)),.UNSPECIFIED.,.F.,.F.,.F.,(4,1,4),(2,
2),(-0.198078897097501,-0.0875597155855283,0.),(0.,0.2),.UNSPECIFIED.);
#4250=B_SPLINE_SURFACE_WITH_KNOTS('',3,1,((#8073,#8074),(#8075,#8076),(#8077,
#8078),(#8079,#8080),(#8081,#8082)),.UNSPECIFIED.,.F.,.F.,.F.,(4,1,4),(2,
2),(-0.192831621633584,-0.112744846719721,0.),(0.,0.2),.UNSPECIFIED.);
#4251=B_SPLINE_SURFACE_WITH_KNOTS('',3,1,((#8090,#8091),(#8092,#8093),(#8094,
#8095),(#8096,#8097),(#8098,#8099)),.UNSPECIFIED.,.F.,.F.,.F.,(4,1,4),(2,
2),(-0.120796951492065,-0.0619872707900863,0.),(0.,0.2),.UNSPECIFIED.);
#4252=B_SPLINE_SURFACE_WITH_KNOTS('',3,1,((#8107,#8108),(#8109,#8110),(#8111,
#8112),(#8113,#8114),(#8115,#8116)),.UNSPECIFIED.,.F.,.F.,.F.,(4,1,4),(2,
2),(-0.132488476413402,-0.0618237651835656,0.),(0.,0.2),.UNSPECIFIED.);
#4253=B_SPLINE_SURFACE_WITH_KNOTS('',3,1,((#8128,#8129),(#8130,#8131),(#8132,
#8133),(#8134,#8135),(#8136,#8137)),.UNSPECIFIED.,.F.,.F.,.F.,(4,1,4),(2,
2),(-0.0624283401203749,-0.0331239317785524,0.),(0.,0.2),.UNSPECIFIED.);
#4254=B_SPLINE_SURFACE_WITH_KNOTS('',3,1,((#8145,#8146),(#8147,#8148),(#8149,
#8150),(#8151,#8152),(#8153,#8154)),.UNSPECIFIED.,.F.,.F.,.F.,(4,1,4),(2,
2),(-0.0830058367709061,-0.039686746411407,0.),(0.,0.2),.UNSPECIFIED.);
#4255=B_SPLINE_SURFACE_WITH_KNOTS('',3,1,((#8162,#8163),(#8164,#8165),(#8166,
#8167),(#8168,#8169),(#8170,#8171)),.UNSPECIFIED.,.F.,.F.,.F.,(4,1,4),(2,
2),(-0.0714468771014102,-0.0408851772889872,0.),(0.,0.2),.UNSPECIFIED.);
#4256=B_SPLINE_SURFACE_WITH_KNOTS('',3,1,((#8179,#8180),(#8181,#8182),(#8183,
#8184),(#8185,#8186),(#8187,#8188)),.UNSPECIFIED.,.F.,.F.,.F.,(4,1,4),(2,
2),(-0.0472136394799711,-0.0245155822330545,0.),(0.,0.2),.UNSPECIFIED.);
#4257=B_SPLINE_SURFACE_WITH_KNOTS('',3,1,((#8196,#8197),(#8198,#8199),(#8200,
#8201),(#8202,#8203),(#8204,#8205)),.UNSPECIFIED.,.F.,.F.,.F.,(4,1,4),(2,
2),(-0.0508147262653946,-0.0243025365038762,0.),(0.,0.2),.UNSPECIFIED.);
#4258=B_SPLINE_SURFACE_WITH_KNOTS('',3,1,((#8213,#8214),(#8215,#8216),(#8217,
#8218),(#8219,#8220),(#8221,#8222)),.UNSPECIFIED.,.F.,.F.,.F.,(4,1,4),(2,
2),(-0.121467101054678,-0.0452072482606399,0.),(0.,0.2),.UNSPECIFIED.);
#4259=B_SPLINE_SURFACE_WITH_KNOTS('',3,1,((#8230,#8231),(#8232,#8233),(#8234,
#8235),(#8236,#8237),(#8238,#8239)),.UNSPECIFIED.,.F.,.F.,.F.,(4,1,4),(2,
2),(-0.211001413979504,-0.122181666957248,0.),(0.,0.2),.UNSPECIFIED.);
#4260=B_SPLINE_SURFACE_WITH_KNOTS('',3,1,((#8247,#8248),(#8249,#8250),(#8251,
#8252),(#8253,#8254),(#8255,#8256)),.UNSPECIFIED.,.F.,.F.,.F.,(4,1,4),(2,
2),(-0.131919819989926,-0.0685685074106428,0.),(0.,0.2),.UNSPECIFIED.);
#4261=B_SPLINE_SURFACE_WITH_KNOTS('',3,1,((#8264,#8265),(#8266,#8267),(#8268,
#8269),(#8270,#8271),(#8272,#8273)),.UNSPECIFIED.,.F.,.F.,.F.,(4,1,4),(2,
2),(-0.120743527550804,-0.0606187534237986,0.),(0.,0.2),.UNSPECIFIED.);
#4262=B_SPLINE_SURFACE_WITH_KNOTS('',3,1,((#8281,#8282),(#8283,#8284),(#8285,
#8286),(#8287,#8288),(#8289,#8290)),.UNSPECIFIED.,.F.,.F.,.F.,(4,1,4),(2,
2),(-0.129064482546825,-0.0625604805921998,0.),(0.,0.2),.UNSPECIFIED.);
#4263=B_SPLINE_SURFACE_WITH_KNOTS('',3,1,((#8298,#8299),(#8300,#8301),(#8302,
#8303),(#8304,#8305),(#8306,#8307)),.UNSPECIFIED.,.F.,.F.,.F.,(4,1,4),(2,
2),(-0.153913807070898,-0.072201059602848,0.),(0.,0.2),.UNSPECIFIED.);
#4264=B_SPLINE_SURFACE_WITH_KNOTS('',3,1,((#8315,#8316),(#8317,#8318),(#8319,
#8320),(#8321,#8322),(#8323,#8324)),.UNSPECIFIED.,.F.,.F.,.F.,(4,1,4),(2,
2),(-0.225871458405752,-0.099798370707131,0.),(0.,0.2),.UNSPECIFIED.);
#4265=B_SPLINE_SURFACE_WITH_KNOTS('',3,1,((#8332,#8333),(#8334,#8335),(#8336,
#8337),(#8338,#8339),(#8340,#8341)),.UNSPECIFIED.,.F.,.F.,.F.,(4,1,4),(2,
2),(-0.291057659760303,-0.170523661317384,0.),(0.,0.2),.UNSPECIFIED.);
#4266=B_SPLINE_SURFACE_WITH_KNOTS('',3,1,((#8349,#8350),(#8351,#8352),(#8353,
#8354),(#8355,#8356),(#8357,#8358)),.UNSPECIFIED.,.F.,.F.,.F.,(4,1,4),(2,
2),(-0.197679566965985,-0.0973729477684338,0.),(0.,0.2),.UNSPECIFIED.);
#4267=ADVANCED_FACE('',(#1140),#4188,.T.);
#4268=ADVANCED_FACE('',(#1141),#1087,.F.);
#4269=ADVANCED_FACE('',(#1142),#4189,.T.);
#4270=ADVANCED_FACE('',(#1143),#206,.T.);
#4271=ADVANCED_FACE('',(#1144),#1088,.T.);
#4272=ADVANCED_FACE('',(#1145),#1089,.T.);
#4273=ADVANCED_FACE('',(#1146),#202,.T.);
#4274=ADVANCED_FACE('',(#1147),#1090,.T.);
#4275=ADVANCED_FACE('',(#1148),#203,.T.);
#4276=ADVANCED_FACE('',(#1149),#207,.T.);
#4277=ADVANCED_FACE('',(#1150),#1091,.T.);
#4278=ADVANCED_FACE('',(#1151),#1092,.T.);
#4279=ADVANCED_FACE('',(#1152),#1093,.T.);
#4280=ADVANCED_FACE('',(#1153),#1094,.T.);
#4281=ADVANCED_FACE('',(#1154),#1095,.T.);
#4282=ADVANCED_FACE('',(#1155),#208,.T.);
#4283=ADVANCED_FACE('',(#1156),#209,.T.);
#4284=ADVANCED_FACE('',(#1157),#1096,.T.);
#4285=ADVANCED_FACE('',(#1158),#210,.T.);
#4286=ADVANCED_FACE('',(#1159),#1097,.T.);
#4287=ADVANCED_FACE('',(#1160),#1098,.T.);
#4288=ADVANCED_FACE('',(#1161),#211,.T.);
#4289=ADVANCED_FACE('',(#1162),#1099,.T.);
#4290=ADVANCED_FACE('',(#1163,#27,#28,#29,#30,#31,#32,#33,#34,#35),#212,
 .T.);
#4291=ADVANCED_FACE('',(#1164),#213,.T.);
#4292=ADVANCED_FACE('',(#1165),#1100,.T.);
#4293=ADVANCED_FACE('',(#1166),#1101,.F.);
#4294=ADVANCED_FACE('',(#1167),#214,.T.);
#4295=ADVANCED_FACE('',(#1168),#1102,.F.);
#4296=ADVANCED_FACE('',(#1169),#215,.T.);
#4297=ADVANCED_FACE('',(#1170),#216,.T.);
#4298=ADVANCED_FACE('',(#1171),#217,.T.);
#4299=ADVANCED_FACE('',(#1172),#218,.F.);
#4300=ADVANCED_FACE('',(#1173),#219,.T.);
#4301=ADVANCED_FACE('',(#1174),#220,.T.);
#4302=ADVANCED_FACE('',(#1175),#221,.T.);
#4303=ADVANCED_FACE('',(#1176),#222,.T.);
#4304=ADVANCED_FACE('',(#1177),#223,.F.);
#4305=ADVANCED_FACE('',(#1178),#224,.T.);
#4306=ADVANCED_FACE('',(#1179),#19,.F.);
#4307=ADVANCED_FACE('',(#1180),#20,.F.);
#4308=ADVANCED_FACE('',(#1181),#21,.F.);
#4309=ADVANCED_FACE('',(#1182),#22,.F.);
#4310=ADVANCED_FACE('',(#1183),#1103,.F.);
#4311=ADVANCED_FACE('',(#1184),#23,.F.);
#4312=ADVANCED_FACE('',(#1185),#1104,.F.);
#4313=ADVANCED_FACE('',(#1186),#24,.F.);
#4314=ADVANCED_FACE('',(#1187),#1105,.F.);
#4315=ADVANCED_FACE('',(#1188),#4190,.T.);
#4316=ADVANCED_FACE('',(#1189),#4191,.T.);
#4317=ADVANCED_FACE('',(#1190),#1106,.F.);
#4318=ADVANCED_FACE('',(#1191),#1107,.T.);
#4319=ADVANCED_FACE('',(#1192),#225,.T.);
#4320=ADVANCED_FACE('',(#1193),#1108,.T.);
#4321=ADVANCED_FACE('',(#1194),#226,.T.);
#4322=ADVANCED_FACE('',(#1195,#36),#227,.T.);
#4323=ADVANCED_FACE('',(#1196,#37),#228,.T.);
#4324=ADVANCED_FACE('',(#1197),#229,.T.);
#4325=ADVANCED_FACE('',(#1198),#1109,.T.);
#4326=ADVANCED_FACE('',(#1199),#1110,.T.);
#4327=ADVANCED_FACE('',(#1200,#38),#230,.T.);
#4328=ADVANCED_FACE('',(#1201),#1111,.T.);
#4329=ADVANCED_FACE('',(#1202),#231,.F.);
#4330=ADVANCED_FACE('',(#1203),#232,.F.);
#4331=ADVANCED_FACE('',(#1204),#1112,.T.);
#4332=ADVANCED_FACE('',(#1205),#233,.T.);
#4333=ADVANCED_FACE('',(#1206),#234,.T.);
#4334=ADVANCED_FACE('',(#1207),#1113,.T.);
#4335=ADVANCED_FACE('',(#1208),#235,.T.);
#4336=ADVANCED_FACE('',(#1209),#1114,.T.);
#4337=ADVANCED_FACE('',(#1210),#236,.T.);
#4338=ADVANCED_FACE('',(#1211),#1115,.T.);
#4339=ADVANCED_FACE('',(#1212),#237,.T.);
#4340=ADVANCED_FACE('',(#1213),#1116,.T.);
#4341=ADVANCED_FACE('',(#1214),#238,.T.);
#4342=ADVANCED_FACE('',(#1215),#1117,.T.);
#4343=ADVANCED_FACE('',(#1216),#239,.T.);
#4344=ADVANCED_FACE('',(#1217),#1118,.T.);
#4345=ADVANCED_FACE('',(#1218),#240,.T.);
#4346=ADVANCED_FACE('',(#1219),#241,.T.);
#4347=ADVANCED_FACE('',(#1220),#242,.T.);
#4348=ADVANCED_FACE('',(#1221),#243,.T.);
#4349=ADVANCED_FACE('',(#1222),#244,.T.);
#4350=ADVANCED_FACE('',(#1223),#245,.T.);
#4351=ADVANCED_FACE('',(#1224),#246,.T.);
#4352=ADVANCED_FACE('',(#1225),#247,.T.);
#4353=ADVANCED_FACE('',(#1226),#248,.T.);
#4354=ADVANCED_FACE('',(#1227),#249,.T.);
#4355=ADVANCED_FACE('',(#1228),#250,.T.);
#4356=ADVANCED_FACE('',(#1229),#251,.T.);
#4357=ADVANCED_FACE('',(#1230),#252,.T.);
#4358=ADVANCED_FACE('',(#1231),#253,.T.);
#4359=ADVANCED_FACE('',(#1232),#254,.T.);
#4360=ADVANCED_FACE('',(#1233),#255,.T.);
#4361=ADVANCED_FACE('',(#1234),#4192,.T.);
#4362=ADVANCED_FACE('',(#1235),#4193,.T.);
#4363=ADVANCED_FACE('',(#1236),#4194,.T.);
#4364=ADVANCED_FACE('',(#1237),#256,.T.);
#4365=ADVANCED_FACE('',(#1238),#4195,.T.);
#4366=ADVANCED_FACE('',(#1239),#4196,.T.);
#4367=ADVANCED_FACE('',(#1240),#4197,.T.);
#4368=ADVANCED_FACE('',(#1241),#257,.T.);
#4369=ADVANCED_FACE('',(#1242),#258,.T.);
#4370=ADVANCED_FACE('',(#1243),#4198,.T.);
#4371=ADVANCED_FACE('',(#1244),#4199,.T.);
#4372=ADVANCED_FACE('',(#1245),#4200,.T.);
#4373=ADVANCED_FACE('',(#1246),#4201,.T.);
#4374=ADVANCED_FACE('',(#1247),#4202,.T.);
#4375=ADVANCED_FACE('',(#1248),#4203,.T.);
#4376=ADVANCED_FACE('',(#1249),#4204,.T.);
#4377=ADVANCED_FACE('',(#1250),#4205,.T.);
#4378=ADVANCED_FACE('',(#1251),#259,.T.);
#4379=ADVANCED_FACE('',(#1252),#260,.T.);
#4380=ADVANCED_FACE('',(#1253),#4206,.T.);
#4381=ADVANCED_FACE('',(#1254),#4207,.T.);
#4382=ADVANCED_FACE('',(#1255),#4208,.T.);
#4383=ADVANCED_FACE('',(#1256),#4209,.T.);
#4384=ADVANCED_FACE('',(#1257),#4210,.T.);
#4385=ADVANCED_FACE('',(#1258),#4211,.T.);
#4386=ADVANCED_FACE('',(#1259),#4212,.T.);
#4387=ADVANCED_FACE('',(#1260),#4213,.T.);
#4388=ADVANCED_FACE('',(#1261),#261,.T.);
#4389=ADVANCED_FACE('',(#1262),#4214,.T.);
#4390=ADVANCED_FACE('',(#1263),#4215,.T.);
#4391=ADVANCED_FACE('',(#1264),#262,.T.);
#4392=ADVANCED_FACE('',(#1265),#4216,.T.);
#4393=ADVANCED_FACE('',(#1266),#4217,.T.);
#4394=ADVANCED_FACE('',(#1267),#4218,.T.);
#4395=ADVANCED_FACE('',(#1268),#4219,.T.);
#4396=ADVANCED_FACE('',(#1269),#4220,.T.);
#4397=ADVANCED_FACE('',(#1270),#4221,.T.);
#4398=ADVANCED_FACE('',(#1271),#4222,.T.);
#4399=ADVANCED_FACE('',(#1272),#4223,.T.);
#4400=ADVANCED_FACE('',(#1273),#4224,.T.);
#4401=ADVANCED_FACE('',(#1274),#4225,.T.);
#4402=ADVANCED_FACE('',(#1275),#4226,.T.);
#4403=ADVANCED_FACE('',(#1276),#4227,.T.);
#4404=ADVANCED_FACE('',(#1277),#4228,.T.);
#4405=ADVANCED_FACE('',(#1278),#4229,.T.);
#4406=ADVANCED_FACE('',(#1279,#39),#263,.T.);
#4407=ADVANCED_FACE('',(#1280),#264,.T.);
#4408=ADVANCED_FACE('',(#1281),#265,.T.);
#4409=ADVANCED_FACE('',(#1282),#266,.T.);
#4410=ADVANCED_FACE('',(#1283),#267,.T.);
#4411=ADVANCED_FACE('',(#1284),#268,.T.);
#4412=ADVANCED_FACE('',(#1285),#269,.T.);
#4413=ADVANCED_FACE('',(#1286),#270,.T.);
#4414=ADVANCED_FACE('',(#1287),#271,.T.);
#4415=ADVANCED_FACE('',(#1288),#272,.T.);
#4416=ADVANCED_FACE('',(#1289),#273,.T.);
#4417=ADVANCED_FACE('',(#1290),#274,.T.);
#4418=ADVANCED_FACE('',(#1291),#275,.T.);
#4419=ADVANCED_FACE('',(#1292),#276,.T.);
#4420=ADVANCED_FACE('',(#1293),#4230,.T.);
#4421=ADVANCED_FACE('',(#1294),#4231,.T.);
#4422=ADVANCED_FACE('',(#1295),#4232,.T.);
#4423=ADVANCED_FACE('',(#1296),#4233,.T.);
#4424=ADVANCED_FACE('',(#1297),#277,.T.);
#4425=ADVANCED_FACE('',(#1298),#278,.T.);
#4426=ADVANCED_FACE('',(#1299),#279,.T.);
#4427=ADVANCED_FACE('',(#1300),#4234,.T.);
#4428=ADVANCED_FACE('',(#1301),#4235,.T.);
#4429=ADVANCED_FACE('',(#1302),#4236,.T.);
#4430=ADVANCED_FACE('',(#1303),#4237,.T.);
#4431=ADVANCED_FACE('',(#1304),#280,.T.);
#4432=ADVANCED_FACE('',(#1305),#281,.T.);
#4433=ADVANCED_FACE('',(#1306),#282,.T.);
#4434=ADVANCED_FACE('',(#1307),#283,.T.);
#4435=ADVANCED_FACE('',(#1308),#284,.T.);
#4436=ADVANCED_FACE('',(#1309),#4238,.T.);
#4437=ADVANCED_FACE('',(#1310),#4239,.T.);
#4438=ADVANCED_FACE('',(#1311),#4240,.T.);
#4439=ADVANCED_FACE('',(#1312),#4241,.T.);
#4440=ADVANCED_FACE('',(#1313),#4242,.T.);
#4441=ADVANCED_FACE('',(#1314),#4243,.T.);
#4442=ADVANCED_FACE('',(#1315),#4244,.T.);
#4443=ADVANCED_FACE('',(#1316),#4245,.T.);
#4444=ADVANCED_FACE('',(#1317),#4246,.T.);
#4445=ADVANCED_FACE('',(#1318),#4247,.T.);
#4446=ADVANCED_FACE('',(#1319),#4248,.T.);
#4447=ADVANCED_FACE('',(#1320),#4249,.T.);
#4448=ADVANCED_FACE('',(#1321),#4250,.T.);
#4449=ADVANCED_FACE('',(#1322),#4251,.T.);
#4450=ADVANCED_FACE('',(#1323),#4252,.T.);
#4451=ADVANCED_FACE('',(#1324),#285,.T.);
#4452=ADVANCED_FACE('',(#1325),#4253,.T.);
#4453=ADVANCED_FACE('',(#1326),#4254,.T.);
#4454=ADVANCED_FACE('',(#1327),#4255,.T.);
#4455=ADVANCED_FACE('',(#1328),#4256,.T.);
#4456=ADVANCED_FACE('',(#1329),#4257,.T.);
#4457=ADVANCED_FACE('',(#1330),#4258,.T.);
#4458=ADVANCED_FACE('',(#1331),#4259,.T.);
#4459=ADVANCED_FACE('',(#1332),#4260,.T.);
#4460=ADVANCED_FACE('',(#1333),#4261,.T.);
#4461=ADVANCED_FACE('',(#1334),#4262,.T.);
#4462=ADVANCED_FACE('',(#1335),#4263,.T.);
#4463=ADVANCED_FACE('',(#1336),#4264,.T.);
#4464=ADVANCED_FACE('',(#1337),#4265,.T.);
#4465=ADVANCED_FACE('',(#1338),#4266,.T.);
#4466=ADVANCED_FACE('',(#1339),#286,.T.);
#4467=ADVANCED_FACE('',(#1340),#287,.T.);
#4468=ADVANCED_FACE('',(#1341),#1119,.T.);
#4469=ADVANCED_FACE('',(#1342),#15,.F.);
#4470=ADVANCED_FACE('',(#1343),#1120,.T.);
#4471=ADVANCED_FACE('',(#1344),#16,.F.);
#4472=ADVANCED_FACE('',(#1345),#1121,.T.);
#4473=ADVANCED_FACE('',(#1346,#40,#41),#288,.F.);
#4474=ADVANCED_FACE('',(#1347),#204,.T.);
#4475=ADVANCED_FACE('',(#1348),#1122,.T.);
#4476=ADVANCED_FACE('',(#1349),#205,.T.);
#4477=ADVANCED_FACE('',(#1350),#289,.T.);
#4478=ADVANCED_FACE('',(#1351),#1123,.T.);
#4479=ADVANCED_FACE('',(#1352),#1124,.T.);
#4480=ADVANCED_FACE('',(#1353),#25,.T.);
#4481=ADVANCED_FACE('',(#1354),#1125,.T.);
#4482=ADVANCED_FACE('',(#1355),#17,.F.);
#4483=ADVANCED_FACE('',(#1356),#1126,.T.);
#4484=ADVANCED_FACE('',(#1357),#18,.F.);
#4485=ADVANCED_FACE('',(#1358),#1127,.T.);
#4486=ADVANCED_FACE('',(#1359),#26,.T.);
#4487=ADVANCED_FACE('',(#1360),#1128,.T.);
#4488=ADVANCED_FACE('',(#1361),#1129,.T.);
#4489=ADVANCED_FACE('',(#1362),#290,.T.);
#4490=ADVANCED_FACE('',(#1363),#1130,.T.);
#4491=ADVANCED_FACE('',(#1364),#291,.T.);
#4492=ADVANCED_FACE('',(#1365),#1131,.T.);
#4493=ADVANCED_FACE('',(#1366),#1132,.T.);
#4494=ADVANCED_FACE('',(#1367),#1133,.T.);
#4495=ADVANCED_FACE('',(#1368),#1134,.T.);
#4496=ADVANCED_FACE('',(#1369),#1135,.T.);
#4497=ADVANCED_FACE('',(#1370),#292,.T.);
#4498=ADVANCED_FACE('',(#1371),#1136,.T.);
#4499=ADVANCED_FACE('',(#1372),#293,.T.);
#4500=ADVANCED_FACE('',(#1373),#1137,.T.);
#4501=ADVANCED_FACE('',(#1374),#1138,.T.);
#4502=ADVANCED_FACE('',(#1375),#1139,.T.);
#4503=ADVANCED_FACE('',(#1376),#294,.T.);
#4504=ADVANCED_FACE('',(#1377),#295,.T.);
#4505=ADVANCED_FACE('',(#1378),#296,.T.);
#4506=ADVANCED_FACE('',(#1379),#297,.T.);
#4507=ADVANCED_FACE('',(#1380,#42),#298,.T.);
#4508=ADVANCED_FACE('',(#1381),#299,.T.);
#4509=ADVANCED_FACE('',(#1382),#300,.F.);
#4510=ADVANCED_FACE('',(#1383),#301,.T.);
#4511=ADVANCED_FACE('',(#1384),#302,.T.);
#4512=ADVANCED_FACE('',(#1385),#303,.T.);
#4513=ADVANCED_FACE('',(#1386),#304,.T.);
#4514=ADVANCED_FACE('',(#1387),#305,.T.);
#4515=ADVANCED_FACE('',(#1388),#306,.F.);
#4516=CLOSED_SHELL('',(#4267,#4268,#4269,#4270,#4271,#4272,#4273,#4274,
#4275,#4276,#4277,#4278,#4279,#4280,#4281,#4282,#4283,#4284,#4285,#4286,
#4287,#4288,#4289,#4290,#4291,#4292,#4293,#4294,#4295,#4296,#4297,#4298,
#4299,#4300,#4301,#4302,#4303,#4304,#4305,#4306,#4307,#4308,#4309,#4310,
#4311,#4312,#4313,#4314,#4315,#4316,#4317,#4318,#4319,#4320,#4321,#4322,
#4323,#4324,#4325,#4326,#4327,#4328,#4329,#4330,#4331,#4332,#4333,#4334,
#4335,#4336,#4337,#4338,#4339,#4340,#4341,#4342,#4343,#4344,#4345,#4346,
#4347,#4348,#4349,#4350,#4351,#4352,#4353,#4354,#4355,#4356,#4357,#4358,
#4359,#4360,#4361,#4362,#4363,#4364,#4365,#4366,#4367,#4368,#4369,#4370,
#4371,#4372,#4373,#4374,#4375,#4376,#4377,#4378,#4379,#4380,#4381,#4382,
#4383,#4384,#4385,#4386,#4387,#4388,#4389,#4390,#4391,#4392,#4393,#4394,
#4395,#4396,#4397,#4398,#4399,#4400,#4401,#4402,#4403,#4404,#4405,#4406,
#4407,#4408,#4409,#4410,#4411,#4412,#4413,#4414,#4415,#4416,#4417,#4418,
#4419,#4420,#4421,#4422,#4423,#4424,#4425,#4426,#4427,#4428,#4429,#4430,
#4431,#4432,#4433,#4434,#4435,#4436,#4437,#4438,#4439,#4440,#4441,#4442,
#4443,#4444,#4445,#4446,#4447,#4448,#4449,#4450,#4451,#4452,#4453,#4454,
#4455,#4456,#4457,#4458,#4459,#4460,#4461,#4462,#4463,#4464,#4465,#4466,
#4467,#4468,#4469,#4470,#4471,#4472,#4473,#4474,#4475,#4476,#4477,#4478,
#4479,#4480,#4481,#4482,#4483,#4484,#4485,#4486,#4487,#4488,#4489,#4490,
#4491,#4492,#4493,#4494,#4495,#4496,#4497,#4498,#4499,#4500,#4501,#4502,
#4503,#4504,#4505,#4506,#4507,#4508,#4509,#4510,#4511,#4512,#4513,#4514,
#4515));
#4517=AXIS2_PLACEMENT_3D('',#5753,#4799,#4800);
#4518=AXIS2_PLACEMENT_3D('',#5804,#4801,#4802);
#4519=AXIS2_PLACEMENT_3D('',#5806,#4803,#4804);
#4520=AXIS2_PLACEMENT_3D('',#5807,#4805,#4806);
#4521=AXIS2_PLACEMENT_3D('',#5808,#4807,#4808);
#4522=AXIS2_PLACEMENT_3D('',#5811,#4809,#4810);
#4523=AXIS2_PLACEMENT_3D('',#5857,#4813,#4814);
#4524=AXIS2_PLACEMENT_3D('',#5858,#4815,#4816);
#4525=AXIS2_PLACEMENT_3D('',#5859,#4817,#4818);
#4526=AXIS2_PLACEMENT_3D('',#5865,#4822,#4823);
#4527=AXIS2_PLACEMENT_3D('',#5868,#4825,#4826);
#4528=AXIS2_PLACEMENT_3D('',#5869,#4827,#4828);
#4529=AXIS2_PLACEMENT_3D('',#5873,#4830,#4831);
#4530=AXIS2_PLACEMENT_3D('',#5875,#4833,#4834);
#4531=AXIS2_PLACEMENT_3D('',#5878,#4835,#4836);
#4532=AXIS2_PLACEMENT_3D('',#5880,#4837,#4838);
#4533=AXIS2_PLACEMENT_3D('',#5881,#4839,#4840);
#4534=AXIS2_PLACEMENT_3D('',#5882,#4841,#4842);
#4535=AXIS2_PLACEMENT_3D('',#5885,#4843,#4844);
#4536=AXIS2_PLACEMENT_3D('',#5888,#4847,#4848);
#4537=AXIS2_PLACEMENT_3D('',#5890,#4849,#4850);
#4538=AXIS2_PLACEMENT_3D('',#5891,#4851,#4852);
#4539=AXIS2_PLACEMENT_3D('',#5892,#4853,#4854);
#4540=AXIS2_PLACEMENT_3D('',#5898,#4858,#4859);
#4541=AXIS2_PLACEMENT_3D('',#5901,#4861,#4862);
#4542=AXIS2_PLACEMENT_3D('',#5902,#4863,#4864);
#4543=AXIS2_PLACEMENT_3D('',#5904,#4865,#4866);
#4544=AXIS2_PLACEMENT_3D('',#5906,#4868,#4869);
#4545=AXIS2_PLACEMENT_3D('',#5911,#4871,#4872);
#4546=AXIS2_PLACEMENT_3D('',#5913,#4874,#4875);
#4547=AXIS2_PLACEMENT_3D('',#5914,#4876,#4877);
#4548=AXIS2_PLACEMENT_3D('',#5916,#4879,#4880);
#4549=AXIS2_PLACEMENT_3D('',#5918,#4881,#4882);
#4550=AXIS2_PLACEMENT_3D('',#5920,#4884,#4885);
#4551=AXIS2_PLACEMENT_3D('',#5923,#4888,#4889);
#4552=AXIS2_PLACEMENT_3D('',#5927,#4892,#4893);
#4553=AXIS2_PLACEMENT_3D('',#5931,#4895,#4896);
#4554=AXIS2_PLACEMENT_3D('',#5933,#4898,#4899);
#4555=AXIS2_PLACEMENT_3D('',#5935,#4901,#4902);
#4556=AXIS2_PLACEMENT_3D('',#5938,#4904,#4905);
#4557=AXIS2_PLACEMENT_3D('',#5939,#4906,#4907);
#4558=AXIS2_PLACEMENT_3D('',#5941,#4908,#4909);
#4559=AXIS2_PLACEMENT_3D('',#5943,#4911,#4912);
#4560=AXIS2_PLACEMENT_3D('',#5946,#4915,#4916);
#4561=AXIS2_PLACEMENT_3D('',#5958,#4918,#4919);
#4562=AXIS2_PLACEMENT_3D('',#5962,#4921,#4922);
#4563=AXIS2_PLACEMENT_3D('',#5964,#4924,#4925);
#4564=AXIS2_PLACEMENT_3D('',#5969,#4927,#4928);
#4565=AXIS2_PLACEMENT_3D('',#5973,#4930,#4931);
#4566=AXIS2_PLACEMENT_3D('',#5989,#4939,#4940);
#4567=AXIS2_PLACEMENT_3D('',#5993,#4942,#4943);
#4568=AXIS2_PLACEMENT_3D('',#6166,#4958,#4959);
#4569=AXIS2_PLACEMENT_3D('',#6413,#4971,#4972);
#4570=AXIS2_PLACEMENT_3D('',#6417,#4974,#4975);
#4571=AXIS2_PLACEMENT_3D('',#6421,#4977,#4978);
#4572=AXIS2_PLACEMENT_3D('',#6424,#4980,#4981);
#4573=AXIS2_PLACEMENT_3D('',#6488,#4996,#4997);
#4574=AXIS2_PLACEMENT_3D('',#6494,#5001,#5002);
#4575=AXIS2_PLACEMENT_3D('',#6496,#5003,#5004);
#4576=AXIS2_PLACEMENT_3D('',#6499,#5006,#5007);
#4577=AXIS2_PLACEMENT_3D('',#6500,#5008,#5009);
#4578=AXIS2_PLACEMENT_3D('',#6503,#5010,#5011);
#4579=AXIS2_PLACEMENT_3D('',#6507,#5013,#5014);
#4580=AXIS2_PLACEMENT_3D('',#6509,#5016,#5017);
#4581=AXIS2_PLACEMENT_3D('',#6515,#5021,#5022);
#4582=AXIS2_PLACEMENT_3D('',#6518,#5023,#5024);
#4583=AXIS2_PLACEMENT_3D('',#6522,#5026,#5027);
#4584=AXIS2_PLACEMENT_3D('',#6524,#5029,#5030);
#4585=AXIS2_PLACEMENT_3D('',#6530,#5034,#5035);
#4586=AXIS2_PLACEMENT_3D('',#6539,#5040,#5041);
#4587=AXIS2_PLACEMENT_3D('',#6548,#5046,#5047);
#4588=AXIS2_PLACEMENT_3D('',#6551,#5050,#5051);
#4589=AXIS2_PLACEMENT_3D('',#6557,#5055,#5056);
#4590=AXIS2_PLACEMENT_3D('',#6571,#5064,#5065);
#4591=AXIS2_PLACEMENT_3D('',#6577,#5069,#5070);
#4592=AXIS2_PLACEMENT_3D('',#6586,#5076,#5077);
#4593=AXIS2_PLACEMENT_3D('',#6592,#5081,#5082);
#4594=AXIS2_PLACEMENT_3D('',#6594,#5084,#5085);
#4595=AXIS2_PLACEMENT_3D('',#6597,#5086,#5087);
#4596=AXIS2_PLACEMENT_3D('',#6599,#5088,#5089);
#4597=AXIS2_PLACEMENT_3D('',#6601,#5090,#5091);
#4598=AXIS2_PLACEMENT_3D('',#6602,#5092,#5093);
#4599=AXIS2_PLACEMENT_3D('',#6603,#5094,#5095);
#4600=AXIS2_PLACEMENT_3D('',#6612,#5096,#5097);
#4601=AXIS2_PLACEMENT_3D('',#6613,#5098,#5099);
#4602=AXIS2_PLACEMENT_3D('',#6614,#5100,#5101);
#4603=AXIS2_PLACEMENT_3D('',#6617,#5102,#5103);
#4604=AXIS2_PLACEMENT_3D('',#6619,#5104,#5105);
#4605=AXIS2_PLACEMENT_3D('',#6621,#5106,#5107);
#4606=AXIS2_PLACEMENT_3D('',#6622,#5108,#5109);
#4607=AXIS2_PLACEMENT_3D('',#6623,#5110,#5111);
#4608=AXIS2_PLACEMENT_3D('',#6626,#5112,#5113);
#4609=AXIS2_PLACEMENT_3D('',#6628,#5114,#5115);
#4610=AXIS2_PLACEMENT_3D('',#6630,#5116,#5117);
#4611=AXIS2_PLACEMENT_3D('',#6631,#5118,#5119);
#4612=AXIS2_PLACEMENT_3D('',#6632,#5120,#5121);
#4613=AXIS2_PLACEMENT_3D('',#6635,#5122,#5123);
#4614=AXIS2_PLACEMENT_3D('',#6638,#5126,#5127);
#4615=AXIS2_PLACEMENT_3D('',#6641,#5128,#5129);
#4616=AXIS2_PLACEMENT_3D('',#6642,#5130,#5131);
#4617=AXIS2_PLACEMENT_3D('',#6643,#5132,#5133);
#4618=AXIS2_PLACEMENT_3D('',#6644,#5134,#5135);
#4619=AXIS2_PLACEMENT_3D('',#6647,#5138,#5139);
#4620=AXIS2_PLACEMENT_3D('',#6656,#5140,#5141);
#4621=AXIS2_PLACEMENT_3D('',#6657,#5142,#5143);
#4622=AXIS2_PLACEMENT_3D('',#6658,#5144,#5145);
#4623=AXIS2_PLACEMENT_3D('',#6688,#5148,#5149);
#4624=AXIS2_PLACEMENT_3D('',#6731,#5150,#5151);
#4625=AXIS2_PLACEMENT_3D('',#6744,#5152,#5153);
#4626=AXIS2_PLACEMENT_3D('',#6747,#5156,#5157);
#4627=AXIS2_PLACEMENT_3D('',#6751,#5159,#5160);
#4628=AXIS2_PLACEMENT_3D('',#6753,#5162,#5163);
#4629=AXIS2_PLACEMENT_3D('',#6757,#5166,#5167);
#4630=AXIS2_PLACEMENT_3D('',#6760,#5169,#5170);
#4631=AXIS2_PLACEMENT_3D('',#6761,#5171,#5172);
#4632=AXIS2_PLACEMENT_3D('',#6765,#5175,#5176);
#4633=AXIS2_PLACEMENT_3D('',#6769,#5178,#5179);
#4634=AXIS2_PLACEMENT_3D('',#6773,#5181,#5182);
#4635=AXIS2_PLACEMENT_3D('',#6777,#5185,#5186);
#4636=AXIS2_PLACEMENT_3D('',#6781,#5188,#5189);
#4637=AXIS2_PLACEMENT_3D('',#6785,#5191,#5192);
#4638=AXIS2_PLACEMENT_3D('',#6790,#5196,#5197);
#4639=AXIS2_PLACEMENT_3D('',#6792,#5199,#5200);
#4640=AXIS2_PLACEMENT_3D('',#6794,#5202,#5203);
#4641=AXIS2_PLACEMENT_3D('',#6797,#5206,#5207);
#4642=AXIS2_PLACEMENT_3D('',#6800,#5210,#5211);
#4643=AXIS2_PLACEMENT_3D('',#6802,#5212,#5213);
#4644=AXIS2_PLACEMENT_3D('',#6804,#5215,#5216);
#4645=AXIS2_PLACEMENT_3D('',#6812,#5220,#5221);
#4646=AXIS2_PLACEMENT_3D('',#6814,#5222,#5223);
#4647=AXIS2_PLACEMENT_3D('',#6816,#5225,#5226);
#4648=AXIS2_PLACEMENT_3D('',#6820,#5229,#5230);
#4649=AXIS2_PLACEMENT_3D('',#6823,#5231,#5232);
#4650=AXIS2_PLACEMENT_3D('',#6826,#5235,#5236);
#4651=AXIS2_PLACEMENT_3D('',#6830,#5239,#5240);
#4652=AXIS2_PLACEMENT_3D('',#6834,#5242,#5243);
#4653=AXIS2_PLACEMENT_3D('',#6844,#5249,#5250);
#4654=AXIS2_PLACEMENT_3D('',#6847,#5253,#5254);
#4655=AXIS2_PLACEMENT_3D('',#6849,#5256,#5257);
#4656=AXIS2_PLACEMENT_3D('',#6852,#5258,#5259);
#4657=AXIS2_PLACEMENT_3D('',#6855,#5262,#5263);
#4658=AXIS2_PLACEMENT_3D('',#6859,#5266,#5267);
#4659=AXIS2_PLACEMENT_3D('',#6862,#5268,#5269);
#4660=AXIS2_PLACEMENT_3D('',#6865,#5272,#5273);
#4661=AXIS2_PLACEMENT_3D('',#6869,#5276,#5277);
#4662=AXIS2_PLACEMENT_3D('',#6872,#5278,#5279);
#4663=AXIS2_PLACEMENT_3D('',#6875,#5282,#5283);
#4664=AXIS2_PLACEMENT_3D('',#6877,#5285,#5286);
#4665=AXIS2_PLACEMENT_3D('',#6880,#5287,#5288);
#4666=AXIS2_PLACEMENT_3D('',#6883,#5291,#5292);
#4667=AXIS2_PLACEMENT_3D('',#6885,#5294,#5295);
#4668=AXIS2_PLACEMENT_3D('',#6887,#5296,#5297);
#4669=AXIS2_PLACEMENT_3D('',#6889,#5299,#5300);
#4670=AXIS2_PLACEMENT_3D('',#6891,#5302,#5303);
#4671=AXIS2_PLACEMENT_3D('',#6893,#5305,#5306);
#4672=AXIS2_PLACEMENT_3D('',#6895,#5308,#5309);
#4673=AXIS2_PLACEMENT_3D('',#6897,#5311,#5312);
#4674=AXIS2_PLACEMENT_3D('',#6898,#5313,#5314);
#4675=AXIS2_PLACEMENT_3D('',#6899,#5315,#5316);
#4676=AXIS2_PLACEMENT_3D('',#6905,#5320,#5321);
#4677=AXIS2_PLACEMENT_3D('',#6909,#5324,#5325);
#4678=AXIS2_PLACEMENT_3D('',#6913,#5328,#5329);
#4679=AXIS2_PLACEMENT_3D('',#6915,#5331,#5332);
#4680=AXIS2_PLACEMENT_3D('',#6916,#5333,#5334);
#4681=AXIS2_PLACEMENT_3D('',#6922,#5338,#5339);
#4682=AXIS2_PLACEMENT_3D('',#6926,#5342,#5343);
#4683=AXIS2_PLACEMENT_3D('',#6930,#5346,#5347);
#4684=AXIS2_PLACEMENT_3D('',#6934,#5350,#5351);
#4685=AXIS2_PLACEMENT_3D('',#6989,#5357,#5358);
#4686=AXIS2_PLACEMENT_3D('',#7044,#5364,#5365);
#4687=AXIS2_PLACEMENT_3D('',#7046,#5367,#5368);
#4688=AXIS2_PLACEMENT_3D('',#7234,#5378,#5379);
#4689=AXIS2_PLACEMENT_3D('',#7237,#5382,#5383);
#4690=AXIS2_PLACEMENT_3D('',#7379,#5395,#5396);
#4691=AXIS2_PLACEMENT_3D('',#7417,#5401,#5402);
#4692=AXIS2_PLACEMENT_3D('',#7657,#5418,#5419);
#4693=AXIS2_PLACEMENT_3D('',#7658,#5420,#5421);
#4694=AXIS2_PLACEMENT_3D('',#7659,#5422,#5423);
#4695=AXIS2_PLACEMENT_3D('',#7663,#5426,#5427);
#4696=AXIS2_PLACEMENT_3D('',#7667,#5430,#5431);
#4697=AXIS2_PLACEMENT_3D('',#7671,#5434,#5435);
#4698=AXIS2_PLACEMENT_3D('',#7675,#5438,#5439);
#4699=AXIS2_PLACEMENT_3D('',#7679,#5442,#5443);
#4700=AXIS2_PLACEMENT_3D('',#7683,#5446,#5447);
#4701=AXIS2_PLACEMENT_3D('',#7687,#5450,#5451);
#4702=AXIS2_PLACEMENT_3D('',#7691,#5454,#5455);
#4703=AXIS2_PLACEMENT_3D('',#7693,#5457,#5458);
#4704=AXIS2_PLACEMENT_3D('',#7694,#5459,#5460);
#4705=AXIS2_PLACEMENT_3D('',#7700,#5464,#5465);
#4706=AXIS2_PLACEMENT_3D('',#7772,#5472,#5473);
#4707=AXIS2_PLACEMENT_3D('',#7776,#5476,#5477);
#4708=AXIS2_PLACEMENT_3D('',#7780,#5480,#5481);
#4709=AXIS2_PLACEMENT_3D('',#7852,#5488,#5489);
#4710=AXIS2_PLACEMENT_3D('',#7856,#5492,#5493);
#4711=AXIS2_PLACEMENT_3D('',#7860,#5496,#5497);
#4712=AXIS2_PLACEMENT_3D('',#7862,#5499,#5500);
#4713=AXIS2_PLACEMENT_3D('',#7863,#5501,#5502);
#4714=AXIS2_PLACEMENT_3D('',#8124,#5521,#5522);
#4715=AXIS2_PLACEMENT_3D('',#8364,#5538,#5539);
#4716=AXIS2_PLACEMENT_3D('',#8365,#5540,#5541);
#4717=AXIS2_PLACEMENT_3D('',#8366,#5542,#5543);
#4718=AXIS2_PLACEMENT_3D('',#8370,#5545,#5546);
#4719=AXIS2_PLACEMENT_3D('',#8394,#5548,#5549);
#4720=AXIS2_PLACEMENT_3D('',#8395,#5550,#5551);
#4721=AXIS2_PLACEMENT_3D('',#8396,#5552,#5553);
#4722=AXIS2_PLACEMENT_3D('',#8397,#5554,#5555);
#4723=AXIS2_PLACEMENT_3D('',#8400,#5556,#5557);
#4724=AXIS2_PLACEMENT_3D('',#8414,#5560,#5561);
#4725=AXIS2_PLACEMENT_3D('',#8415,#5562,#5563);
#4726=AXIS2_PLACEMENT_3D('',#8416,#5564,#5565);
#4727=AXIS2_PLACEMENT_3D('',#8417,#5566,#5567);
#4728=AXIS2_PLACEMENT_3D('',#8431,#5570,#5571);
#4729=AXIS2_PLACEMENT_3D('',#8440,#5576,#5577);
#4730=AXIS2_PLACEMENT_3D('',#8443,#5578,#5579);
#4731=AXIS2_PLACEMENT_3D('',#8445,#5580,#5581);
#4732=AXIS2_PLACEMENT_3D('',#8446,#5582,#5583);
#4733=AXIS2_PLACEMENT_3D('',#8447,#5584,#5585);
#4734=AXIS2_PLACEMENT_3D('',#8450,#5586,#5587);
#4735=AXIS2_PLACEMENT_3D('',#8453,#5590,#5591);
#4736=AXIS2_PLACEMENT_3D('',#8455,#5592,#5593);
#4737=AXIS2_PLACEMENT_3D('',#8456,#5594,#5595);
#4738=AXIS2_PLACEMENT_3D('',#8457,#5596,#5597);
#4739=AXIS2_PLACEMENT_3D('',#8463,#5601,#5602);
#4740=AXIS2_PLACEMENT_3D('',#8466,#5604,#5605);
#4741=AXIS2_PLACEMENT_3D('',#8467,#5606,#5607);
#4742=AXIS2_PLACEMENT_3D('',#8471,#5609,#5610);
#4743=AXIS2_PLACEMENT_3D('',#8473,#5612,#5613);
#4744=AXIS2_PLACEMENT_3D('',#8475,#5614,#5615);
#4745=AXIS2_PLACEMENT_3D('',#8476,#5616,#5617);
#4746=AXIS2_PLACEMENT_3D('',#8477,#5618,#5619);
#4747=AXIS2_PLACEMENT_3D('',#8478,#5620,#5621);
#4748=AXIS2_PLACEMENT_3D('',#8480,#5622,#5623);
#4749=AXIS2_PLACEMENT_3D('',#8492,#5625,#5626);
#4750=AXIS2_PLACEMENT_3D('',#8493,#5627,#5628);
#4751=AXIS2_PLACEMENT_3D('',#8494,#5629,#5630);
#4752=AXIS2_PLACEMENT_3D('',#8496,#5631,#5632);
#4753=AXIS2_PLACEMENT_3D('',#8508,#5634,#5635);
#4754=AXIS2_PLACEMENT_3D('',#8509,#5636,#5637);
#4755=AXIS2_PLACEMENT_3D('',#8510,#5638,#5639);
#4756=AXIS2_PLACEMENT_3D('',#8512,#5640,#5641);
#4757=AXIS2_PLACEMENT_3D('',#8514,#5643,#5644);
#4758=AXIS2_PLACEMENT_3D('',#8517,#5645,#5646);
#4759=AXIS2_PLACEMENT_3D('',#8518,#5647,#5648);
#4760=AXIS2_PLACEMENT_3D('',#8519,#5649,#5650);
#4761=AXIS2_PLACEMENT_3D('',#8520,#5651,#5652);
#4762=AXIS2_PLACEMENT_3D('',#8523,#5655,#5656);
#4763=AXIS2_PLACEMENT_3D('',#8525,#5657,#5658);
#4764=AXIS2_PLACEMENT_3D('',#8527,#5660,#5661);
#4765=AXIS2_PLACEMENT_3D('',#8530,#5663,#5664);
#4766=AXIS2_PLACEMENT_3D('',#8532,#5665,#5666);
#4767=AXIS2_PLACEMENT_3D('',#8534,#5668,#5669);
#4768=AXIS2_PLACEMENT_3D('',#8536,#5671,#5672);
#4769=AXIS2_PLACEMENT_3D('',#8537,#5673,#5674);
#4770=AXIS2_PLACEMENT_3D('',#8538,#5675,#5676);
#4771=AXIS2_PLACEMENT_3D('',#8539,#5677,#5678);
#4772=AXIS2_PLACEMENT_3D('',#8540,#5679,#5680);
#4773=AXIS2_PLACEMENT_3D('',#8544,#5682,#5683);
#4774=AXIS2_PLACEMENT_3D('',#8545,#5684,#5685);
#4775=AXIS2_PLACEMENT_3D('',#8546,#5686,#5687);
#4776=AXIS2_PLACEMENT_3D('',#8548,#5688,#5689);
#4777=AXIS2_PLACEMENT_3D('',#8550,#5691,#5692);
#4778=AXIS2_PLACEMENT_3D('',#8552,#5694,#5695);
#4779=AXIS2_PLACEMENT_3D('',#8554,#5696,#5697);
#4780=AXIS2_PLACEMENT_3D('',#8556,#5699,#5700);
#4781=AXIS2_PLACEMENT_3D('',#8561,#5704,#5705);
#4782=AXIS2_PLACEMENT_3D('',#8563,#5707,#5708);
#4783=AXIS2_PLACEMENT_3D('',#8565,#5710,#5711);
#4784=AXIS2_PLACEMENT_3D('',#8567,#5713,#5714);
#4785=AXIS2_PLACEMENT_3D('',#8569,#5716,#5717);
#4786=AXIS2_PLACEMENT_3D('',#8572,#5720,#5721);
#4787=AXIS2_PLACEMENT_3D('',#8573,#5722,#5723);
#4788=AXIS2_PLACEMENT_3D('',#8575,#5725,#5726);
#4789=AXIS2_PLACEMENT_3D('',#8577,#5728,#5729);
#4790=AXIS2_PLACEMENT_3D('',#8579,#5731,#5732);
#4791=AXIS2_PLACEMENT_3D('',#8580,#5733,#5734);
#4792=AXIS2_PLACEMENT_3D('',#8581,#5735,#5736);
#4793=AXIS2_PLACEMENT_3D('',#8582,#5737,#5738);
#4794=AXIS2_PLACEMENT_3D('',#8586,#5741,#5742);
#4795=AXIS2_PLACEMENT_3D('',#8588,#5744,#5745);
#4796=AXIS2_PLACEMENT_3D('',#8589,#5746,#5747);
#4797=AXIS2_PLACEMENT_3D('',#8590,#5748,#5749);
#4798=AXIS2_PLACEMENT_3D('',#8592,#5751,#5752);
#4799=DIRECTION('axis',(0.,0.,1.));
#4800=DIRECTION('refdir',(1.,0.,0.));
#4801=DIRECTION('center_axis',(1.,8.45884209238215E-16,6.49069782453726E-16));
#4802=DIRECTION('ref_axis',(-8.45884209238215E-16,1.,0.));
#4803=DIRECTION('center_axis',(0.,0.0200928749313557,-0.999798117810287));
#4804=DIRECTION('ref_axis',(0.,-0.999798117810287,-0.0200928749313557));
#4805=DIRECTION('center_axis',(0.,-0.960530404365059,0.278175020967548));
#4806=DIRECTION('ref_axis',(0.,-0.278175020967548,-0.960530404365059));
#4807=DIRECTION('center_axis',(-1.,0.,0.));
#4808=DIRECTION('ref_axis',(0.,0.793353340291235,0.608761429008721));
#4809=DIRECTION('center_axis',(1.,0.,0.));
#4810=DIRECTION('ref_axis',(0.,1.,0.));
#4811=DIRECTION('',(-1.,0.,0.));
#4812=DIRECTION('',(1.,0.,0.));
#4813=DIRECTION('center_axis',(0.,-0.960530404365059,0.278175020967548));
#4814=DIRECTION('ref_axis',(0.,-0.278175020967548,-0.960530404365059));
#4815=DIRECTION('center_axis',(0.,0.0200928749313557,-0.999798117810287));
#4816=DIRECTION('ref_axis',(0.,-0.999798117810287,-0.0200928749313557));
#4817=DIRECTION('center_axis',(0.,-1.,0.));
#4818=DIRECTION('ref_axis',(-1.,0.,0.));
#4819=DIRECTION('',(0.,0.,1.));
#4820=DIRECTION('',(-1.,0.,0.));
#4821=DIRECTION('',(0.,0.,-1.));
#4822=DIRECTION('center_axis',(0.,0.,-1.));
#4823=DIRECTION('ref_axis',(-0.707106781186546,-0.707106781186549,0.));
#4824=DIRECTION('',(0.,0.,-1.));
#4825=DIRECTION('center_axis',(0.,0.,-1.));
#4826=DIRECTION('ref_axis',(-0.707106781186546,-0.707106781186549,0.));
#4827=DIRECTION('center_axis',(0.,0.965925826289068,-0.258819045102521));
#4828=DIRECTION('ref_axis',(-0.707106781186547,-0.18301270189222,-0.683012701892219));
#4829=DIRECTION('',(0.,-0.965925826289068,0.25881904510252));
#4830=DIRECTION('center_axis',(0.,-0.965925826289068,0.258819045102521));
#4831=DIRECTION('ref_axis',(-0.707106781186547,-0.18301270189222,-0.683012701892219));
#4832=DIRECTION('',(0.,0.965925826289068,-0.25881904510252));
#4833=DIRECTION('center_axis',(0.408248290463861,-0.816496580927727,0.408248290463863));
#4834=DIRECTION('ref_axis',(0.577350269189624,0.577350269189627,0.577350269189627));
#4835=DIRECTION('center_axis',(1.,0.,0.));
#4836=DIRECTION('ref_axis',(0.,1.,0.));
#4837=DIRECTION('center_axis',(0.,1.,0.));
#4838=DIRECTION('ref_axis',(0.707106781186547,0.,0.707106781186547));
#4839=DIRECTION('center_axis',(0.,0.,1.));
#4840=DIRECTION('ref_axis',(0.707106781186546,0.707106781186549,0.));
#4841=DIRECTION('center_axis',(1.,0.,0.));
#4842=DIRECTION('ref_axis',(0.,0.707106781186548,0.707106781186548));
#4843=DIRECTION('center_axis',(1.,0.,0.));
#4844=DIRECTION('ref_axis',(0.,1.,0.));
#4845=DIRECTION('',(1.,0.,0.));
#4846=DIRECTION('',(-1.,0.,0.));
#4847=DIRECTION('center_axis',(-0.408248290463861,-0.816496580927727,0.408248290463863));
#4848=DIRECTION('ref_axis',(-0.577350269189624,0.577350269189627,0.577350269189627));
#4849=DIRECTION('center_axis',(0.,0.,1.));
#4850=DIRECTION('ref_axis',(-0.707106781186546,0.707106781186549,0.));
#4851=DIRECTION('center_axis',(0.,1.,0.));
#4852=DIRECTION('ref_axis',(-0.707106781186547,0.,0.707106781186547));
#4853=DIRECTION('center_axis',(0.,1.,0.));
#4854=DIRECTION('ref_axis',(0.,0.,1.));
#4855=DIRECTION('',(0.,0.,1.));
#4856=DIRECTION('',(1.,0.,0.));
#4857=DIRECTION('',(0.,0.,-1.));
#4858=DIRECTION('center_axis',(0.,0.,-1.));
#4859=DIRECTION('ref_axis',(0.707106781186546,0.707106781186549,0.));
#4860=DIRECTION('',(0.,0.,-1.));
#4861=DIRECTION('center_axis',(0.,0.,-1.));
#4862=DIRECTION('ref_axis',(0.707106781186546,0.707106781186549,0.));
#4863=DIRECTION('center_axis',(0.,1.,0.));
#4864=DIRECTION('ref_axis',(0.707106781186546,0.,0.707106781186549));
#4865=DIRECTION('center_axis',(0.,-0.99144486137381,0.130526192220053));
#4866=DIRECTION('ref_axis',(0.,0.130526192220053,0.99144486137381));
#4867=DIRECTION('',(0.,1.,0.));
#4868=DIRECTION('center_axis',(0.,0.965925826289068,-0.258819045102521));
#4869=DIRECTION('ref_axis',(-0.707106781186547,0.18301270189222,0.683012701892219));
#4870=DIRECTION('',(0.,-0.965925826289068,0.25881904510252));
#4871=DIRECTION('center_axis',(0.,-0.965925826289068,0.258819045102521));
#4872=DIRECTION('ref_axis',(-0.707106781186547,0.18301270189222,0.683012701892219));
#4873=DIRECTION('',(0.,0.965925826289068,-0.25881904510252));
#4874=DIRECTION('center_axis',(0.,-0.99144486137381,0.130526192220056));
#4875=DIRECTION('ref_axis',(0.,0.130526192220056,0.99144486137381));
#4876=DIRECTION('center_axis',(0.,1.,0.));
#4877=DIRECTION('ref_axis',(-0.707106781186546,0.,0.707106781186549));
#4878=DIRECTION('',(0.,-1.,0.));
#4879=DIRECTION('center_axis',(0.,0.,-1.));
#4880=DIRECTION('ref_axis',(-0.707106781186546,0.707106781186549,0.));
#4881=DIRECTION('center_axis',(0.,0.,-1.));
#4882=DIRECTION('ref_axis',(-0.707106781186546,0.707106781186549,0.));
#4883=DIRECTION('',(0.,0.,1.));
#4884=DIRECTION('center_axis',(-1.,0.,0.));
#4885=DIRECTION('ref_axis',(0.,0.258819045102521,0.965925826289068));
#4886=DIRECTION('',(0.,1.,0.));
#4887=DIRECTION('',(0.,-0.258819045102521,-0.965925826289068));
#4888=DIRECTION('center_axis',(0.,-0.258819045102521,-0.965925826289068));
#4889=DIRECTION('ref_axis',(-1.,0.,0.));
#4890=DIRECTION('',(0.,0.965925826289068,-0.25881904510252));
#4891=DIRECTION('',(1.,0.,0.));
#4892=DIRECTION('center_axis',(0.,0.965925826289068,-0.258819045102521));
#4893=DIRECTION('ref_axis',(0.707106781186548,0.183012701892216,0.68301270189222));
#4894=DIRECTION('',(0.,-0.965925826289068,0.25881904510252));
#4895=DIRECTION('center_axis',(0.,-0.965925826289068,0.258819045102521));
#4896=DIRECTION('ref_axis',(0.707106781186548,0.183012701892216,0.68301270189222));
#4897=DIRECTION('',(0.,0.965925826289068,-0.25881904510252));
#4898=DIRECTION('center_axis',(0.,0.258819045102521,0.965925826289068));
#4899=DIRECTION('ref_axis',(1.,0.,0.));
#4900=DIRECTION('',(-1.,0.,0.));
#4901=DIRECTION('center_axis',(0.,0.965925826289068,-0.258819045102521));
#4902=DIRECTION('ref_axis',(0.707106781186547,-0.18301270189222,-0.683012701892219));
#4903=DIRECTION('',(0.,-0.965925826289068,0.25881904510252));
#4904=DIRECTION('center_axis',(0.,-0.965925826289068,0.258819045102521));
#4905=DIRECTION('ref_axis',(0.707106781186547,-0.18301270189222,-0.683012701892219));
#4906=DIRECTION('center_axis',(0.,0.,-1.));
#4907=DIRECTION('ref_axis',(0.707106781186546,-0.707106781186549,0.));
#4908=DIRECTION('center_axis',(0.,0.,-1.));
#4909=DIRECTION('ref_axis',(0.707106781186546,-0.707106781186549,0.));
#4910=DIRECTION('',(0.,0.,1.));
#4911=DIRECTION('center_axis',(1.,0.,0.));
#4912=DIRECTION('ref_axis',(0.,-0.258819045102521,-0.965925826289068));
#4913=DIRECTION('',(0.,0.258819045102521,0.965925826289068));
#4914=DIRECTION('',(0.,-1.,0.));
#4915=DIRECTION('center_axis',(-1.,0.,0.));
#4916=DIRECTION('ref_axis',(0.,-0.499999999999999,0.866025403784439));
#4917=DIRECTION('',(-1.,0.,0.));
#4918=DIRECTION('center_axis',(-1.,0.,0.));
#4919=DIRECTION('ref_axis',(0.,-0.499999999999999,0.866025403784439));
#4920=DIRECTION('',(1.,0.,0.));
#4921=DIRECTION('center_axis',(1.,0.,0.));
#4922=DIRECTION('ref_axis',(0.,-0.499999999999999,0.866025403784439));
#4923=DIRECTION('',(-1.,0.,0.));
#4924=DIRECTION('center_axis',(0.,-0.965925826289068,0.258819045102521));
#4925=DIRECTION('ref_axis',(1.,0.,0.));
#4926=DIRECTION('',(0.,-0.258819045102521,-0.965925826289068));
#4927=DIRECTION('center_axis',(0.,0.965925826289068,-0.258819045102521));
#4928=DIRECTION('ref_axis',(0.707106781186547,0.183012701892219,0.68301270189222));
#4929=DIRECTION('',(1.,0.,0.));
#4930=DIRECTION('center_axis',(0.,0.965925826289068,-0.258819045102521));
#4931=DIRECTION('ref_axis',(-0.707106781186547,0.183012701892219,0.68301270189222));
#4932=DIRECTION('',(0.,0.258819045102521,0.965925826289068));
#4933=DIRECTION('',(-1.,0.,0.));
#4934=DIRECTION('',(1.,0.,0.));
#4935=DIRECTION('',(0.298493932921381,-0.247019881292097,-0.921890747461739));
#4936=DIRECTION('',(0.29499855165327,0.247301002286895,0.922939905297398));
#4937=DIRECTION('',(1.,0.,0.));
#4938=DIRECTION('',(-0.348090709916649,-0.242632723727931,-0.905517652531462));
#4939=DIRECTION('center_axis',(0.,0.965925826289068,-0.258819045102521));
#4940=DIRECTION('ref_axis',(0.570924377690843,-0.212491122475171,-0.793027665234679));
#4941=DIRECTION('',(-1.,0.,0.));
#4942=DIRECTION('center_axis',(0.,0.965925826289068,-0.258819045102521));
#4943=DIRECTION('ref_axis',(-0.568635237760012,-0.212901904551249,-0.794560724813444));
#4944=DIRECTION('',(-0.353307932755229,0.242127050228119,0.90363045333812));
#4945=DIRECTION('',(-0.994491408917434,0.0271289248748272,0.101246525987574));
#4946=DIRECTION('',(0.,-0.258819045102521,-0.965925826289068));
#4947=DIRECTION('',(-1.,0.,0.));
#4948=DIRECTION('',(1.,0.,0.));
#4949=DIRECTION('',(0.,-0.258819045102521,-0.965925826289068));
#4950=DIRECTION('',(-1.,0.,0.));
#4951=DIRECTION('',(0.,-0.258819045102521,-0.965925826289068));
#4952=DIRECTION('',(1.,0.,0.));
#4953=DIRECTION('',(0.,-0.258819045102521,-0.965925826289068));
#4954=DIRECTION('',(-1.,0.,0.));
#4955=DIRECTION('',(0.,-0.258819045102521,-0.965925826289068));
#4956=DIRECTION('',(-1.,0.,0.));
#4957=DIRECTION('',(0.,0.258819045102521,0.965925826289068));
#4958=DIRECTION('center_axis',(0.,0.965925826289068,-0.258819045102521));
#4959=DIRECTION('ref_axis',(-0.707106781186548,0.183012701892219,0.683012701892219));
#4960=DIRECTION('',(-1.,0.,0.));
#4961=DIRECTION('',(0.,0.258819045102521,0.965925826289068));
#4962=DIRECTION('',(0.,0.258819045102521,0.965925826289068));
#4963=DIRECTION('',(1.,0.,0.));
#4964=DIRECTION('',(0.,-0.258819045102521,-0.965925826289068));
#4965=DIRECTION('',(0.,0.258819045102521,0.965925826289068));
#4966=DIRECTION('',(1.,0.,0.));
#4967=DIRECTION('',(0.,-0.258819045102521,-0.965925826289068));
#4968=DIRECTION('',(0.995605557070487,0.0242373702521833,0.0904550972230065));
#4969=DIRECTION('',(-0.995189178370149,-0.0253570016164878,-0.0946336183603385));
#4970=DIRECTION('',(1.,0.,0.));
#4971=DIRECTION('center_axis',(0.,0.965925826289068,-0.258819045102521));
#4972=DIRECTION('ref_axis',(0.707106781186548,0.18301270189222,0.683012701892218));
#4973=DIRECTION('',(0.,-0.258819045102521,-0.965925826289068));
#4974=DIRECTION('center_axis',(0.,0.965925826289068,-0.258819045102521));
#4975=DIRECTION('ref_axis',(0.707106781186546,-0.183012701892221,-0.68301270189222));
#4976=DIRECTION('',(-1.,0.,0.));
#4977=DIRECTION('center_axis',(0.,0.965925826289068,-0.258819045102521));
#4978=DIRECTION('ref_axis',(-0.707106781186548,-0.18301270189222,-0.683012701892218));
#4979=DIRECTION('',(0.,0.258819045102521,0.965925826289068));
#4980=DIRECTION('center_axis',(0.,0.965925826289068,-0.258819045102521));
#4981=DIRECTION('ref_axis',(-0.707106781186546,0.183012701892221,0.68301270189222));
#4982=DIRECTION('',(0.,-0.258819045102521,-0.965925826289068));
#4983=DIRECTION('',(0.,0.258819045102521,0.965925826289068));
#4984=DIRECTION('',(1.,0.,0.));
#4985=DIRECTION('',(1.,0.,0.));
#4986=DIRECTION('',(0.295947550044429,-0.24722503674411,-0.922656398032103));
#4987=DIRECTION('',(0.276507175471373,0.248728170166917,0.928266168336572));
#4988=DIRECTION('',(1.,0.,0.));
#4989=DIRECTION('',(-0.348088896817027,-0.242632897971156,-0.90551830281603));
#4990=DIRECTION('',(-0.111859218794908,0.25719471331356,0.959863737524316));
#4991=DIRECTION('',(-0.387007270465164,0.238651001451138,0.89065766269284));
#4992=DIRECTION('',(1.,0.,0.));
#4993=DIRECTION('',(0.,-0.258819045102521,-0.965925826289068));
#4994=DIRECTION('',(-1.,0.,0.));
#4995=DIRECTION('',(0.,0.258819045102521,0.965925826289068));
#4996=DIRECTION('center_axis',(0.,0.258819045102521,0.965925826289068));
#4997=DIRECTION('ref_axis',(-1.,0.,0.));
#4998=DIRECTION('',(0.,-0.965925826289068,0.258819045102521));
#4999=DIRECTION('',(-1.,0.,0.));
#5000=DIRECTION('',(0.,-0.965925826289068,0.258819045102521));
#5001=DIRECTION('center_axis',(0.,0.965925826289068,-0.258819045102521));
#5002=DIRECTION('ref_axis',(0.707106781186548,0.183012701892219,0.683012701892219));
#5003=DIRECTION('center_axis',(-0.707106781186547,0.68301270189222,-0.183012701892219));
#5004=DIRECTION('ref_axis',(-0.707106781186548,-0.683012701892219,0.183012701892219));
#5005=DIRECTION('',(0.,0.965925826289068,-0.258819045102521));
#5006=DIRECTION('center_axis',(0.,0.965925826289068,-0.258819045102521));
#5007=DIRECTION('ref_axis',(0.707106781186548,0.183012701892219,0.683012701892219));
#5008=DIRECTION('center_axis',(0.,1.,0.));
#5009=DIRECTION('ref_axis',(0.707106781186547,0.,-0.707106781186547));
#5010=DIRECTION('center_axis',(0.,-1.,0.));
#5011=DIRECTION('ref_axis',(0.707106781186547,0.,-0.707106781186547));
#5012=DIRECTION('',(0.,1.,0.));
#5013=DIRECTION('center_axis',(0.,1.,0.));
#5014=DIRECTION('ref_axis',(0.707106781186547,0.,-0.707106781186547));
#5015=DIRECTION('',(0.,-1.,0.));
#5016=DIRECTION('center_axis',(-1.,0.,0.));
#5017=DIRECTION('ref_axis',(0.,-1.,0.));
#5018=DIRECTION('',(0.,0.,1.));
#5019=DIRECTION('',(0.,1.,0.));
#5020=DIRECTION('',(0.,0.,1.));
#5021=DIRECTION('center_axis',(0.,-1.,0.));
#5022=DIRECTION('ref_axis',(-0.707106781186547,0.,-0.707106781186547));
#5023=DIRECTION('center_axis',(0.,1.,0.));
#5024=DIRECTION('ref_axis',(-0.707106781186547,0.,-0.707106781186547));
#5025=DIRECTION('',(0.,-1.,0.));
#5026=DIRECTION('center_axis',(0.,-1.,0.));
#5027=DIRECTION('ref_axis',(-0.707106781186547,0.,-0.707106781186547));
#5028=DIRECTION('',(0.,1.,0.));
#5029=DIRECTION('center_axis',(1.,0.,0.));
#5030=DIRECTION('ref_axis',(0.,1.,0.));
#5031=DIRECTION('',(0.,0.,1.));
#5032=DIRECTION('',(0.,-1.,0.));
#5033=DIRECTION('',(0.,0.,1.));
#5034=DIRECTION('center_axis',(9.69426046302948E-62,-1.,-1.06914035122088E-75));
#5035=DIRECTION('ref_axis',(-1.,-9.69426046302948E-62,1.10184078270112E-14));
#5036=DIRECTION('',(-1.,-9.69426046302948E-62,1.10184078270112E-14));
#5037=DIRECTION('',(0.,-1.06914035122088E-75,1.));
#5038=DIRECTION('',(-1.,-9.69426046302948E-62,0.));
#5039=DIRECTION('',(0.,1.06914035122088E-75,-1.));
#5040=DIRECTION('center_axis',(-9.69426046302948E-62,1.,1.06914035122088E-75));
#5041=DIRECTION('ref_axis',(1.,9.69426046302948E-62,-1.10184078270112E-14));
#5042=DIRECTION('',(1.,9.69426046302948E-62,-1.10184078270112E-14));
#5043=DIRECTION('',(0.,-1.06914035122088E-75,1.));
#5044=DIRECTION('',(1.,9.69426046302948E-62,0.));
#5045=DIRECTION('',(0.,1.06914035122088E-75,-1.));
#5046=DIRECTION('center_axis',(-1.10184078270112E-14,-6.14446754736406E-32,
-1.));
#5047=DIRECTION('ref_axis',(1.,9.69426046302948E-62,-1.10184078270112E-14));
#5048=DIRECTION('',(0.,1.,-6.14446754736406E-32));
#5049=DIRECTION('',(0.,-1.,6.14446754736406E-32));
#5050=DIRECTION('center_axis',(0.,0.,1.));
#5051=DIRECTION('ref_axis',(1.,0.,0.));
#5052=DIRECTION('',(0.,1.,0.));
#5053=DIRECTION('',(-1.,0.,0.));
#5054=DIRECTION('',(0.,-1.,0.));
#5055=DIRECTION('center_axis',(0.,0.,1.));
#5056=DIRECTION('ref_axis',(1.,0.,0.));
#5057=DIRECTION('',(0.,-1.,0.));
#5058=DIRECTION('',(1.,0.,0.));
#5059=DIRECTION('',(0.,1.,0.));
#5060=DIRECTION('',(1.,0.,0.));
#5061=DIRECTION('',(-5.70455058460123E-60,-1.,0.));
#5062=DIRECTION('',(1.,0.,0.));
#5063=DIRECTION('',(0.,1.,0.));
#5064=DIRECTION('center_axis',(1.,0.,0.));
#5065=DIRECTION('ref_axis',(0.,1.,0.));
#5066=DIRECTION('',(0.,0.,1.));
#5067=DIRECTION('',(0.,1.,0.));
#5068=DIRECTION('',(0.,0.,1.));
#5069=DIRECTION('center_axis',(0.,1.,0.));
#5070=DIRECTION('ref_axis',(-1.,0.,0.));
#5071=DIRECTION('',(1.07321559047098E-14,0.,1.));
#5072=DIRECTION('',(-1.,0.,1.06858966120171E-14));
#5073=DIRECTION('',(-1.07167007116366E-14,0.,-1.));
#5074=DIRECTION('',(-1.,0.,0.));
#5075=DIRECTION('',(0.,0.,1.));
#5076=DIRECTION('center_axis',(0.,-1.,0.));
#5077=DIRECTION('ref_axis',(0.,0.,-1.));
#5078=DIRECTION('',(-1.,0.,1.06858966120171E-14));
#5079=DIRECTION('',(1.07321559047098E-14,0.,1.));
#5080=DIRECTION('',(-1.07167007116366E-14,0.,-1.));
#5081=DIRECTION('center_axis',(1.,-8.56666737328112E-60,-1.07321559047098E-14));
#5082=DIRECTION('ref_axis',(1.97890016322749E-57,-1.,1.85188031952514E-43));
#5083=DIRECTION('',(1.97890016322749E-57,-1.,1.85188031952514E-43));
#5084=DIRECTION('center_axis',(0.,0.,1.));
#5085=DIRECTION('ref_axis',(1.,0.,0.));
#5086=DIRECTION('center_axis',(-0.780624770678139,-0.624999973922962,5.11778109451536E-15));
#5087=DIRECTION('ref_axis',(5.55111512312578E-16,-8.88178419700125E-15,
-1.));
#5088=DIRECTION('center_axis',(0.,0.,-1.));
#5089=DIRECTION('ref_axis',(-0.707106781186548,0.707106781186547,0.));
#5090=DIRECTION('center_axis',(0.832412995844507,0.554155758202667,0.));
#5091=DIRECTION('ref_axis',(0.554155758202667,-0.832412995844507,0.));
#5092=DIRECTION('center_axis',(0.,0.,1.));
#5093=DIRECTION('ref_axis',(-0.707106781186548,0.707106781186547,0.));
#5094=DIRECTION('center_axis',(0.,0.,1.));
#5095=DIRECTION('ref_axis',(1.,0.,0.));
#5096=DIRECTION('center_axis',(0.,0.,-1.));
#5097=DIRECTION('ref_axis',(0.,1.,0.));
#5098=DIRECTION('center_axis',(1.,0.,0.));
#5099=DIRECTION('ref_axis',(0.,-1.,0.));
#5100=DIRECTION('center_axis',(0.,0.,1.));
#5101=DIRECTION('ref_axis',(1.,0.,0.));
#5102=DIRECTION('center_axis',(0.,-1.,0.));
#5103=DIRECTION('ref_axis',(-1.,0.,0.));
#5104=DIRECTION('center_axis',(0.,0.,1.));
#5105=DIRECTION('ref_axis',(0.707106781186549,0.707106781186546,0.));
#5106=DIRECTION('center_axis',(-0.832412995844507,0.554155758202668,0.));
#5107=DIRECTION('ref_axis',(0.,0.,-1.));
#5108=DIRECTION('center_axis',(0.,0.,-1.));
#5109=DIRECTION('ref_axis',(0.707106781186549,0.707106781186546,0.));
#5110=DIRECTION('center_axis',(0.,0.,1.));
#5111=DIRECTION('ref_axis',(1.,0.,0.));
#5112=DIRECTION('center_axis',(-0.780624770678134,0.624999973922968,-2.34222364875781E-15));
#5113=DIRECTION('ref_axis',(0.624999973922968,0.780624770678134,0.));
#5114=DIRECTION('center_axis',(0.,0.,1.));
#5115=DIRECTION('ref_axis',(-0.707106781186546,-0.707106781186549,0.));
#5116=DIRECTION('center_axis',(1.,0.,0.));
#5117=DIRECTION('ref_axis',(0.,0.,-1.));
#5118=DIRECTION('center_axis',(0.,0.,-1.));
#5119=DIRECTION('ref_axis',(-0.707106781186546,-0.707106781186549,0.));
#5120=DIRECTION('center_axis',(-1.,0.,0.));
#5121=DIRECTION('ref_axis',(0.,0.707106781186549,-0.707106781186546));
#5122=DIRECTION('center_axis',(1.,0.,0.));
#5123=DIRECTION('ref_axis',(0.,0.,-1.));
#5124=DIRECTION('',(-1.,0.,0.));
#5125=DIRECTION('',(1.,0.,0.));
#5126=DIRECTION('center_axis',(0.,0.,1.));
#5127=DIRECTION('ref_axis',(1.,0.,0.));
#5128=DIRECTION('center_axis',(0.,1.,0.));
#5129=DIRECTION('ref_axis',(0.,0.,-1.));
#5130=DIRECTION('center_axis',(0.,0.,-1.));
#5131=DIRECTION('ref_axis',(0.707106781186549,-0.707106781186546,0.));
#5132=DIRECTION('center_axis',(0.,0.,1.));
#5133=DIRECTION('ref_axis',(0.707106781186549,-0.707106781186546,0.));
#5134=DIRECTION('center_axis',(0.,-1.,0.));
#5135=DIRECTION('ref_axis',(-0.707106781186548,0.,-0.707106781186547));
#5136=DIRECTION('',(0.,1.,0.));
#5137=DIRECTION('',(0.,-1.,0.));
#5138=DIRECTION('center_axis',(0.,0.,1.));
#5139=DIRECTION('ref_axis',(1.,0.,0.));
#5140=DIRECTION('center_axis',(-1.,0.,0.));
#5141=DIRECTION('ref_axis',(0.,0.,-1.));
#5142=DIRECTION('center_axis',(0.,0.,-1.));
#5143=DIRECTION('ref_axis',(0.,1.,0.));
#5144=DIRECTION('center_axis',(1.,0.,0.));
#5145=DIRECTION('ref_axis',(0.,-0.707106781186546,-0.707106781186549));
#5146=DIRECTION('',(-1.,0.,0.));
#5147=DIRECTION('',(1.,0.,0.));
#5148=DIRECTION('center_axis',(-8.88178419700125E-15,-1.,-3.14018516302766E-15));
#5149=DIRECTION('ref_axis',(0.333333356512918,0.,-0.942809033386842));
#5150=DIRECTION('center_axis',(0.,1.,0.));
#5151=DIRECTION('ref_axis',(1.,0.,0.));
#5152=DIRECTION('center_axis',(0.,1.,0.));
#5153=DIRECTION('ref_axis',(0.816496588024995,0.,-0.577350259152571));
#5154=DIRECTION('',(0.,-1.,0.));
#5155=DIRECTION('',(0.,1.,0.));
#5156=DIRECTION('center_axis',(0.,0.,1.));
#5157=DIRECTION('ref_axis',(-0.707106781186549,0.707106781186546,0.));
#5158=DIRECTION('',(0.,0.,1.));
#5159=DIRECTION('center_axis',(0.,0.,-1.));
#5160=DIRECTION('ref_axis',(-0.707106781186549,0.707106781186546,0.));
#5161=DIRECTION('',(0.,0.,-1.));
#5162=DIRECTION('center_axis',(-1.,0.,0.));
#5163=DIRECTION('ref_axis',(0.,-1.,0.));
#5164=DIRECTION('',(0.,0.,-1.));
#5165=DIRECTION('',(0.,-1.,0.));
#5166=DIRECTION('center_axis',(0.,0.,1.));
#5167=DIRECTION('ref_axis',(-0.707106781186546,-0.707106781186549,0.));
#5168=DIRECTION('',(0.,0.,1.));
#5169=DIRECTION('center_axis',(0.,0.,-1.));
#5170=DIRECTION('ref_axis',(-0.707106781186546,-0.707106781186549,0.));
#5171=DIRECTION('center_axis',(0.,0.,1.));
#5172=DIRECTION('ref_axis',(1.,0.,0.));
#5173=DIRECTION('',(1.,0.,0.));
#5174=DIRECTION('',(0.,1.,0.));
#5175=DIRECTION('center_axis',(0.,0.,1.));
#5176=DIRECTION('ref_axis',(1.,0.,0.));
#5177=DIRECTION('',(0.,1.,0.));
#5178=DIRECTION('center_axis',(0.,0.,-1.));
#5179=DIRECTION('ref_axis',(4.28957236970481E-16,1.,0.));
#5180=DIRECTION('',(1.,0.,0.));
#5181=DIRECTION('center_axis',(0.,0.,-1.));
#5182=DIRECTION('ref_axis',(-2.57374342182289E-15,1.,0.));
#5183=DIRECTION('',(0.,-1.,0.));
#5184=DIRECTION('',(1.,0.,0.));
#5185=DIRECTION('center_axis',(0.,0.,1.));
#5186=DIRECTION('ref_axis',(1.,0.,0.));
#5187=DIRECTION('',(1.,0.,0.));
#5188=DIRECTION('center_axis',(0.,0.,-1.));
#5189=DIRECTION('ref_axis',(0.707106781186549,-0.707106781186546,0.));
#5190=DIRECTION('',(0.,1.,0.));
#5191=DIRECTION('center_axis',(0.,0.,-1.));
#5192=DIRECTION('ref_axis',(0.707106781186549,0.707106781186546,0.));
#5193=DIRECTION('',(-1.,0.,0.));
#5194=DIRECTION('',(1.,0.,0.));
#5195=DIRECTION('',(0.,-1.,0.));
#5196=DIRECTION('center_axis',(0.,-1.,0.));
#5197=DIRECTION('ref_axis',(1.,0.,0.));
#5198=DIRECTION('',(0.,0.,-1.));
#5199=DIRECTION('center_axis',(0.,0.,1.));
#5200=DIRECTION('ref_axis',(0.707106781186549,-0.707106781186546,0.));
#5201=DIRECTION('',(0.,0.,1.));
#5202=DIRECTION('center_axis',(0.,0.,1.));
#5203=DIRECTION('ref_axis',(0.707106781186549,0.707106781186546,0.));
#5204=DIRECTION('',(0.,0.,1.));
#5205=DIRECTION('',(0.,0.,-1.));
#5206=DIRECTION('center_axis',(0.,1.,0.));
#5207=DIRECTION('ref_axis',(-1.,0.,0.));
#5208=DIRECTION('',(-1.,0.,0.));
#5209=DIRECTION('',(-1.,0.,0.));
#5210=DIRECTION('center_axis',(-1.,0.,0.));
#5211=DIRECTION('ref_axis',(0.,0.86602540378444,0.499999999999998));
#5212=DIRECTION('center_axis',(1.,0.,0.));
#5213=DIRECTION('ref_axis',(0.,0.86602540378444,0.499999999999998));
#5214=DIRECTION('',(-1.,0.,0.));
#5215=DIRECTION('center_axis',(-1.,0.,0.));
#5216=DIRECTION('ref_axis',(0.,0.965925826289068,-0.258819045102521));
#5217=DIRECTION('',(0.,-0.258819045102521,-0.965925826289068));
#5218=DIRECTION('',(0.,0.965925826289068,-0.258819045102521));
#5219=DIRECTION('',(0.,-0.258819045102521,-0.965925826289068));
#5220=DIRECTION('center_axis',(1.,0.,0.));
#5221=DIRECTION('ref_axis',(0.,0.193636051365536,-0.98107343232378));
#5222=DIRECTION('center_axis',(-1.,0.,0.));
#5223=DIRECTION('ref_axis',(0.,-0.552708179845089,-0.833374866391067));
#5224=DIRECTION('',(0.,-0.258819045102521,-0.965925826289068));
#5225=DIRECTION('center_axis',(0.,-0.965925826289068,0.258819045102521));
#5226=DIRECTION('ref_axis',(-1.,0.,0.));
#5227=DIRECTION('',(0.,-0.258819045102521,-0.965925826289068));
#5228=DIRECTION('',(-1.,0.,0.));
#5229=DIRECTION('center_axis',(0.,-0.965925826289068,0.258819045102521));
#5230=DIRECTION('ref_axis',(-0.568635237760012,-0.212901904551249,-0.794560724813444));
#5231=DIRECTION('center_axis',(0.,0.965925826289068,-0.258819045102521));
#5232=DIRECTION('ref_axis',(-0.568635237760012,-0.212901904551249,-0.794560724813444));
#5233=DIRECTION('',(0.,0.965925826289068,-0.258819045102521));
#5234=DIRECTION('',(0.,-0.965925826289068,0.258819045102521));
#5235=DIRECTION('center_axis',(-0.935507084234121,-0.0914428217828539,-0.341269256881077));
#5236=DIRECTION('ref_axis',(0.353307932755229,-0.242127050228118,-0.90363045333812));
#5237=DIRECTION('',(0.353307932755229,-0.242127050228118,-0.90363045333812));
#5238=DIRECTION('',(0.,-0.965925826289068,0.258819045102521));
#5239=DIRECTION('center_axis',(0.,-0.965925826289068,0.258819045102521));
#5240=DIRECTION('ref_axis',(0.,-0.258819045102521,-0.965925826289068));
#5241=DIRECTION('',(1.,0.,0.));
#5242=DIRECTION('center_axis',(0.,0.965925826289068,-0.258819045102521));
#5243=DIRECTION('ref_axis',(0.570924377690843,-0.212491122475171,-0.793027665234679));
#5244=DIRECTION('',(0.348090709916649,0.242632723727931,0.905517652531462));
#5245=DIRECTION('',(-1.,0.,0.));
#5246=DIRECTION('',(-0.29499855165327,-0.247301002286894,-0.922939905297398));
#5247=DIRECTION('',(-0.298493932921381,0.247019881292097,0.921890747461739));
#5248=DIRECTION('',(-1.,0.,0.));
#5249=DIRECTION('center_axis',(1.48035917553377E-17,-0.965925826289068,
0.258819045102521));
#5250=DIRECTION('ref_axis',(0.570924377690843,-0.212491122475171,-0.793027665234679));
#5251=DIRECTION('',(-1.48035917553377E-17,0.965925826289068,-0.258819045102521));
#5252=DIRECTION('',(1.48035917553377E-17,-0.965925826289068,0.258819045102521));
#5253=DIRECTION('center_axis',(0.937460856606676,-0.0900925051496855,-0.336229806599787));
#5254=DIRECTION('ref_axis',(0.348090709916649,0.242632723727931,0.905517652531462));
#5255=DIRECTION('',(0.,-0.965925826289068,0.258819045102521));
#5256=DIRECTION('center_axis',(0.,-0.965925826289068,0.258819045102521));
#5257=DIRECTION('ref_axis',(-0.707106781186548,0.183012701892219,0.683012701892219));
#5258=DIRECTION('center_axis',(0.,0.965925826289068,-0.258819045102521));
#5259=DIRECTION('ref_axis',(-0.707106781186548,0.183012701892219,0.683012701892219));
#5260=DIRECTION('',(0.,0.965925826289068,-0.258819045102521));
#5261=DIRECTION('',(0.,-0.965925826289068,0.258819045102521));
#5262=DIRECTION('center_axis',(-1.,0.,0.));
#5263=DIRECTION('ref_axis',(0.,-0.25881904510252,-0.965925826289068));
#5264=DIRECTION('',(0.,-0.965925826289068,0.258819045102521));
#5265=DIRECTION('',(0.,-0.25881904510252,-0.965925826289068));
#5266=DIRECTION('center_axis',(0.,-0.965925826289068,0.258819045102521));
#5267=DIRECTION('ref_axis',(0.707106781186548,0.18301270189222,0.683012701892218));
#5268=DIRECTION('center_axis',(0.,0.965925826289068,-0.258819045102521));
#5269=DIRECTION('ref_axis',(0.707106781186548,0.18301270189222,0.683012701892218));
#5270=DIRECTION('',(0.,0.965925826289068,-0.258819045102521));
#5271=DIRECTION('',(0.,-0.965925826289068,0.258819045102521));
#5272=DIRECTION('center_axis',(0.,0.258819045102521,0.965925826289068));
#5273=DIRECTION('ref_axis',(-1.,0.,0.));
#5274=DIRECTION('',(0.,0.965925826289068,-0.258819045102521));
#5275=DIRECTION('',(-1.,0.,0.));
#5276=DIRECTION('center_axis',(0.,-0.965925826289068,0.258819045102521));
#5277=DIRECTION('ref_axis',(0.707106781186546,-0.183012701892221,-0.68301270189222));
#5278=DIRECTION('center_axis',(0.,0.965925826289068,-0.258819045102521));
#5279=DIRECTION('ref_axis',(0.707106781186546,-0.183012701892221,-0.68301270189222));
#5280=DIRECTION('',(0.,0.965925826289068,-0.258819045102521));
#5281=DIRECTION('',(0.,-0.965925826289068,0.258819045102521));
#5282=DIRECTION('center_axis',(1.,0.,0.));
#5283=DIRECTION('ref_axis',(0.,0.25881904510252,0.965925826289068));
#5284=DIRECTION('',(0.,0.25881904510252,0.965925826289068));
#5285=DIRECTION('center_axis',(0.,-0.965925826289068,0.258819045102521));
#5286=DIRECTION('ref_axis',(-0.707106781186548,-0.18301270189222,-0.683012701892218));
#5287=DIRECTION('center_axis',(0.,0.965925826289068,-0.258819045102521));
#5288=DIRECTION('ref_axis',(-0.707106781186548,-0.18301270189222,-0.683012701892218));
#5289=DIRECTION('',(0.,0.965925826289068,-0.258819045102521));
#5290=DIRECTION('',(0.,-0.965925826289068,0.258819045102521));
#5291=DIRECTION('center_axis',(0.,-0.258819045102521,-0.965925826289068));
#5292=DIRECTION('ref_axis',(1.,0.,0.));
#5293=DIRECTION('',(1.,0.,0.));
#5294=DIRECTION('center_axis',(0.,-0.965925826289068,0.258819045102521));
#5295=DIRECTION('ref_axis',(-0.707106781186546,0.183012701892221,0.68301270189222));
#5296=DIRECTION('center_axis',(0.,0.965925826289068,-0.258819045102521));
#5297=DIRECTION('ref_axis',(-0.707106781186546,0.183012701892221,0.68301270189222));
#5298=DIRECTION('',(0.,-0.965925826289068,0.258819045102521));
#5299=DIRECTION('center_axis',(-1.,0.,0.));
#5300=DIRECTION('ref_axis',(0.,-0.25881904510252,-0.965925826289068));
#5301=DIRECTION('',(0.,-0.25881904510252,-0.965925826289068));
#5302=DIRECTION('center_axis',(0.,0.258819045102521,0.965925826289068));
#5303=DIRECTION('ref_axis',(-1.,0.,0.));
#5304=DIRECTION('',(0.,-0.965925826289068,0.258819045102521));
#5305=DIRECTION('center_axis',(0.954411531787586,0.0772559146876078,0.288322998799359));
#5306=DIRECTION('ref_axis',(-0.298493932921381,0.247019881292097,0.921890747461739));
#5307=DIRECTION('',(0.,-0.965925826289068,0.258819045102521));
#5308=DIRECTION('center_axis',(-0.955497699904334,0.076351243445526,0.284946719759763));
#5309=DIRECTION('ref_axis',(-0.29499855165327,-0.247301002286894,-0.922939905297398));
#5310=DIRECTION('',(0.,-0.965925826289068,0.258819045102521));
#5311=DIRECTION('center_axis',(0.,0.258819045102521,0.965925826289068));
#5312=DIRECTION('ref_axis',(-1.,0.,0.));
#5313=DIRECTION('center_axis',(0.,-0.258819045102521,-0.965925826289068));
#5314=DIRECTION('ref_axis',(1.,0.,0.));
#5315=DIRECTION('center_axis',(0.,0.258819045102521,0.965925826289068));
#5316=DIRECTION('ref_axis',(-1.,0.,0.));
#5317=DIRECTION('',(0.,-0.965925826289068,0.258819045102521));
#5318=DIRECTION('',(-1.,0.,0.));
#5319=DIRECTION('',(0.,-0.965925826289068,0.258819045102521));
#5320=DIRECTION('center_axis',(1.,0.,0.));
#5321=DIRECTION('ref_axis',(0.,0.25881904510252,0.965925826289068));
#5322=DIRECTION('',(0.,0.25881904510252,0.965925826289068));
#5323=DIRECTION('',(0.,-0.965925826289068,0.258819045102521));
#5324=DIRECTION('center_axis',(0.,-0.258819045102521,-0.965925826289068));
#5325=DIRECTION('ref_axis',(1.,0.,0.));
#5326=DIRECTION('',(1.,0.,0.));
#5327=DIRECTION('',(0.,-0.965925826289068,0.258819045102521));
#5328=DIRECTION('center_axis',(-1.,0.,0.));
#5329=DIRECTION('ref_axis',(0.,-0.25881904510252,-0.965925826289068));
#5330=DIRECTION('',(0.,-0.25881904510252,-0.965925826289068));
#5331=DIRECTION('center_axis',(0.,-0.965925826289068,0.258819045102521));
#5332=DIRECTION('ref_axis',(0.,-0.258819045102521,-0.965925826289068));
#5333=DIRECTION('center_axis',(0.,0.258819045102521,0.965925826289068));
#5334=DIRECTION('ref_axis',(-1.,0.,0.));
#5335=DIRECTION('',(0.,-0.965925826289068,0.258819045102521));
#5336=DIRECTION('',(-1.,0.,0.));
#5337=DIRECTION('',(0.,-0.965925826289068,0.258819045102521));
#5338=DIRECTION('center_axis',(0.9552041915856,0.0765968623029296,0.285863381814891));
#5339=DIRECTION('ref_axis',(-0.295947550044429,0.24722503674411,0.922656398032103));
#5340=DIRECTION('',(-0.295947550044429,0.24722503674411,0.922656398032102));
#5341=DIRECTION('',(0.,-0.965925826289068,0.258819045102521));
#5342=DIRECTION('center_axis',(-0.961011853159389,0.0715653231194959,0.267085421942043));
#5343=DIRECTION('ref_axis',(-0.276507175471373,-0.248728170166917,-0.928266168336572));
#5344=DIRECTION('',(-0.276507175471373,-0.248728170166917,-0.928266168336572));
#5345=DIRECTION('',(0.,-0.965925826289068,0.258819045102521));
#5346=DIRECTION('center_axis',(0.,0.258819045102521,0.965925826289068));
#5347=DIRECTION('ref_axis',(-1.,0.,0.));
#5348=DIRECTION('',(-1.,0.,0.));
#5349=DIRECTION('',(0.,-0.965925826289068,0.258819045102521));
#5350=DIRECTION('center_axis',(0.937461529830801,-0.0900920358849728,-0.336228055280037));
#5351=DIRECTION('ref_axis',(0.348088896817027,0.242632897971156,0.90551830281603));
#5352=DIRECTION('',(0.348088896817027,0.242632897971156,0.90551830281603));
#5353=DIRECTION('',(0.,-0.965925826289068,0.258819045102521));
#5354=DIRECTION('',(0.,-0.965925826289068,0.258819045102521));
#5355=DIRECTION('',(0.,-0.965925826289068,0.258819045102521));
#5356=DIRECTION('',(0.,-0.965925826289068,0.258819045102521));
#5357=DIRECTION('center_axis',(-0.99372406389832,-0.0289512961944121,-0.108047708342521));
#5358=DIRECTION('ref_axis',(0.111859218794908,-0.257194713313559,-0.959863737524316));
#5359=DIRECTION('',(0.111859218794908,-0.257194713313559,-0.959863737524316));
#5360=DIRECTION('',(0.,-0.965925826289068,0.258819045102521));
#5361=DIRECTION('',(0.,-0.965925826289068,0.258819045102521));
#5362=DIRECTION('',(0.,-0.965925826289068,0.258819045102521));
#5363=DIRECTION('',(0.,-0.965925826289068,0.258819045102521));
#5364=DIRECTION('center_axis',(-0.922076663085616,-0.100164852189527,-0.37382031750394));
#5365=DIRECTION('ref_axis',(0.387007270465164,-0.238651001451137,-0.89065766269284));
#5366=DIRECTION('',(0.387007270465164,-0.238651001451137,-0.89065766269284));
#5367=DIRECTION('center_axis',(0.,-0.965925826289068,0.25881904510252));
#5368=DIRECTION('ref_axis',(1.,0.,0.));
#5369=DIRECTION('',(0.,-0.965925826289068,0.258819045102521));
#5370=DIRECTION('',(0.,-0.965925826289068,0.258819045102521));
#5371=DIRECTION('',(0.,-0.965925826289068,0.258819045102521));
#5372=DIRECTION('',(0.,-0.965925826289068,0.258819045102521));
#5373=DIRECTION('',(0.,-0.965925826289068,0.258819045102521));
#5374=DIRECTION('',(0.,-0.965925826289068,0.258819045102521));
#5375=DIRECTION('',(0.,-0.965925826289068,0.258819045102521));
#5376=DIRECTION('',(0.,-0.965925826289068,0.258819045102521));
#5377=DIRECTION('',(0.,-0.965925826289068,0.258819045102521));
#5378=DIRECTION('center_axis',(-1.,0.,0.));
#5379=DIRECTION('ref_axis',(0.,-0.25881904510252,-0.965925826289068));
#5380=DIRECTION('',(0.,0.258819045102521,0.965925826289068));
#5381=DIRECTION('',(0.,-0.25881904510252,-0.965925826289068));
#5382=DIRECTION('center_axis',(-0.104818116704206,-0.257393316818671,-0.960604935895952));
#5383=DIRECTION('ref_axis',(0.994491408917434,-0.0271289248748272,-0.101246525987574));
#5384=DIRECTION('',(0.,-0.965925826289068,0.258819045102521));
#5385=DIRECTION('',(0.994491408917434,-0.0271289248748272,-0.101246525987574));
#5386=DIRECTION('',(0.,-0.965925826289068,0.258819045102521));
#5387=DIRECTION('',(0.,-0.965925826289068,0.258819045102521));
#5388=DIRECTION('',(0.,-0.965925826289068,0.258819045102521));
#5389=DIRECTION('',(0.,-0.965925826289068,0.258819045102521));
#5390=DIRECTION('',(0.,-0.965925826289068,0.258819045102521));
#5391=DIRECTION('',(0.,-0.965925826289068,0.258819045102521));
#5392=DIRECTION('',(0.,-0.965925826289068,0.258819045102521));
#5393=DIRECTION('',(0.,-0.965925826289068,0.258819045102521));
#5394=DIRECTION('',(0.,-0.965925826289068,0.258819045102521));
#5395=DIRECTION('center_axis',(1.,0.,0.));
#5396=DIRECTION('ref_axis',(0.,0.25881904510252,0.965925826289068));
#5397=DIRECTION('',(0.,0.25881904510252,0.965925826289068));
#5398=DIRECTION('',(0.,-0.965925826289068,0.258819045102521));
#5399=DIRECTION('',(0.,-0.965925826289068,0.258819045102521));
#5400=DIRECTION('',(0.,-0.965925826289068,0.258819045102521));
#5401=DIRECTION('center_axis',(0.,-0.258819045102521,-0.965925826289068));
#5402=DIRECTION('ref_axis',(1.,0.,0.));
#5403=DIRECTION('',(1.,0.,0.));
#5404=DIRECTION('',(0.,-0.965925826289068,0.258819045102521));
#5405=DIRECTION('',(0.,-0.965925826289068,0.258819045102521));
#5406=DIRECTION('',(0.,-0.965925826289068,0.258819045102521));
#5407=DIRECTION('',(0.,-0.965925826289068,0.258819045102521));
#5408=DIRECTION('',(0.,-0.965925826289068,0.258819045102521));
#5409=DIRECTION('',(0.,-0.965925826289068,0.258819045102521));
#5410=DIRECTION('',(0.,-0.965925826289068,0.258819045102521));
#5411=DIRECTION('',(0.,-0.965925826289068,0.258819045102521));
#5412=DIRECTION('',(0.,-0.965925826289068,0.258819045102521));
#5413=DIRECTION('',(0.,-0.965925826289068,0.258819045102521));
#5414=DIRECTION('',(0.,-0.965925826289068,0.258819045102521));
#5415=DIRECTION('',(0.,-0.965925826289068,0.258819045102521));
#5416=DIRECTION('',(0.,-0.965925826289068,0.258819045102521));
#5417=DIRECTION('',(0.,-0.965925826289068,0.258819045102521));
#5418=DIRECTION('center_axis',(0.,-0.965925826289068,0.25881904510252));
#5419=DIRECTION('ref_axis',(1.,0.,0.));
#5420=DIRECTION('center_axis',(0.,-0.965925826289068,0.258819045102521));
#5421=DIRECTION('ref_axis',(1.,0.,0.));
#5422=DIRECTION('center_axis',(0.,0.258819045102521,0.965925826289068));
#5423=DIRECTION('ref_axis',(-1.,0.,0.));
#5424=DIRECTION('',(-1.,0.,0.));
#5425=DIRECTION('',(0.,-0.965925826289068,0.258819045102521));
#5426=DIRECTION('center_axis',(1.,0.,0.));
#5427=DIRECTION('ref_axis',(0.,0.25881904510252,0.965925826289068));
#5428=DIRECTION('',(0.,0.25881904510252,0.965925826289068));
#5429=DIRECTION('',(0.,-0.965925826289068,0.258819045102521));
#5430=DIRECTION('center_axis',(0.,-0.258819045102521,-0.965925826289068));
#5431=DIRECTION('ref_axis',(1.,0.,0.));
#5432=DIRECTION('',(1.,0.,0.));
#5433=DIRECTION('',(0.,-0.965925826289068,0.258819045102521));
#5434=DIRECTION('center_axis',(1.,0.,0.));
#5435=DIRECTION('ref_axis',(0.,0.25881904510252,0.965925826289068));
#5436=DIRECTION('',(0.,0.25881904510252,0.965925826289068));
#5437=DIRECTION('',(0.,-0.965925826289068,0.258819045102521));
#5438=DIRECTION('center_axis',(0.,0.258819045102521,0.965925826289068));
#5439=DIRECTION('ref_axis',(-1.,0.,0.));
#5440=DIRECTION('',(-1.,0.,0.));
#5441=DIRECTION('',(0.,-0.965925826289068,0.258819045102521));
#5442=DIRECTION('center_axis',(1.,0.,0.));
#5443=DIRECTION('ref_axis',(0.,0.25881904510252,0.965925826289068));
#5444=DIRECTION('',(0.,0.25881904510252,0.965925826289068));
#5445=DIRECTION('',(0.,-0.965925826289068,0.258819045102521));
#5446=DIRECTION('center_axis',(0.,-0.258819045102521,-0.965925826289068));
#5447=DIRECTION('ref_axis',(1.,0.,0.));
#5448=DIRECTION('',(1.,0.,0.));
#5449=DIRECTION('',(0.,-0.965925826289068,0.258819045102521));
#5450=DIRECTION('center_axis',(1.,0.,0.));
#5451=DIRECTION('ref_axis',(0.,0.25881904510252,0.965925826289068));
#5452=DIRECTION('',(0.,0.25881904510252,0.965925826289068));
#5453=DIRECTION('',(0.,-0.965925826289068,0.258819045102521));
#5454=DIRECTION('center_axis',(0.,-0.258819045102521,-0.965925826289068));
#5455=DIRECTION('ref_axis',(1.,0.,0.));
#5456=DIRECTION('',(1.,0.,0.));
#5457=DIRECTION('center_axis',(0.,-0.965925826289068,0.258819045102521));
#5458=DIRECTION('ref_axis',(0.,-0.258819045102521,-0.965925826289068));
#5459=DIRECTION('center_axis',(0.,-0.258819045102521,-0.965925826289068));
#5460=DIRECTION('ref_axis',(1.,0.,0.));
#5461=DIRECTION('',(0.,-0.965925826289068,0.258819045102521));
#5462=DIRECTION('',(1.,0.,0.));
#5463=DIRECTION('',(0.,-0.965925826289068,0.258819045102521));
#5464=DIRECTION('center_axis',(-1.,0.,0.));
#5465=DIRECTION('ref_axis',(0.,-0.25881904510252,-0.965925826289068));
#5466=DIRECTION('',(0.,-0.25881904510252,-0.965925826289068));
#5467=DIRECTION('',(0.,-0.965925826289068,0.258819045102521));
#5468=DIRECTION('',(0.,-0.965925826289068,0.258819045102521));
#5469=DIRECTION('',(0.,-0.965925826289068,0.258819045102521));
#5470=DIRECTION('',(0.,-0.965925826289068,0.258819045102521));
#5471=DIRECTION('',(0.,-0.965925826289068,0.258819045102521));
#5472=DIRECTION('center_axis',(-1.,0.,0.));
#5473=DIRECTION('ref_axis',(0.,-0.25881904510252,-0.965925826289068));
#5474=DIRECTION('',(0.,-0.25881904510252,-0.965925826289068));
#5475=DIRECTION('',(0.,-0.965925826289068,0.258819045102521));
#5476=DIRECTION('center_axis',(0.,0.258819045102521,0.965925826289068));
#5477=DIRECTION('ref_axis',(-1.,0.,0.));
#5478=DIRECTION('',(-1.,0.,0.));
#5479=DIRECTION('',(0.,-0.965925826289068,0.258819045102521));
#5480=DIRECTION('center_axis',(1.,0.,0.));
#5481=DIRECTION('ref_axis',(0.,0.25881904510252,0.965925826289068));
#5482=DIRECTION('',(0.,0.25881904510252,0.965925826289068));
#5483=DIRECTION('',(0.,-0.965925826289068,0.258819045102521));
#5484=DIRECTION('',(0.,-0.965925826289068,0.258819045102521));
#5485=DIRECTION('',(0.,-0.965925826289068,0.258819045102521));
#5486=DIRECTION('',(0.,-0.965925826289068,0.258819045102521));
#5487=DIRECTION('',(0.,-0.965925826289068,0.258819045102521));
#5488=DIRECTION('center_axis',(-1.,0.,0.));
#5489=DIRECTION('ref_axis',(0.,-0.25881904510252,-0.965925826289068));
#5490=DIRECTION('',(0.,-0.25881904510252,-0.965925826289068));
#5491=DIRECTION('',(0.,-0.965925826289068,0.258819045102521));
#5492=DIRECTION('center_axis',(0.,0.258819045102521,0.965925826289068));
#5493=DIRECTION('ref_axis',(-1.,0.,0.));
#5494=DIRECTION('',(-1.,0.,0.));
#5495=DIRECTION('',(0.,-0.965925826289068,0.258819045102521));
#5496=DIRECTION('center_axis',(1.,0.,0.));
#5497=DIRECTION('ref_axis',(0.,0.25881904510252,0.965925826289068));
#5498=DIRECTION('',(0.,0.25881904510252,0.965925826289068));
#5499=DIRECTION('center_axis',(0.,-0.965925826289068,0.25881904510252));
#5500=DIRECTION('ref_axis',(1.,0.,0.));
#5501=DIRECTION('center_axis',(-0.0936460075516568,0.257681679579747,0.961681120371298));
#5502=DIRECTION('ref_axis',(-0.995605557070487,-0.0242373702521832,-0.0904550972230065));
#5503=DIRECTION('',(0.,-0.965925826289068,0.258819045102521));
#5504=DIRECTION('',(-0.995605557070487,-0.0242373702521832,-0.0904550972230065));
#5505=DIRECTION('',(0.,-0.965925826289068,0.258819045102521));
#5506=DIRECTION('',(0.,-0.965925826289068,0.258819045102521));
#5507=DIRECTION('',(0.,-0.965925826289068,0.258819045102521));
#5508=DIRECTION('',(0.,-0.965925826289068,0.258819045102521));
#5509=DIRECTION('',(0.,-0.965925826289068,0.258819045102521));
#5510=DIRECTION('',(0.,-0.965925826289068,0.258819045102521));
#5511=DIRECTION('',(0.,-0.965925826289068,0.258819045102521));
#5512=DIRECTION('',(0.,-0.965925826289068,0.258819045102521));
#5513=DIRECTION('',(0.,-0.965925826289068,0.258819045102521));
#5514=DIRECTION('',(0.,-0.965925826289068,0.258819045102521));
#5515=DIRECTION('',(0.,-0.965925826289068,0.258819045102521));
#5516=DIRECTION('',(0.,-0.965925826289068,0.258819045102521));
#5517=DIRECTION('',(0.,-0.965925826289068,0.258819045102521));
#5518=DIRECTION('',(0.,-0.965925826289068,0.258819045102521));
#5519=DIRECTION('',(0.,-0.965925826289068,0.258819045102521));
#5520=DIRECTION('',(0.,-0.965925826289068,0.258819045102521));
#5521=DIRECTION('center_axis',(0.0979719309544767,-0.257573912842124,-0.961278929431125));
#5522=DIRECTION('ref_axis',(0.995189178370149,0.0253570016164877,0.0946336183603385));
#5523=DIRECTION('',(0.995189178370149,0.0253570016164877,0.0946336183603385));
#5524=DIRECTION('',(0.,-0.965925826289068,0.258819045102521));
#5525=DIRECTION('',(0.,-0.965925826289068,0.258819045102521));
#5526=DIRECTION('',(0.,-0.965925826289068,0.258819045102521));
#5527=DIRECTION('',(0.,-0.965925826289068,0.258819045102521));
#5528=DIRECTION('',(0.,-0.965925826289068,0.258819045102521));
#5529=DIRECTION('',(0.,-0.965925826289068,0.258819045102521));
#5530=DIRECTION('',(0.,-0.965925826289068,0.258819045102521));
#5531=DIRECTION('',(0.,-0.965925826289068,0.258819045102521));
#5532=DIRECTION('',(0.,-0.965925826289068,0.258819045102521));
#5533=DIRECTION('',(0.,-0.965925826289068,0.258819045102521));
#5534=DIRECTION('',(0.,-0.965925826289068,0.258819045102521));
#5535=DIRECTION('',(0.,-0.965925826289068,0.258819045102521));
#5536=DIRECTION('',(0.,-0.965925826289068,0.258819045102521));
#5537=DIRECTION('',(0.,-0.965925826289068,0.258819045102521));
#5538=DIRECTION('center_axis',(0.,-0.965925826289068,0.25881904510252));
#5539=DIRECTION('ref_axis',(1.,0.,0.));
#5540=DIRECTION('center_axis',(0.,-0.965925826289068,0.258819045102521));
#5541=DIRECTION('ref_axis',(0.,-0.258819045102521,-0.965925826289068));
#5542=DIRECTION('center_axis',(0.,0.258819045102521,0.965925826289068));
#5543=DIRECTION('ref_axis',(0.707106781186548,0.683012701892219,-0.183012701892219));
#5544=DIRECTION('',(0.,0.258819045102521,0.965925826289068));
#5545=DIRECTION('center_axis',(-3.89141287669876E-15,-0.258819045102523,
-0.965925826289068));
#5546=DIRECTION('ref_axis',(0.,0.965925826289068,-0.258819045102523));
#5547=DIRECTION('',(0.,-0.258819045102521,-0.965925826289068));
#5548=DIRECTION('center_axis',(1.,0.,0.));
#5549=DIRECTION('ref_axis',(0.,0.965925826289068,-0.25881904510252));
#5550=DIRECTION('center_axis',(0.,0.965925826289068,-0.258819045102521));
#5551=DIRECTION('ref_axis',(0.707106781186547,0.183012701892219,0.68301270189222));
#5552=DIRECTION('center_axis',(0.,-0.965925826289068,0.258819045102521));
#5553=DIRECTION('ref_axis',(0.707106781186547,0.18301270189222,0.68301270189222));
#5554=DIRECTION('center_axis',(-1.,0.,0.));
#5555=DIRECTION('ref_axis',(0.,0.866025403784439,0.5));
#5556=DIRECTION('center_axis',(1.,2.29877490467452E-16,8.57914473940961E-16));
#5557=DIRECTION('ref_axis',(0.,0.965925826289068,-0.258819045102521));
#5558=DIRECTION('',(1.,0.,0.));
#5559=DIRECTION('',(-1.,0.,0.));
#5560=DIRECTION('center_axis',(0.,0.25881904510252,0.965925826289068));
#5561=DIRECTION('ref_axis',(0.,0.965925826289068,-0.25881904510252));
#5562=DIRECTION('center_axis',(0.,0.965925826289068,-0.258819045102521));
#5563=DIRECTION('ref_axis',(-0.707106781186547,0.183012701892219,0.68301270189222));
#5564=DIRECTION('center_axis',(0.,-0.965925826289068,0.258819045102521));
#5565=DIRECTION('ref_axis',(-0.707106781186547,0.183012701892219,0.68301270189222));
#5566=DIRECTION('center_axis',(0.,-0.258819045102521,-0.965925826289068));
#5567=DIRECTION('ref_axis',(-0.707106781186548,0.683012701892219,-0.183012701892219));
#5568=DIRECTION('',(0.,0.258819045102521,0.965925826289068));
#5569=DIRECTION('',(0.,-0.258819045102521,-0.965925826289068));
#5570=DIRECTION('center_axis',(0.,-0.965925826289068,0.258819045102521));
#5571=DIRECTION('ref_axis',(1.,0.,0.));
#5572=DIRECTION('',(0.,-0.258819045102521,-0.965925826289068));
#5573=DIRECTION('',(1.,0.,0.));
#5574=DIRECTION('',(0.,0.258819045102521,0.965925826289068));
#5575=DIRECTION('',(-1.,0.,0.));
#5576=DIRECTION('center_axis',(0.408248290463863,-0.816496580927726,0.408248290463863));
#5577=DIRECTION('ref_axis',(-0.577350269189626,-0.577350269189626,-0.577350269189626));
#5578=DIRECTION('center_axis',(-1.,0.,0.));
#5579=DIRECTION('ref_axis',(0.,0.,-1.));
#5580=DIRECTION('center_axis',(0.,0.,-1.));
#5581=DIRECTION('ref_axis',(-0.707106781186548,-0.707106781186547,0.));
#5582=DIRECTION('center_axis',(0.,-1.,0.));
#5583=DIRECTION('ref_axis',(-0.707106781186547,0.,-0.707106781186547));
#5584=DIRECTION('center_axis',(-1.,0.,0.));
#5585=DIRECTION('ref_axis',(0.,-0.707106781186547,-0.707106781186547));
#5586=DIRECTION('center_axis',(-1.,0.,0.));
#5587=DIRECTION('ref_axis',(0.,0.,-1.));
#5588=DIRECTION('',(-1.,0.,0.));
#5589=DIRECTION('',(1.,0.,0.));
#5590=DIRECTION('center_axis',(-0.408248290463862,-0.816496580927726,0.408248290463863));
#5591=DIRECTION('ref_axis',(0.577350269189625,-0.577350269189626,-0.577350269189626));
#5592=DIRECTION('center_axis',(0.,-1.,0.));
#5593=DIRECTION('ref_axis',(0.707106781186548,0.,-0.707106781186547));
#5594=DIRECTION('center_axis',(0.,0.,-1.));
#5595=DIRECTION('ref_axis',(0.707106781186548,-0.707106781186547,0.));
#5596=DIRECTION('center_axis',(0.,0.,-1.));
#5597=DIRECTION('ref_axis',(-1.,0.,0.));
#5598=DIRECTION('',(0.,-1.,0.));
#5599=DIRECTION('',(-1.,0.,0.));
#5600=DIRECTION('',(0.,1.,0.));
#5601=DIRECTION('center_axis',(0.,1.,0.));
#5602=DIRECTION('ref_axis',(-0.707106781186547,0.,-0.707106781186547));
#5603=DIRECTION('',(0.,1.,0.));
#5604=DIRECTION('center_axis',(0.,-1.,0.));
#5605=DIRECTION('ref_axis',(-0.707106781186547,0.,-0.707106781186547));
#5606=DIRECTION('center_axis',(0.,0.,1.));
#5607=DIRECTION('ref_axis',(-0.707106781186547,-0.707106781186547,0.));
#5608=DIRECTION('',(0.,0.,1.));
#5609=DIRECTION('center_axis',(0.,8.88178419700124E-16,-1.));
#5610=DIRECTION('ref_axis',(0.,-1.,-8.88178419700124E-16));
#5611=DIRECTION('',(0.,0.,-1.));
#5612=DIRECTION('center_axis',(1.,0.,0.));
#5613=DIRECTION('ref_axis',(0.,0.,-1.));
#5614=DIRECTION('center_axis',(0.,-0.258819045102521,-0.965925826289068));
#5615=DIRECTION('ref_axis',(0.,-0.965925826289068,0.258819045102521));
#5616=DIRECTION('center_axis',(1.,0.,0.));
#5617=DIRECTION('ref_axis',(0.,-0.99144486137381,0.130526192220052));
#5618=DIRECTION('center_axis',(-1.,0.,0.));
#5619=DIRECTION('ref_axis',(0.,-0.99144486137381,0.130526192220052));
#5620=DIRECTION('center_axis',(0.,-0.258819045102521,-0.965925826289068));
#5621=DIRECTION('ref_axis',(-0.707106781186547,-0.68301270189222,0.183012701892219));
#5622=DIRECTION('center_axis',(0.,-0.25881904510252,-0.965925826289069));
#5623=DIRECTION('ref_axis',(0.,-0.965925826289068,0.25881904510252));
#5624=DIRECTION('',(0.,-0.258819045102521,-0.965925826289068));
#5625=DIRECTION('center_axis',(-1.,-2.87346863084314E-17,-1.0723930924262E-16));
#5626=DIRECTION('ref_axis',(0.,-0.965925826289068,0.25881904510252));
#5627=DIRECTION('center_axis',(0.,-0.965925826289068,0.258819045102521));
#5628=DIRECTION('ref_axis',(-0.707106781186547,0.183012701892219,0.68301270189222));
#5629=DIRECTION('center_axis',(-1.,0.,0.));
#5630=DIRECTION('ref_axis',(0.,-0.500000000000002,0.866025403784437));
#5631=DIRECTION('center_axis',(-1.,0.,0.));
#5632=DIRECTION('ref_axis',(0.,-0.965925826289068,0.25881904510252));
#5633=DIRECTION('',(-1.,0.,0.));
#5634=DIRECTION('center_axis',(0.,0.25881904510252,0.965925826289069));
#5635=DIRECTION('ref_axis',(0.,-0.965925826289068,0.25881904510252));
#5636=DIRECTION('center_axis',(0.,-0.965925826289068,0.258819045102521));
#5637=DIRECTION('ref_axis',(0.707106781186547,0.183012701892219,0.68301270189222));
#5638=DIRECTION('center_axis',(0.,0.258819045102521,0.965925826289068));
#5639=DIRECTION('ref_axis',(0.707106781186548,-0.683012701892219,0.18301270189222));
#5640=DIRECTION('center_axis',(0.,0.258819045102521,0.965925826289068));
#5641=DIRECTION('ref_axis',(0.,-0.965925826289068,0.258819045102521));
#5642=DIRECTION('',(0.,0.258819045102521,0.965925826289068));
#5643=DIRECTION('center_axis',(-1.,0.,0.));
#5644=DIRECTION('ref_axis',(0.,0.,1.));
#5645=DIRECTION('center_axis',(0.,-2.22044604925031E-16,1.));
#5646=DIRECTION('ref_axis',(0.,-1.,-2.22044604925031E-16));
#5647=DIRECTION('center_axis',(-1.,0.,0.));
#5648=DIRECTION('ref_axis',(0.,-0.99144486137381,0.130526192220052));
#5649=DIRECTION('center_axis',(1.,0.,0.));
#5650=DIRECTION('ref_axis',(0.,-0.99144486137381,0.130526192220052));
#5651=DIRECTION('center_axis',(0.,0.,-1.));
#5652=DIRECTION('ref_axis',(0.707106781186547,-0.707106781186547,0.));
#5653=DIRECTION('',(0.,0.,1.));
#5654=DIRECTION('',(0.,0.,-1.));
#5655=DIRECTION('center_axis',(0.,1.,0.));
#5656=DIRECTION('ref_axis',(0.707106781186547,0.,-0.707106781186547));
#5657=DIRECTION('center_axis',(0.,-1.,0.));
#5658=DIRECTION('ref_axis',(0.707106781186547,0.,-0.707106781186547));
#5659=DIRECTION('',(0.,-1.,0.));
#5660=DIRECTION('center_axis',(0.,1.,0.));
#5661=DIRECTION('ref_axis',(0.,0.,1.));
#5662=DIRECTION('',(0.,0.,1.));
#5663=DIRECTION('center_axis',(0.,-1.,0.));
#5664=DIRECTION('ref_axis',(-0.707106781186547,0.,0.707106781186547));
#5665=DIRECTION('center_axis',(0.,-1.,0.));
#5666=DIRECTION('ref_axis',(0.707106781186547,0.,0.707106781186547));
#5667=DIRECTION('',(0.,0.,-1.));
#5668=DIRECTION('center_axis',(1.,0.,0.));
#5669=DIRECTION('ref_axis',(0.,-0.99144486137381,0.130526192220052));
#5670=DIRECTION('',(1.,0.,0.));
#5671=DIRECTION('center_axis',(0.,-1.,0.));
#5672=DIRECTION('ref_axis',(0.,0.,-1.));
#5673=DIRECTION('center_axis',(0.,-0.258819045102521,-0.965925826289068));
#5674=DIRECTION('ref_axis',(0.707106781186552,0.683012701892216,-0.183012701892216));
#5675=DIRECTION('center_axis',(-0.707106781186543,-0.183012701892212,-0.683012701892226));
#5676=DIRECTION('ref_axis',(-0.707106781186552,0.183012701892227,0.683012701892213));
#5677=DIRECTION('center_axis',(-0.707106781186552,0.183012701892209,0.683012701892217));
#5678=DIRECTION('ref_axis',(0.707106781186543,0.18301270189223,0.683012701892222));
#5679=DIRECTION('center_axis',(0.,0.258819045102521,0.965925826289068));
#5680=DIRECTION('ref_axis',(-0.707106781186552,0.683012701892216,-0.183012701892216));
#5681=DIRECTION('',(0.,0.258819045102521,0.965925826289068));
#5682=DIRECTION('center_axis',(0.707106781186544,-0.183012701892214,-0.683012701892224));
#5683=DIRECTION('ref_axis',(-0.707106781186551,-0.183012701892224,-0.683012701892215));
#5684=DIRECTION('center_axis',(-0.707106781186548,-0.183012701892221,-0.683012701892219));
#5685=DIRECTION('ref_axis',(-0.707106781186547,0.183012701892221,0.683012701892219));
#5686=DIRECTION('center_axis',(-1.,0.,0.));
#5687=DIRECTION('ref_axis',(0.,0.193636051365536,-0.98107343232378));
#5688=DIRECTION('center_axis',(-1.,0.,0.));
#5689=DIRECTION('ref_axis',(0.,0.193636051365536,-0.98107343232378));
#5690=DIRECTION('',(-1.,0.,0.));
#5691=DIRECTION('center_axis',(1.,0.,0.));
#5692=DIRECTION('ref_axis',(0.,0.866025403784438,0.500000000000001));
#5693=DIRECTION('',(1.,0.,0.));
#5694=DIRECTION('center_axis',(-1.,0.,0.));
#5695=DIRECTION('ref_axis',(0.,-0.552708179845089,-0.833374866391067));
#5696=DIRECTION('center_axis',(1.,0.,0.));
#5697=DIRECTION('ref_axis',(0.,-0.552708179845089,-0.833374866391067));
#5698=DIRECTION('',(-1.,0.,0.));
#5699=DIRECTION('center_axis',(-1.,0.,0.));
#5700=DIRECTION('ref_axis',(0.,-0.258819045102521,-0.965925826289068));
#5701=DIRECTION('',(0.,-0.965925826289068,0.258819045102521));
#5702=DIRECTION('',(0.,-0.965925826289068,0.258819045102521));
#5703=DIRECTION('',(0.,-0.258819045102521,-0.965925826289068));
#5704=DIRECTION('center_axis',(0.,1.,0.));
#5705=DIRECTION('ref_axis',(0.707106781186547,0.,0.707106781186547));
#5706=DIRECTION('',(0.,1.,0.));
#5707=DIRECTION('center_axis',(1.,0.,0.));
#5708=DIRECTION('ref_axis',(0.,0.258819045102521,0.965925826289068));
#5709=DIRECTION('',(0.,0.965925826289068,-0.258819045102521));
#5710=DIRECTION('center_axis',(0.,1.,0.));
#5711=DIRECTION('ref_axis',(-0.707106781186547,0.,0.707106781186547));
#5712=DIRECTION('',(0.,1.,0.));
#5713=DIRECTION('center_axis',(0.,-0.965925826289068,0.258819045102521));
#5714=DIRECTION('ref_axis',(0.707106781186547,0.183012701892219,0.68301270189222));
#5715=DIRECTION('',(0.,-0.965925826289068,0.258819045102521));
#5716=DIRECTION('center_axis',(0.,-0.965925826289068,0.258819045102521));
#5717=DIRECTION('ref_axis',(-0.707106781186547,0.183012701892219,0.68301270189222));
#5718=DIRECTION('',(0.,-0.965925826289068,0.258819045102521));
#5719=DIRECTION('',(0.,0.965925826289068,-0.258819045102521));
#5720=DIRECTION('center_axis',(-1.,0.,0.));
#5721=DIRECTION('ref_axis',(0.,-0.258819045102521,-0.965925826289068));
#5722=DIRECTION('center_axis',(0.,0.,-1.));
#5723=DIRECTION('ref_axis',(0.,-1.,0.));
#5724=DIRECTION('',(-1.,0.,0.));
#5725=DIRECTION('center_axis',(0.,0.,1.));
#5726=DIRECTION('ref_axis',(1.,0.,0.));
#5727=DIRECTION('',(1.,0.,0.));
#5728=DIRECTION('center_axis',(-1.,0.,0.));
#5729=DIRECTION('ref_axis',(0.,-1.,0.));
#5730=DIRECTION('',(0.,0.,1.));
#5731=DIRECTION('center_axis',(0.,-1.,0.));
#5732=DIRECTION('ref_axis',(1.,0.,0.));
#5733=DIRECTION('center_axis',(1.,0.,0.));
#5734=DIRECTION('ref_axis',(0.,1.,0.));
#5735=DIRECTION('center_axis',(0.,-0.258819045102521,-0.965925826289068));
#5736=DIRECTION('ref_axis',(0.,0.965925826289068,-0.258819045102521));
#5737=DIRECTION('center_axis',(0.,-0.965925826289068,0.258819045102521));
#5738=DIRECTION('ref_axis',(1.,0.,0.));
#5739=DIRECTION('',(1.,0.,0.));
#5740=DIRECTION('',(0.,0.258819045102521,0.965925826289068));
#5741=DIRECTION('center_axis',(0.,-0.258819045102521,-0.965925826289068));
#5742=DIRECTION('ref_axis',(1.,0.,0.));
#5743=DIRECTION('',(0.,-0.965925826289068,0.258819045102521));
#5744=DIRECTION('center_axis',(1.,0.,0.));
#5745=DIRECTION('ref_axis',(0.,0.258819045102521,0.965925826289068));
#5746=DIRECTION('center_axis',(0.,0.258819045102521,0.965925826289068));
#5747=DIRECTION('ref_axis',(-1.,0.,0.));
#5748=DIRECTION('center_axis',(-1.,8.56666737328112E-60,1.07321559047098E-14));
#5749=DIRECTION('ref_axis',(-1.97890016322749E-57,1.,-1.85188031952514E-43));
#5750=DIRECTION('',(-1.97890016322749E-57,1.,-1.85188031952514E-43));
#5751=DIRECTION('center_axis',(-1.06858966120171E-14,-1.85188031952514E-43,
-1.));
#5752=DIRECTION('ref_axis',(1.,2.92175197044316E-73,-1.06858966120171E-14));
#5753=CARTESIAN_POINT('',(0.,0.,0.));
#5754=CARTESIAN_POINT('Ctrl Pts',(30.0000004470348,75.5085096078554,76.0482419954488));
#5755=CARTESIAN_POINT('Ctrl Pts',(30.0000004470348,74.7019879718773,76.0320333848579));
#5756=CARTESIAN_POINT('Ctrl Pts',(30.075183861132,72.2820146592715,75.9833993454041));
#5757=CARTESIAN_POINT('Ctrl Pts',(30.5741612010929,68.555508691994,75.9085080078454));
#5758=CARTESIAN_POINT('Ctrl Pts',(31.4740085193084,65.9785289937465,75.8567186217132));
#5759=CARTESIAN_POINT('Ctrl Pts',(32.3269038648023,64.9085628058909,75.8352155838394));
#5760=CARTESIAN_POINT('Ctrl Pts',(32.7756009717784,64.7261095814319,75.831548833768));
#5761=CARTESIAN_POINT('Ctrl Pts',(33.0000004470348,64.7261095814319,75.831548833768));
#5762=CARTESIAN_POINT('Ctrl Pts',(30.0000004470348,75.5085096078554,76.0482419954488));
#5763=CARTESIAN_POINT('Ctrl Pts',(30.0000004470348,74.7574281776603,75.9597823020059));
#5764=CARTESIAN_POINT('Ctrl Pts',(30.1096344390424,72.5034088552139,75.6933893447345));
#5765=CARTESIAN_POINT('Ctrl Pts',(30.8461131264041,69.0979649736715,75.3685413221481));
#5766=CARTESIAN_POINT('Ctrl Pts',(31.8717404457606,66.9460598496346,75.3856779291678));
#5767=CARTESIAN_POINT('Ctrl Pts',(32.5505815699294,66.126073208654,75.4732262170744));
#5768=CARTESIAN_POINT('Ctrl Pts',(32.8508223393698,65.9905035313412,75.492755495975));
#5769=CARTESIAN_POINT('Ctrl Pts',(33.0000004470348,65.9905035313412,75.492755495975));
#5770=CARTESIAN_POINT('Ctrl Pts',(30.0000004470348,75.5085096078554,76.0482419954488));
#5771=CARTESIAN_POINT('Ctrl Pts',(30.0000004470348,74.8683085892264,75.815280136302));
#5772=CARTESIAN_POINT('Ctrl Pts',(30.1585876397146,72.9464948006463,75.1150470880188));
#5773=CARTESIAN_POINT('Ctrl Pts',(31.2377792456412,70.163415377457,74.2167005470015));
#5774=CARTESIAN_POINT('Ctrl Pts',(32.4621798354571,68.7979582518041,74.1386548873855));
#5775=CARTESIAN_POINT('Ctrl Pts',(32.8868363744114,68.4374489252404,74.2977092949944));
#5776=CARTESIAN_POINT('Ctrl Pts',(32.9638605460078,68.387883408766,74.3360050915844));
#5777=CARTESIAN_POINT('Ctrl Pts',(33.0000004470348,68.387883408766,74.3360050915844));
#5778=CARTESIAN_POINT('Ctrl Pts',(30.0000004470348,75.5085096078554,76.0482419954488));
#5779=CARTESIAN_POINT('Ctrl Pts',(30.0000004470348,75.0623493094669,75.5624013463201));
#5780=CARTESIAN_POINT('Ctrl Pts',(30.1756700776931,73.7225800387844,74.104226179248));
#5781=CARTESIAN_POINT('Ctrl Pts',(31.375894989075,71.9100242767536,72.0237510989567));
#5782=CARTESIAN_POINT('Ctrl Pts',(32.6756615174951,71.4406739631298,71.1165481797128));
#5783=CARTESIAN_POINT('Ctrl Pts',(33.0096745898758,71.53090714976,70.9380771416209));
#5784=CARTESIAN_POINT('Ctrl Pts',(33.0051170752707,71.5630990429718,70.9193542424478));
#5785=CARTESIAN_POINT('Ctrl Pts',(33.0000004470349,71.5630990429718,70.9193542424478));
#5786=CARTESIAN_POINT('Ctrl Pts',(30.0000004470348,75.5085096078554,76.0482419954488));
#5787=CARTESIAN_POINT('Ctrl Pts',(30.0000004470348,75.2009498239245,75.3817736391902));
#5788=CARTESIAN_POINT('Ctrl Pts',(30.1267797560658,74.2758043969367,73.381715595306));
#5789=CARTESIAN_POINT('Ctrl Pts',(30.9821325357918,73.0006161554389,70.363653249383));
#5790=CARTESIAN_POINT('Ctrl Pts',(32.0719765547336,72.5486857111702,68.4769960773995));
#5791=CARTESIAN_POINT('Ctrl Pts',(32.6634191900707,72.5078129369233,67.769232533005));
#5792=CARTESIAN_POINT('Ctrl Pts',(32.888823101378,72.5085096078554,67.6528230662264));
#5793=CARTESIAN_POINT('Ctrl Pts',(33.0000004470348,72.5085096078554,67.6528230662264));
#5794=CARTESIAN_POINT('Ctrl Pts',(30.0000004470348,75.5085096078554,76.0482419954488));
#5795=CARTESIAN_POINT('Ctrl Pts',(30.0000004470348,75.284110132599,75.2733970149122));
#5796=CARTESIAN_POINT('Ctrl Pts',(30.075183861132,74.6107980759116,72.9484697089868));
#5797=CARTESIAN_POINT('Ctrl Pts',(30.5741612010929,73.5739678827787,69.3683246578466));
#5798=CARTESIAN_POINT('Ctrl Pts',(31.4740085193084,72.856971752437,66.8925574929519));
#5799=CARTESIAN_POINT('Ctrl Pts',(32.3269038648023,72.5592737857783,65.8646149145754));
#5800=CARTESIAN_POINT('Ctrl Pts',(32.7756009717784,72.5085096078554,65.6893276577328));
#5801=CARTESIAN_POINT('Ctrl Pts',(33.0000004470348,72.5085096078554,65.6893276577328));
#5802=CARTESIAN_POINT('',(33.0000004470348,72.5085096078554,65.6893276577328));
#5803=CARTESIAN_POINT('',(33.0000004470348,64.7261095814318,75.831548833768));
#5804=CARTESIAN_POINT('Origin',(33.0000004470348,62.0085096078554,65.6893276577328));
#5805=CARTESIAN_POINT('',(30.0000004470348,75.5085096078554,76.0482419954488));
#5806=CARTESIAN_POINT('Origin',(33.0000004470348,75.5085096078554,76.0482419954488));
#5807=CARTESIAN_POINT('Origin',(33.0000004470348,75.5085096078554,76.0482419954488));
#5808=CARTESIAN_POINT('Origin',(40.0000005960464,62.0085096078554,65.6893276577328));
#5809=CARTESIAN_POINT('',(37.0000005960464,72.5085096078554,65.6893276577328));
#5810=CARTESIAN_POINT('',(37.0000005960464,64.7261095814319,75.831548833768));
#5811=CARTESIAN_POINT('Origin',(37.0000005960464,62.0085096078554,65.6893276577328));
#5812=CARTESIAN_POINT('',(40.0000005960464,64.7261095814319,75.831548833768));
#5813=CARTESIAN_POINT('',(40.0000005960464,72.5085096078554,65.6893276577328));
#5814=CARTESIAN_POINT('Ctrl Pts',(37.0000005960464,64.7261095814319,75.831548833768));
#5815=CARTESIAN_POINT('Ctrl Pts',(37.2244000713029,64.7261095814319,75.831548833768));
#5816=CARTESIAN_POINT('Ctrl Pts',(37.8977289639385,64.9963026472238,75.836978885477));
#5817=CARTESIAN_POINT('Ctrl Pts',(38.9343633189882,66.7896776789598,75.8730202217986));
#5818=CARTESIAN_POINT('Ctrl Pts',(39.7950436728321,70.6706104449379,75.951015064252));
#5819=CARTESIAN_POINT('Ctrl Pts',(40.0000005960464,73.8954663358993,76.0158247742669));
#5820=CARTESIAN_POINT('Ctrl Pts',(40.0000005960464,75.5085096078554,76.0482419954488));
#5821=CARTESIAN_POINT('Ctrl Pts',(37.0000005960464,65.9905035313412,75.492755495975));
#5822=CARTESIAN_POINT('Ctrl Pts',(37.1491787037114,65.9905035313412,75.492755495975));
#5823=CARTESIAN_POINT('Ctrl Pts',(37.5885610694818,66.1886196545343,75.4616067362576));
#5824=CARTESIAN_POINT('Ctrl Pts',(38.5297487388336,67.5802453388247,75.3311089946837));
#5825=CARTESIAN_POINT('Ctrl Pts',(39.6847443764331,71.0024559405198,75.5173092947566));
#5826=CARTESIAN_POINT('Ctrl Pts',(40.0000005960464,74.0063467474653,75.871322608563));
#5827=CARTESIAN_POINT('Ctrl Pts',(40.0000005960464,75.5085096078554,76.0482419954488));
#5828=CARTESIAN_POINT('Ctrl Pts',(37.0000005960464,68.3878734861646,74.3360005061954));
#5829=CARTESIAN_POINT('Ctrl Pts',(37.0361404970735,68.3878734861646,74.3360005061954));
#5830=CARTESIAN_POINT('Ctrl Pts',(37.1233939823276,68.4534349806101,74.2729154748628));
#5831=CARTESIAN_POINT('Ctrl Pts',(37.9366027865746,69.1076541059902,74.0492601481186));
#5832=CARTESIAN_POINT('Ctrl Pts',(39.5295363476327,71.6658872596347,74.6494859402371));
#5833=CARTESIAN_POINT('Ctrl Pts',(40.0000005960464,74.2281075705973,75.5823182771551));
#5834=CARTESIAN_POINT('Ctrl Pts',(40.0000005960464,75.5085096078554,76.0482419954488));
#5835=CARTESIAN_POINT('Ctrl Pts',(37.0000005960464,71.5630775234896,70.9193477117213));
#5836=CARTESIAN_POINT('Ctrl Pts',(36.9948839678106,71.5630775234896,70.9193477117213));
#5837=CARTESIAN_POINT('Ctrl Pts',(36.9533807753687,71.5050842225158,70.9394221740516));
#5838=CARTESIAN_POINT('Ctrl Pts',(37.724346058169,71.4211277247128,71.2871972744867));
#5839=CARTESIAN_POINT('Ctrl Pts',(39.4758793544138,72.8297905835239,73.1319263018212));
#5840=CARTESIAN_POINT('Ctrl Pts',(40.0000005960464,74.6161890110784,75.0765606971914));
#5841=CARTESIAN_POINT('Ctrl Pts',(40.0000005960464,75.5085096078554,76.0482419954488));
#5842=CARTESIAN_POINT('Ctrl Pts',(37.0000005960464,72.5085096078554,67.6528230662264));
#5843=CARTESIAN_POINT('Ctrl Pts',(37.1111779417032,72.5085096078554,67.6528230662264));
#5844=CARTESIAN_POINT('Ctrl Pts',(37.4325004301877,72.5028606229079,67.8221711602853));
#5845=CARTESIAN_POINT('Ctrl Pts',(38.3265565839252,72.6026515403436,69.0273550308238));
#5846=CARTESIAN_POINT('Ctrl Pts',(39.6298752476247,73.6615590252246,72.0493354476284));
#5847=CARTESIAN_POINT('Ctrl Pts',(40.0000005960464,74.8933900399935,74.7153052829316));
#5848=CARTESIAN_POINT('Ctrl Pts',(40.0000005960464,75.5085096078554,76.0482419954488));
#5849=CARTESIAN_POINT('Ctrl Pts',(37.0000005960464,72.5085096078554,65.6893276577328));
#5850=CARTESIAN_POINT('Ctrl Pts',(37.2244000713029,72.5085096078554,65.6893276577328));
#5851=CARTESIAN_POINT('Ctrl Pts',(37.8977289639385,72.5836857463208,65.9489087172673));
#5852=CARTESIAN_POINT('Ctrl Pts',(38.9343633189882,73.0826586171124,67.6718477923921));
#5853=CARTESIAN_POINT('Ctrl Pts',(39.7950436728321,74.162455162353,71.4003544304951));
#5854=CARTESIAN_POINT('Ctrl Pts',(40.0000005960464,75.0597106573426,74.4985520343757));
#5855=CARTESIAN_POINT('Ctrl Pts',(40.0000005960464,75.5085096078554,76.0482419954488));
#5856=CARTESIAN_POINT('',(40.0000005960464,75.5085096078554,76.0482419954488));
#5857=CARTESIAN_POINT('Origin',(37.0000005960464,75.5085096078554,76.0482419954488));
#5858=CARTESIAN_POINT('Origin',(37.0000005960464,75.5085096078554,76.0482419954488));
#5859=CARTESIAN_POINT('Origin',(40.0000005960464,72.5085096078554,73.7462610315119));
#5860=CARTESIAN_POINT('',(33.0000004470348,72.5085096078554,4.14458391623482));
#5861=CARTESIAN_POINT('',(33.0000004470348,72.5085096078554,75.6874038697808));
#5862=CARTESIAN_POINT('',(37.0000005960464,72.5085096078554,4.14458391623482));
#5863=CARTESIAN_POINT('',(15.0000002980232,72.5085096078554,4.14458391623482));
#5864=CARTESIAN_POINT('',(37.0000005960464,72.5085096078554,82.9318476748994));
#5865=CARTESIAN_POINT('Origin',(33.0000004470348,75.5085096078554,75.6874038697808));
#5866=CARTESIAN_POINT('',(30.0000005960464,75.5085096078554,4.14458391623482));
#5867=CARTESIAN_POINT('',(30.0000004470348,75.5085096078554,75.6874038697808));
#5868=CARTESIAN_POINT('Origin',(33.0000004470348,75.5085096078554,4.14458391623482));
#5869=CARTESIAN_POINT('Origin',(33.0000004470348,58.7960793488269,80.5263241869169));
#5870=CARTESIAN_POINT('',(33.0000004470348,58.0196222135194,77.6285467080497));
#5871=CARTESIAN_POINT('',(33.0000004470348,58.0196222135194,77.6285467080497));
#5872=CARTESIAN_POINT('',(30.0000004470348,58.7960793488269,80.5263241869169));
#5873=CARTESIAN_POINT('Origin',(33.0000004470348,58.7960793488269,80.5263241869169));
#5874=CARTESIAN_POINT('',(30.0000004470348,58.7960793488269,80.5263241869169));
#5875=CARTESIAN_POINT('Origin',(37.0000005960464,76.3907953422438,85.2351486417492));
#5876=CARTESIAN_POINT('',(37.0000005960464,79.3907953422438,85.2351486417492));
#5877=CARTESIAN_POINT('',(37.0000005960464,76.3907953422438,88.2351486417492));
#5878=CARTESIAN_POINT('Origin',(37.0000005960464,76.3907953422438,85.2351486417492));
#5879=CARTESIAN_POINT('',(40.0000005960464,76.3907953422438,85.2351486417492));
#5880=CARTESIAN_POINT('Origin',(37.0000005960464,76.3907953422438,85.2351486417492));
#5881=CARTESIAN_POINT('Origin',(37.0000005960464,76.3907953422438,85.2351486417492));
#5882=CARTESIAN_POINT('Origin',(35.0000005215406,76.3907953422438,85.2351486417492));
#5883=CARTESIAN_POINT('',(33.0000004470348,79.3907953422438,85.2351486417492));
#5884=CARTESIAN_POINT('',(33.0000004470348,76.3907953422438,88.2351486417492));
#5885=CARTESIAN_POINT('Origin',(33.0000004470348,76.3907953422438,85.2351486417492));
#5886=CARTESIAN_POINT('',(40.0000005960464,76.3907953422438,88.2351486417492));
#5887=CARTESIAN_POINT('',(35.0000005215406,79.3907953422438,85.2351486417492));
#5888=CARTESIAN_POINT('Origin',(33.0000004470348,76.3907953422438,85.2351486417492));
#5889=CARTESIAN_POINT('',(30.0000004470348,76.3907953422438,85.2351486417492));
#5890=CARTESIAN_POINT('Origin',(33.0000004470348,76.3907953422438,85.2351486417492));
#5891=CARTESIAN_POINT('Origin',(33.0000004470348,76.3907953422438,85.2351486417492));
#5892=CARTESIAN_POINT('Origin',(40.0000005960464,79.3907953422438,88.2351486417492));
#5893=CARTESIAN_POINT('',(37.0000005960464,79.3907953422438,4.14458391623482));
#5894=CARTESIAN_POINT('',(37.0000005960464,79.3907953422438,90.1762914800181));
#5895=CARTESIAN_POINT('',(33.0000004470348,79.3907953422438,4.14458391623482));
#5896=CARTESIAN_POINT('',(10.0000002980232,79.3907953422438,4.14458391623482));
#5897=CARTESIAN_POINT('',(33.0000004470348,79.3907953422438,82.9318476748994));
#5898=CARTESIAN_POINT('Origin',(37.0000005960464,76.3907953422438,90.1762914800181));
#5899=CARTESIAN_POINT('',(40.0000005960464,76.3907953422438,4.14458391623482));
#5900=CARTESIAN_POINT('',(40.0000005960464,76.3907953422438,90.1762914800181));
#5901=CARTESIAN_POINT('Origin',(37.0000005960464,76.3907953422438,4.14458391623482));
#5902=CARTESIAN_POINT('Origin',(37.0000005960464,69.1463516450758,85.2351486417492));
#5903=CARTESIAN_POINT('',(40.0000005960464,75.9958378494816,85.2351486417492));
#5904=CARTESIAN_POINT('Origin',(37.0000005960464,75.9958378494816,85.2351486417492));
#5905=CARTESIAN_POINT('',(40.0000005960464,69.1463516450758,85.2351486417492));
#5906=CARTESIAN_POINT('Origin',(33.0000004470348,61.1254508126002,89.2196568394198));
#5907=CARTESIAN_POINT('',(30.0000004470348,75.9958378494816,85.2351486417492));
#5908=CARTESIAN_POINT('',(30.0000004470348,61.1254508126002,89.2196568394198));
#5909=CARTESIAN_POINT('',(30.0000004470348,61.1254508126002,89.2196568394198));
#5910=CARTESIAN_POINT('',(33.0000004470348,61.9019079479077,92.117434318287));
#5911=CARTESIAN_POINT('Origin',(33.0000004470348,61.1254508126002,89.2196568394198));
#5912=CARTESIAN_POINT('',(33.0000004470348,61.9019079479077,92.117434318287));
#5913=CARTESIAN_POINT('Origin',(33.0000004470348,75.9958378494816,85.2351486417492));
#5914=CARTESIAN_POINT('Origin',(33.0000004470348,67.2052087778816,85.2351486417492));
#5915=CARTESIAN_POINT('',(30.0000004470348,67.2052087778816,85.2351486417492));
#5916=CARTESIAN_POINT('Origin',(33.0000004470348,76.3907953422438,82.9318476748994));
#5917=CARTESIAN_POINT('',(30.0000005960464,76.3907953422438,4.14458391623482));
#5918=CARTESIAN_POINT('Origin',(33.0000004470348,76.3907953422438,4.14458391623482));
#5919=CARTESIAN_POINT('',(30.0000004470348,76.3907953422438,82.9318476748994));
#5920=CARTESIAN_POINT('Origin',(30.0000004470348,58.0196222135194,77.6285467080497));
#5921=CARTESIAN_POINT('',(30.0000005960464,55.4190816673346,4.14458391623482));
#5922=CARTESIAN_POINT('',(30.0000004470348,54.6451140977297,65.034710969369));
#5923=CARTESIAN_POINT('Origin',(40.0000005960464,58.0196222135194,77.6285467080497));
#5924=CARTESIAN_POINT('',(37.0000005960464,58.0196222135194,77.6285467080497));
#5925=CARTESIAN_POINT('',(37.0000005960464,58.0196222135194,77.6285467080497));
#5926=CARTESIAN_POINT('',(36.2500002980232,58.0196222135194,77.6285467080497));
#5927=CARTESIAN_POINT('Origin',(37.0000005960464,61.1254508126002,89.2196568394198));
#5928=CARTESIAN_POINT('',(37.0000005960464,61.9019079479077,92.117434318287));
#5929=CARTESIAN_POINT('',(37.0000005960464,61.9019079479077,92.117434318287));
#5930=CARTESIAN_POINT('',(40.0000005960464,61.1254508126002,89.2196568394198));
#5931=CARTESIAN_POINT('Origin',(37.0000005960464,61.1254508126002,89.2196568394198));
#5932=CARTESIAN_POINT('',(40.0000005960464,61.1254508126002,89.2196568394198));
#5933=CARTESIAN_POINT('Origin',(30.0000004470348,61.9019079479077,92.117434318287));
#5934=CARTESIAN_POINT('',(31.2500002235174,61.9019079479077,92.117434318287));
#5935=CARTESIAN_POINT('Origin',(37.0000005960464,58.7960793488269,80.5263241869169));
#5936=CARTESIAN_POINT('',(40.0000005960464,58.7960793488269,80.5263241869169));
#5937=CARTESIAN_POINT('',(40.0000005960464,58.7960793488269,80.5263241869169));
#5938=CARTESIAN_POINT('Origin',(37.0000005960464,58.7960793488269,80.5263241869169));
#5939=CARTESIAN_POINT('Origin',(37.0000005960464,75.5085096078554,82.9318476748994));
#5940=CARTESIAN_POINT('',(40.0000005960464,75.5085096078554,4.14458391623482));
#5941=CARTESIAN_POINT('Origin',(37.0000005960464,75.5085096078554,4.14458391623482));
#5942=CARTESIAN_POINT('',(40.0000005960464,75.5085096078554,82.9318476748994));
#5943=CARTESIAN_POINT('Origin',(40.0000005960464,61.9019079479077,92.117434318287));
#5944=CARTESIAN_POINT('',(40.0000005960464,56.5862569649238,72.2791547744876));
#5945=CARTESIAN_POINT('',(40.0000005960464,58.8602245345288,4.14458391623482));
#5946=CARTESIAN_POINT('Origin',(49.,32.4325628036005,28.5007806358246));
#5947=CARTESIAN_POINT('',(54.7974904011388,31.5160246253381,31.3573446151164));
#5948=CARTESIAN_POINT('',(53.5,33.2090199389081,31.3985581146918));
#5949=CARTESIAN_POINT('Ctrl Pts',(54.7974904011388,31.5160246253381,31.3573446151163));
#5950=CARTESIAN_POINT('Ctrl Pts',(54.6453159147515,31.7441190278469,31.4305294727505));
#5951=CARTESIAN_POINT('Ctrl Pts',(54.4751741199389,31.9808557407404,31.4758720002471));
#5952=CARTESIAN_POINT('Ctrl Pts',(54.0350220691401,32.5630209332853,31.5181631516905));
#5953=CARTESIAN_POINT('Ctrl Pts',(53.756291933695,32.9058233259544,31.4797994022806));
#5954=CARTESIAN_POINT('Ctrl Pts',(53.5,33.2090199389081,31.3985581146918));
#5955=CARTESIAN_POINT('',(0.,33.2090199389081,31.3985581146918));
#5956=CARTESIAN_POINT('',(49.,33.2090199389081,31.3985581146918));
#5957=CARTESIAN_POINT('',(0.,29.5347853247333,29.2772377711321));
#5958=CARTESIAN_POINT('Origin',(0.,32.4325628036005,28.5007806358246));
#5959=CARTESIAN_POINT('',(65.5,29.5347853247333,29.2772377711321));
#5960=CARTESIAN_POINT('',(49.,29.5347853247333,29.2772377711321));
#5961=CARTESIAN_POINT('',(65.5,31.5160246253381,31.3573446151164));
#5962=CARTESIAN_POINT('Origin',(65.5,32.4325628036005,28.5007806358246));
#5963=CARTESIAN_POINT('',(49.,31.5160246253381,31.3573446151163));
#5964=CARTESIAN_POINT('Origin',(32.5,36.7817185876039,56.323160907226));
#5965=CARTESIAN_POINT('',(70.,47.1344803917047,94.9601939587888));
#5966=CARTESIAN_POINT('',(70.,25.5785491917354,14.512363516044));
#5967=CARTESIAN_POINT('',(70.,30.3112424600409,32.1750152499993));
#5968=CARTESIAN_POINT('',(65.,48.4285756172173,99.7898230902341));
#5969=CARTESIAN_POINT('Origin',(65.,47.1344803917047,94.9601939587888));
#5970=CARTESIAN_POINT('',(-3.88578058618805E-15,48.4285756172173,99.7898230902341));
#5971=CARTESIAN_POINT('',(53.75,48.4285756172173,99.7898230902341));
#5972=CARTESIAN_POINT('',(-5.,47.1344803917047,94.9601939587888));
#5973=CARTESIAN_POINT('Origin',(-4.44089209850063E-15,47.1344803917047,
94.9601939587888));
#5974=CARTESIAN_POINT('',(-5.,25.5785491917354,14.512363516044));
#5975=CARTESIAN_POINT('',(-5.,43.2521947151669,80.4713065644527));
#5976=CARTESIAN_POINT('',(11.25,25.5785491917354,14.512363516044));
#5977=CARTESIAN_POINT('',(2.1111867390573,29.2488516949423,28.2101189371593));
#5978=CARTESIAN_POINT('',(5.34138357266784,29.2488516949423,28.2101189371593));
#5979=CARTESIAN_POINT('',(18.9206917863339,29.2488516949423,28.2101189371593));
#5980=CARTESIAN_POINT('',(7.59208714589477,27.3862727003178,21.2588794961102));
#5981=CARTESIAN_POINT('',(3.53086262234717,30.7471557503981,33.801865797307));
#5982=CARTESIAN_POINT('',(9.81390630826354,29.2488516949423,28.2101189371593));
#5983=CARTESIAN_POINT('',(14.9029113675664,33.5150287482042,44.1317084540172));
#5984=CARTESIAN_POINT('',(12.9502049647272,29.2488516949423,28.2101189371593));
#5985=CARTESIAN_POINT('',(22.7251024823636,29.2488516949423,28.2101189371593));
#5986=CARTESIAN_POINT('',(9.72120618289986,26.9981143238227,19.8102527136472));
#5987=CARTESIAN_POINT('',(17.0267937372198,32.0903921589938,38.8148923207625));
#5988=CARTESIAN_POINT('',(7.8462844696865,26.6606612439171,18.5508606742686));
#5989=CARTESIAN_POINT('Origin',(7.8462844696865,27.1782993341221,20.4827123268467));
#5990=CARTESIAN_POINT('',(7.27038172900562,26.6606612439171,18.5508606742686));
#5991=CARTESIAN_POINT('',(19.1939164977521,26.6606612439171,18.5508606742686));
#5992=CARTESIAN_POINT('',(5.39936756053737,26.9954136905564,19.8001738130846));
#5993=CARTESIAN_POINT('Origin',(7.27038172900562,27.1782993341221,20.4827123268467));
#5994=CARTESIAN_POINT('',(-0.802031999670265,31.2453227460637,35.6610503357851));
#5995=CARTESIAN_POINT('',(39.0347901545465,27.9282741778752,23.2816565481317));
#5996=CARTESIAN_POINT('',(36.3813105784357,28.0006589641405,23.5518002481689));
#5997=CARTESIAN_POINT('',(32.6936682363962,28.1012548779567,23.9272293095649));
#5998=CARTESIAN_POINT('',(36.8144646845758,28.2840181262137,24.6093110378163));
#5999=CARTESIAN_POINT('Ctrl Pts',(36.3813105784357,28.0006589641405,23.5518002481689));
#6000=CARTESIAN_POINT('Ctrl Pts',(36.4315322992016,28.055431128264,23.7562127475185));
#6001=CARTESIAN_POINT('Ctrl Pts',(36.5232239967665,28.1554307425982,24.1294163889509));
#6002=CARTESIAN_POINT('Ctrl Pts',(36.7237648295006,28.2439727014273,24.4598594779026));
#6003=CARTESIAN_POINT('Ctrl Pts',(36.8144646845758,28.2840181262137,24.6093110378163));
#6004=CARTESIAN_POINT('',(37.6296035014093,28.4632138755707,25.2780786789171));
#6005=CARTESIAN_POINT('Ctrl Pts',(36.8144646845758,28.2840181262137,24.6093110378163));
#6006=CARTESIAN_POINT('Ctrl Pts',(36.9236998846513,28.3179313575561,24.7358769402351));
#6007=CARTESIAN_POINT('Ctrl Pts',(37.1551300537747,28.3897813185547,25.0040246452038));
#6008=CARTESIAN_POINT('Ctrl Pts',(37.4656494665022,28.437839296495,25.183379460586));
#6009=CARTESIAN_POINT('Ctrl Pts',(37.6296035014093,28.4632138755707,25.2780786789171));
#6010=CARTESIAN_POINT('',(38.6800805293024,28.5479570851306,25.5943446425909));
#6011=CARTESIAN_POINT('Ctrl Pts',(37.6296035014093,28.4632138755707,25.2780786789171));
#6012=CARTESIAN_POINT('Ctrl Pts',(37.779006547254,28.4808477955024,25.3438893640386));
#6013=CARTESIAN_POINT('Ctrl Pts',(38.1149912762552,28.5205037996753,25.4918875864372));
#6014=CARTESIAN_POINT('Ctrl Pts',(38.4783161190491,28.538154923933,25.5577624789775));
#6015=CARTESIAN_POINT('Ctrl Pts',(38.6800805293024,28.5479570851306,25.5943446425909));
#6016=CARTESIAN_POINT('',(40.1261941157281,28.577970266616,25.7063553607913));
#6017=CARTESIAN_POINT('Ctrl Pts',(38.6800805293024,28.5479570851306,25.5943446425909));
#6018=CARTESIAN_POINT('Ctrl Pts',(38.9116108863925,28.5567080951426,25.6270038565735));
#6019=CARTESIAN_POINT('Ctrl Pts',(39.3910871964971,28.5748305653146,25.694637836014));
#6020=CARTESIAN_POINT('Ctrl Pts',(39.8756288046326,28.5769000818405,25.7023613768356));
#6021=CARTESIAN_POINT('Ctrl Pts',(40.1261941157281,28.577970266616,25.7063553607913));
#6022=CARTESIAN_POINT('',(42.1316519938409,28.5417777192152,25.571282935036));
#6023=CARTESIAN_POINT('Ctrl Pts',(40.1261941157281,28.577970266616,25.7063553607913));
#6024=CARTESIAN_POINT('Ctrl Pts',(40.5020523057128,28.5773273303077,25.7039558898226));
#6025=CARTESIAN_POINT('Ctrl Pts',(41.1737003853197,28.5761784210959,25.699668102271));
#6026=CARTESIAN_POINT('Ctrl Pts',(41.8387625171402,28.552295581999,25.6105361333323));
#6027=CARTESIAN_POINT('Ctrl Pts',(42.1316519938409,28.5417777192152,25.571282935036));
#6028=CARTESIAN_POINT('',(43.3935872279108,28.3908293978417,25.0079361303532));
#6029=CARTESIAN_POINT('Ctrl Pts',(42.1316519938409,28.5417777192152,25.571282935036));
#6030=CARTESIAN_POINT('Ctrl Pts',(42.3702460075788,28.5271695721357,25.516764587931));
#6031=CARTESIAN_POINT('Ctrl Pts',(42.8308896594619,28.498966223223,25.4115082568453));
#6032=CARTESIAN_POINT('Ctrl Pts',(43.2105668389831,28.4260014777447,25.1392001195589));
#6033=CARTESIAN_POINT('Ctrl Pts',(43.3935872279108,28.3908293978417,25.0079361303532));
#6034=CARTESIAN_POINT('',(43.9529315195978,28.1657311537739,24.1678580467974));
#6035=CARTESIAN_POINT('Ctrl Pts',(43.3935872279108,28.3908293978417,25.0079361303532));
#6036=CARTESIAN_POINT('Ctrl Pts',(43.5074365488,28.3602060108163,24.8936480940744));
#6037=CARTESIAN_POINT('Ctrl Pts',(43.7506337980222,28.2947903945589,24.6495136905933));
#6038=CARTESIAN_POINT('Ctrl Pts',(43.8826936188846,28.2105406062471,24.3350892000867));
#6039=CARTESIAN_POINT('Ctrl Pts',(43.9529315195978,28.1657311537739,24.1678580467974));
#6040=CARTESIAN_POINT('',(44.1575709544122,27.887668326597,23.1301134480771));
#6041=CARTESIAN_POINT('Ctrl Pts',(43.9529315195978,28.1657311537739,24.1678580467974));
#6042=CARTESIAN_POINT('Ctrl Pts',(44.0125893440813,28.1186947370241,23.9923157496812));
#6043=CARTESIAN_POINT('Ctrl Pts',(44.1272965728086,28.0282553510535,23.6547913662335));
#6044=CARTESIAN_POINT('Ctrl Pts',(44.1477534489518,27.933258485905,23.3002582389397));
#6045=CARTESIAN_POINT('Ctrl Pts',(44.1575709544122,27.887668326597,23.1301134480771));
#6046=CARTESIAN_POINT('',(44.1575709544122,27.0596592109819,20.0399413594713));
#6047=CARTESIAN_POINT('',(44.1575709544122,31.9206888992929,38.1815511333487));
#6048=CARTESIAN_POINT('',(44.222373124212,26.8522157251049,19.2657517304793));
#6049=CARTESIAN_POINT('Ctrl Pts',(44.1575709544122,27.0596592109819,20.0399413594713));
#6050=CARTESIAN_POINT('Ctrl Pts',(44.1584925522321,27.0202019680466,19.8926849241103));
#6051=CARTESIAN_POINT('Ctrl Pts',(44.160118241702,26.9505997804472,19.6329260236711));
#6052=CARTESIAN_POINT('Ctrl Pts',(44.203558849097,26.881948729321,19.3767168128751));
#6053=CARTESIAN_POINT('Ctrl Pts',(44.222373124212,26.8522157251049,19.2657517304793));
#6054=CARTESIAN_POINT('',(44.5054570399225,26.6606612439171,18.5508606742686));
#6055=CARTESIAN_POINT('Ctrl Pts',(44.222373124212,26.8522157251049,19.2657517304793));
#6056=CARTESIAN_POINT('Ctrl Pts',(44.2541710877433,26.8234961311298,19.1585687465914));
#6057=CARTESIAN_POINT('Ctrl Pts',(44.3271594819982,26.7575737633078,18.9125431205242));
#6058=CARTESIAN_POINT('Ctrl Pts',(44.4411355406492,26.6956227914454,18.6813389459556));
#6059=CARTESIAN_POINT('Ctrl Pts',(44.5054570399225,26.6606612439171,18.5508606742686));
#6060=CARTESIAN_POINT('',(41.8997279368341,26.6606612439171,18.5508606742686));
#6061=CARTESIAN_POINT('',(37.199863968417,26.6606612439171,18.5508606742686));
#6062=CARTESIAN_POINT('',(41.6950885020196,26.7710037140123,18.9626643788968));
#6063=CARTESIAN_POINT('Ctrl Pts',(41.8997279368341,26.6606612439171,18.5508606742686));
#6064=CARTESIAN_POINT('Ctrl Pts',(41.8543274395091,26.6816527139661,18.6292019070172));
#6065=CARTESIAN_POINT('Ctrl Pts',(41.7771404377503,26.7173410594923,18.762392625759));
#6066=CARTESIAN_POINT('Ctrl Pts',(41.7190222480285,26.7553508432787,18.9042470700344));
#6067=CARTESIAN_POINT('Ctrl Pts',(41.6950885020196,26.7710037140123,18.9626643788968));
#6068=CARTESIAN_POINT('',(41.5995923243463,26.8901734089349,19.4074117350703));
#6069=CARTESIAN_POINT('Ctrl Pts',(41.6950885020196,26.7710037140123,18.9626643788968));
#6070=CARTESIAN_POINT('Ctrl Pts',(41.6782001467395,26.7872068649506,19.0231353614411));
#6071=CARTESIAN_POINT('Ctrl Pts',(41.6373198169982,26.826428573768,19.1695127715074));
#6072=CARTESIAN_POINT('Ctrl Pts',(41.6135452284602,26.8665984106956,19.3194286438528));
#6073=CARTESIAN_POINT('Ctrl Pts',(41.5995923243463,26.8901734089349,19.4074117350703));
#6074=CARTESIAN_POINT('',(40.515007134527,26.6959707602988,18.682637583396));
#6075=CARTESIAN_POINT('Ctrl Pts',(41.5995923243463,26.8901734089349,19.4074117350703));
#6076=CARTESIAN_POINT('Ctrl Pts',(41.4247796148516,26.8488618384692,19.2532348551518));
#6077=CARTESIAN_POINT('Ctrl Pts',(41.0968920090779,26.7713757565366,18.9640528605001));
#6078=CARTESIAN_POINT('Ctrl Pts',(40.700202376231,26.7199697455186,18.7722030155663));
#6079=CARTESIAN_POINT('Ctrl Pts',(40.515007134527,26.6959707602988,18.682637583396));
#6080=CARTESIAN_POINT('',(38.8028660975397,26.6182896391371,18.3927276924317));
#6081=CARTESIAN_POINT('Ctrl Pts',(40.515007134527,26.6959707602988,18.682637583396));
#6082=CARTESIAN_POINT('Ctrl Pts',(40.2517915531927,26.6733305203918,18.5981430577673));
#6083=CARTESIAN_POINT('Ctrl Pts',(39.6963419119326,26.625554043518,18.419838818668));
#6084=CARTESIAN_POINT('Ctrl Pts',(39.1108867240071,26.6207940005896,18.402074096613));
#6085=CARTESIAN_POINT('Ctrl Pts',(38.8028660975397,26.6182896391371,18.3927276924317));
#6086=CARTESIAN_POINT('',(36.8349257670343,26.7736518814605,18.9725474743604));
#6087=CARTESIAN_POINT('Ctrl Pts',(38.8028660975397,26.6182896391371,18.3927276924317));
#6088=CARTESIAN_POINT('Ctrl Pts',(38.4109696655863,26.6217722011675,18.4057247908694));
#6089=CARTESIAN_POINT('Ctrl Pts',(37.6978715869009,26.6281091006395,18.4293744216615));
#6090=CARTESIAN_POINT('Ctrl Pts',(37.1029134804312,26.7284535895913,18.8038651526892));
#6091=CARTESIAN_POINT('Ctrl Pts',(36.8349257670343,26.7736518814605,18.9725474743604));
#6092=CARTESIAN_POINT('',(36.163028832525,27.1567605352999,20.4023284353085));
#6093=CARTESIAN_POINT('Ctrl Pts',(36.8349257670343,26.7736518814605,18.9725474743604));
#6094=CARTESIAN_POINT('Ctrl Pts',(36.6389589959562,26.8281957945117,19.1761081291109));
#6095=CARTESIAN_POINT('Ctrl Pts',(36.2496537539118,26.9365520793838,19.5804992895731));
#6096=CARTESIAN_POINT('Ctrl Pts',(36.1917735515952,27.0836888360609,20.1296211411528));
#6097=CARTESIAN_POINT('Ctrl Pts',(36.163028832525,27.1567605352999,20.4023284353085));
#6098=CARTESIAN_POINT('',(36.6473427973688,27.5080905626885,21.7135099477472));
#6099=CARTESIAN_POINT('Ctrl Pts',(36.163028832525,27.1567605352999,20.4023284353085));
#6100=CARTESIAN_POINT('Ctrl Pts',(36.1799621689423,27.223855213479,20.6527291831903));
#6101=CARTESIAN_POINT('Ctrl Pts',(36.2125899432501,27.3531357027426,21.1352105375491));
#6102=CARTESIAN_POINT('Ctrl Pts',(36.5061406181575,27.4577632015304,21.5256856788943));
#6103=CARTESIAN_POINT('Ctrl Pts',(36.6473427973688,27.5080905626885,21.7135099477472));
#6104=CARTESIAN_POINT('',(38.4345189295709,27.7128861896536,22.477817632749));
#6105=CARTESIAN_POINT('Ctrl Pts',(36.6473427973688,27.5080905626885,21.7135099477472));
#6106=CARTESIAN_POINT('Ctrl Pts',(36.8695004669342,27.5522145198788,21.8781827978122));
#6107=CARTESIAN_POINT('Ctrl Pts',(37.3981944250832,27.6572213360816,22.2700735710224));
#6108=CARTESIAN_POINT('Ctrl Pts',(38.0541794140701,27.6924567359967,22.4015738737303));
#6109=CARTESIAN_POINT('Ctrl Pts',(38.4345189295709,27.7128861896536,22.477817632749));
#6110=CARTESIAN_POINT('',(40.4604378901422,27.8267592411435,22.902797646522));
#6111=CARTESIAN_POINT('Ctrl Pts',(38.4345189295709,27.7128861896536,22.477817632749));
#6112=CARTESIAN_POINT('Ctrl Pts',(38.8644664891351,27.7350024603468,22.5603566786498));
#6113=CARTESIAN_POINT('Ctrl Pts',(39.5424046700224,27.7698752349171,22.690503645147));
#6114=CARTESIAN_POINT('Ctrl Pts',(40.2145619349831,27.8115240524187,22.845939148138));
#6115=CARTESIAN_POINT('Ctrl Pts',(40.4604378901422,27.8267592411435,22.902797646522));
#6116=CARTESIAN_POINT('',(41.4427033625543,27.9123851731861,23.2223579753503));
#6117=CARTESIAN_POINT('Ctrl Pts',(40.4604378901422,27.8267592411435,22.902797646522));
#6118=CARTESIAN_POINT('Ctrl Pts',(40.6203023008135,27.8387978162921,22.9477262206272));
#6119=CARTESIAN_POINT('Ctrl Pts',(40.9523150329467,27.8638000053927,23.0410356606512));
#6120=CARTESIAN_POINT('Ctrl Pts',(41.2752578068048,27.8957955238589,23.1604445611815));
#6121=CARTESIAN_POINT('Ctrl Pts',(41.4427033625543,27.9123851731861,23.2223579753503));
#6122=CARTESIAN_POINT('',(41.231240388006,28.0977599799222,23.9141861725328));
#6123=CARTESIAN_POINT('Ctrl Pts',(41.4427033625543,27.9123851731861,23.2223579753503));
#6124=CARTESIAN_POINT('Ctrl Pts',(41.4406439137924,27.9512235028506,23.3673045949396));
#6125=CARTESIAN_POINT('Ctrl Pts',(41.4370659655372,28.0186986138729,23.6191251375212));
#6126=CARTESIAN_POINT('Ctrl Pts',(41.2925666392703,28.0742034459977,23.8262719910764));
#6127=CARTESIAN_POINT('Ctrl Pts',(41.231240388006,28.0977599799222,23.9141861725328));
#6128=CARTESIAN_POINT('',(40.4877225123346,28.1507245630312,24.1118526876972));
#6129=CARTESIAN_POINT('Ctrl Pts',(41.231240388006,28.0977599799222,23.9141861725328));
#6130=CARTESIAN_POINT('Ctrl Pts',(41.1365462531173,28.1131109109664,23.9714766271332));
#6131=CARTESIAN_POINT('Ctrl Pts',(40.9111630847219,28.1496479307156,24.1078346411943));
#6132=CARTESIAN_POINT('Ctrl Pts',(40.6431377310942,28.1503294071161,24.1103779457453));
#6133=CARTESIAN_POINT('Ctrl Pts',(40.4877225123346,28.1507245630312,24.1118526876972));
#6134=CARTESIAN_POINT('',(39.4645301066339,28.0942290899913,23.9010087119147));
#6135=CARTESIAN_POINT('Ctrl Pts',(40.4877225123346,28.1507245630312,24.1118526876972));
#6136=CARTESIAN_POINT('Ctrl Pts',(40.2852360628885,28.1499407088723,24.1089273041507));
#6137=CARTESIAN_POINT('Ctrl Pts',(39.9284626868678,28.1485595878377,24.103772890278));
#6138=CARTESIAN_POINT('Ctrl Pts',(39.6045893747449,28.1106312356665,23.9622223529278));
#6139=CARTESIAN_POINT('Ctrl Pts',(39.4645301066339,28.0942290899913,23.9010087119147));
#6140=CARTESIAN_POINT('Ctrl Pts',(39.4645301066339,28.0942290899913,23.9010087119147));
#6141=CARTESIAN_POINT('Ctrl Pts',(39.3776348849813,28.0742649782139,23.8265016324336));
#6142=CARTESIAN_POINT('Ctrl Pts',(39.1798502328546,28.0288241032406,23.6569139782926));
#6143=CARTESIAN_POINT('Ctrl Pts',(39.0869021729336,27.9643961738135,23.4164656722444));
#6144=CARTESIAN_POINT('Ctrl Pts',(39.0347901545465,27.9282741778752,23.2816565481317));
#6145=CARTESIAN_POINT('',(48.0197821818292,29.2488516949423,28.2101189371593));
#6146=CARTESIAN_POINT('',(53.6596194468439,29.2488516949423,28.2101189371593));
#6147=CARTESIAN_POINT('',(43.0798097234219,29.2488516949423,28.2101189371593));
#6148=CARTESIAN_POINT('',(53.6596194468439,28.6927260405886,26.1346297397188));
#6149=CARTESIAN_POINT('',(53.6596194468439,32.7372223140962,41.2288953234724));
#6150=CARTESIAN_POINT('',(49.1234675608575,28.6927260405886,26.1346297397188));
#6151=CARTESIAN_POINT('',(40.8117337804288,28.6927260405886,26.1346297397188));
#6152=CARTESIAN_POINT('',(49.1234675608575,28.2407641074874,24.4478848422982));
#6153=CARTESIAN_POINT('',(49.1234675608575,32.5112413475457,40.3855228747621));
#6154=CARTESIAN_POINT('',(52.9979554377496,28.2407641074874,24.4478848422982));
#6155=CARTESIAN_POINT('',(42.7489777188748,28.2407641074874,24.4478848422982));
#6156=CARTESIAN_POINT('',(52.9979554377496,27.71818252455,22.4975838236761));
#6157=CARTESIAN_POINT('',(52.9979554377496,32.249950556077,39.4103723654511));
#6158=CARTESIAN_POINT('',(49.1234675608575,27.71818252455,22.4975838236761));
#6159=CARTESIAN_POINT('',(40.8117337804288,27.71818252455,22.4975838236761));
#6160=CARTESIAN_POINT('',(49.1234675608575,26.6606612439171,18.5508606742686));
#6161=CARTESIAN_POINT('',(49.1234675608575,31.7211899157605,37.4370107907473));
#6162=CARTESIAN_POINT('',(46.0197821818292,26.6606612439171,18.5508606742686));
#6163=CARTESIAN_POINT('',(39.2598910909146,26.6606612439171,18.5508606742686));
#6164=CARTESIAN_POINT('',(46.0197821818292,28.7312136047372,26.2782672845811));
#6165=CARTESIAN_POINT('',(46.0197821818292,33.0152851412731,42.2666399221927));
#6166=CARTESIAN_POINT('Origin',(48.0197821818292,28.7312136047372,26.2782672845811));
#6167=CARTESIAN_POINT('',(34.8192349635065,26.6606612439171,18.5508606742686));
#6168=CARTESIAN_POINT('',(32.2271481715143,26.6606612439171,18.5508606742686));
#6169=CARTESIAN_POINT('',(32.3635740857571,26.6606612439171,18.5508606742686));
#6170=CARTESIAN_POINT('',(32.2271481715143,26.9643233316293,19.6841430139433));
#6171=CARTESIAN_POINT('',(32.2271481715143,31.8730209596166,38.0036519605847));
#6172=CARTESIAN_POINT('',(31.0572973452508,26.6977362052643,18.6892263137051));
#6173=CARTESIAN_POINT('Ctrl Pts',(32.2271481715143,26.9643233316293,19.6841430139433));
#6174=CARTESIAN_POINT('Ctrl Pts',(32.0433358063681,26.9078329348989,19.4733179832057));
#6175=CARTESIAN_POINT('Ctrl Pts',(31.7044632407965,26.8036884413826,19.0846454420741));
#6176=CARTESIAN_POINT('Ctrl Pts',(31.2604619870402,26.7309977665516,18.8133601503684));
#6177=CARTESIAN_POINT('Ctrl Pts',(31.0572973452508,26.6977362052643,18.6892263137051));
#6178=CARTESIAN_POINT('',(29.6077743731439,26.6182896391371,18.3927276924317));
#6179=CARTESIAN_POINT('Ctrl Pts',(31.0572973452508,26.6977362052643,18.6892263137051));
#6180=CARTESIAN_POINT('Ctrl Pts',(30.8409562277804,26.6745918013405,18.6028502223505));
#6181=CARTESIAN_POINT('Ctrl Pts',(30.3774371799565,26.6250040382991,18.4177861712464));
#6182=CARTESIAN_POINT('Ctrl Pts',(29.875460413045,26.6206248837482,18.4014429439684));
#6183=CARTESIAN_POINT('Ctrl Pts',(29.6077743731439,26.6182896391371,18.3927276924317));
#6184=CARTESIAN_POINT('',(27.8103676997125,26.795720252065,19.0549077546967));
#6185=CARTESIAN_POINT('Ctrl Pts',(29.6077743731439,26.6182896391371,18.3927276924317));
#6186=CARTESIAN_POINT('Ctrl Pts',(29.2530695243379,26.6239436091005,18.4138285955996));
#6187=CARTESIAN_POINT('Ctrl Pts',(28.5801037863263,26.6346706349135,18.4538624009476));
#6188=CARTESIAN_POINT('Ctrl Pts',(28.0575128879598,26.7440107913287,18.8619254199968));
#6189=CARTESIAN_POINT('Ctrl Pts',(27.8103676997125,26.795720252065,19.0549077546967));
#6190=CARTESIAN_POINT('',(27.1589342318475,27.3421356505724,21.0941577839642));
#6191=CARTESIAN_POINT('Ctrl Pts',(27.8103676997125,26.795720252065,19.0549077546967));
#6192=CARTESIAN_POINT('Ctrl Pts',(27.6209825253448,26.8685440998536,19.3266900546464));
#6193=CARTESIAN_POINT('Ctrl Pts',(27.1942217939134,27.0326454274875,19.9391245469656));
#6194=CARTESIAN_POINT('Ctrl Pts',(27.1715467104124,27.2315176714269,20.6813258655624));
#6195=CARTESIAN_POINT('Ctrl Pts',(27.1589342318475,27.3421356505724,21.0941577839642));
#6196=CARTESIAN_POINT('',(27.1589342318475,28.5355986618361,25.5482223789543));
#6197=CARTESIAN_POINT('',(27.1589342318475,32.65865862472,40.9356916430902));
#6198=CARTESIAN_POINT('',(29.9488393031061,28.5355986618361,25.5482223789543));
#6199=CARTESIAN_POINT('',(31.224419651553,28.5355986618361,25.5482223789543));
#6200=CARTESIAN_POINT('',(29.9488393031061,27.5045596727576,21.7003324871291));
#6201=CARTESIAN_POINT('',(29.9488393031061,32.1431391301808,39.0117466971776));
#6202=CARTESIAN_POINT('',(30.2012268267572,27.253861859618,20.7647155111456));
#6203=CARTESIAN_POINT('Ctrl Pts',(29.9488393031061,27.5045596727576,21.7003324871291));
#6204=CARTESIAN_POINT('Ctrl Pts',(29.9510572745081,27.4528318271886,21.5072815392993));
#6205=CARTESIAN_POINT('Ctrl Pts',(29.9548986819456,27.3632419747168,21.1729276580323));
#6206=CARTESIAN_POINT('Ctrl Pts',(30.1280503508316,27.286355310033,20.8859827190078));
#6207=CARTESIAN_POINT('Ctrl Pts',(30.2012268267572,27.253861859618,20.7647155111456));
#6208=CARTESIAN_POINT('',(30.9106389246881,27.1797116283872,20.4879830807993));
#6209=CARTESIAN_POINT('Ctrl Pts',(30.2012268267572,27.253861859618,20.7647155111456));
#6210=CARTESIAN_POINT('Ctrl Pts',(30.2974528188018,27.23225014984,20.6840595122157));
#6211=CARTESIAN_POINT('Ctrl Pts',(30.5003151303434,27.1866886408467,20.5140216457833));
#6212=CARTESIAN_POINT('Ctrl Pts',(30.7692637622709,27.1821155257074,20.4969545477346));
#6213=CARTESIAN_POINT('Ctrl Pts',(30.9106389246881,27.1797116283872,20.4879830807993));
#6214=CARTESIAN_POINT('',(31.7257825098932,27.2785783976707,20.8569588869455));
#6215=CARTESIAN_POINT('Ctrl Pts',(30.9106389246881,27.1797116283872,20.4879830807993));
#6216=CARTESIAN_POINT('Ctrl Pts',(31.0690478383858,27.1838173017668,20.5033056624514));
#6217=CARTESIAN_POINT('Ctrl Pts',(31.3855998824937,27.1920217599026,20.5339251170626));
#6218=CARTESIAN_POINT('Ctrl Pts',(31.6124517905263,27.2497423395238,20.7493412528515));
#6219=CARTESIAN_POINT('Ctrl Pts',(31.7257825098932,27.2785783976707,20.8569588869455));
#6220=CARTESIAN_POINT('',(32.0429722033441,27.6334396235265,22.1813190114756));
#6221=CARTESIAN_POINT('Ctrl Pts',(31.7257825098932,27.2785783976707,20.8569588869455));
#6222=CARTESIAN_POINT('Ctrl Pts',(31.8175695950667,27.3237789382071,21.0256496007569));
#6223=CARTESIAN_POINT('Ctrl Pts',(32.0414601296595,27.4340338086548,21.4371263790497));
#6224=CARTESIAN_POINT('Ctrl Pts',(32.0424110979365,27.5594434405519,21.9051614970482));
#6225=CARTESIAN_POINT('Ctrl Pts',(32.0429722033441,27.6334396235265,22.1813190114756));
#6226=CARTESIAN_POINT('',(32.0429722033441,28.5355986618361,25.5482223789543));
#6227=CARTESIAN_POINT('',(32.0429722033441,32.65865862472,40.9356916430902));
#6228=CARTESIAN_POINT('',(34.8192349635065,28.5355986618361,25.5482223789543));
#6229=CARTESIAN_POINT('',(33.6596174817532,28.5355986618361,25.5482223789543));
#6230=CARTESIAN_POINT('',(34.8192349635065,31.7211899157605,37.4370107907473));
#6231=CARTESIAN_POINT('',(18.1616631709039,27.181477381889,20.4945729625817));
#6232=CARTESIAN_POINT('',(20.917462464422,27.2485655247216,20.7449493202185));
#6233=CARTESIAN_POINT('',(28.3750099901025,27.4301146726442,21.4224999643365));
#6234=CARTESIAN_POINT('',(21.3949528895319,27.0667209908437,20.0662962807075));
#6235=CARTESIAN_POINT('Ctrl Pts',(20.917462464422,27.2485655247216,20.7449493202185));
#6236=CARTESIAN_POINT('Ctrl Pts',(20.9746647075688,27.2102295135257,20.6018773786759));
#6237=CARTESIAN_POINT('Ctrl Pts',(21.0797433763493,27.1398075020589,20.3390588539105));
#6238=CARTESIAN_POINT('Ctrl Pts',(21.2962892596952,27.0895977765593,20.1516736073119));
#6239=CARTESIAN_POINT('Ctrl Pts',(21.3949528895319,27.0667209908437,20.0662962807075));
#6240=CARTESIAN_POINT('',(22.2135058604181,27.0119912713056,19.8620421867073));
#6241=CARTESIAN_POINT('Ctrl Pts',(21.3949528895319,27.0667209908437,20.0662962807075));
#6242=CARTESIAN_POINT('Ctrl Pts',(21.5119594284519,27.0507877812066,20.0068327328139));
#6243=CARTESIAN_POINT('Ctrl Pts',(21.7674217376535,27.0160005414123,19.8770049864467));
#6244=CARTESIAN_POINT('Ctrl Pts',(22.056714578056,27.0134004642567,19.8673013663982));
#6245=CARTESIAN_POINT('Ctrl Pts',(22.2135058604181,27.0119912713056,19.8620421867073));
#6246=CARTESIAN_POINT('',(23.0798093043268,27.0737003915015,20.0923437585685));
#6247=CARTESIAN_POINT('Ctrl Pts',(22.2135058604181,27.0119912713056,19.8620421867073));
#6248=CARTESIAN_POINT('Ctrl Pts',(22.3831487186446,27.0133970908332,19.8672887766104));
#6249=CARTESIAN_POINT('Ctrl Pts',(22.6922887141997,27.0159589142252,19.8768496316695));
#6250=CARTESIAN_POINT('Ctrl Pts',(22.9593154597109,27.0557465259055,20.0253390199721));
#6251=CARTESIAN_POINT('Ctrl Pts',(23.0798093043268,27.0737003915015,20.0923437585685));
#6252=CARTESIAN_POINT('',(23.3185545168817,27.1882633302585,20.5198984666741));
#6253=CARTESIAN_POINT('Ctrl Pts',(23.0798093043268,27.0737003915015,20.0923437585685));
#6254=CARTESIAN_POINT('Ctrl Pts',(23.1494210908995,27.089525775586,20.1514048960215));
#6255=CARTESIAN_POINT('Ctrl Pts',(23.2841845064758,27.1201625817513,20.2657430132117));
#6256=CARTESIAN_POINT('Ctrl Pts',(23.3073534480901,27.166069529332,20.4370700740036));
#6257=CARTESIAN_POINT('Ctrl Pts',(23.3185545168817,27.1882633302585,20.5198984666741));
#6258=CARTESIAN_POINT('',(23.0047742091119,27.3081500636466,20.9673218468319));
#6259=CARTESIAN_POINT('Ctrl Pts',(23.3185545168817,27.1882633302585,20.5198984666741));
#6260=CARTESIAN_POINT('Ctrl Pts',(23.3029718147173,27.2129731222907,20.612116665983));
#6261=CARTESIAN_POINT('Ctrl Pts',(23.270103879515,27.2650924424707,20.8066286169507));
#6262=CARTESIAN_POINT('Ctrl Pts',(23.0962197816591,27.2933103029256,20.9119391058493));
#6263=CARTESIAN_POINT('Ctrl Pts',(23.0047742091119,27.3081500636466,20.9673218468319));
#6264=CARTESIAN_POINT('',(21.8110505305231,27.3821901474022,21.2436432012047));
#6265=CARTESIAN_POINT('Ctrl Pts',(23.0047742091119,27.3081500636466,20.9673218468319));
#6266=CARTESIAN_POINT('Ctrl Pts',(22.8684527735775,27.31999093104,21.01151256555));
#6267=CARTESIAN_POINT('Ctrl Pts',(22.4795690767511,27.3537693332961,21.1375752789682));
#6268=CARTESIAN_POINT('Ctrl Pts',(22.0742723243687,27.3709997657535,21.2018801283354));
#6269=CARTESIAN_POINT('Ctrl Pts',(21.8110505305231,27.3821901474022,21.2436432012047));
#6270=CARTESIAN_POINT('',(19.8021832667291,27.5029873715441,21.6944645791153));
#6271=CARTESIAN_POINT('Ctrl Pts',(21.8110505305231,27.3821901474022,21.2436432012047));
#6272=CARTESIAN_POINT('Ctrl Pts',(21.4001748821853,27.4005034673313,21.3119894416351));
#6273=CARTESIAN_POINT('Ctrl Pts',(20.7212166043935,27.4307656164997,21.424929319878));
#6274=CARTESIAN_POINT('Ctrl Pts',(20.0623376822691,27.4825432726166,21.6181661632031));
#6275=CARTESIAN_POINT('Ctrl Pts',(19.8021832667291,27.5029873715441,21.6944645791153));
#6276=CARTESIAN_POINT('',(18.8540259562433,27.6908175105128,22.3954562009393));
#6277=CARTESIAN_POINT('Ctrl Pts',(19.8021832667291,27.5029873715441,21.6944645791153));
#6278=CARTESIAN_POINT('Ctrl Pts',(19.6209881681586,27.5250489138016,21.7767993757136));
#6279=CARTESIAN_POINT('Ctrl Pts',(19.2526560372873,27.5698954628204,21.944168975196));
#6280=CARTESIAN_POINT('Ctrl Pts',(18.9883240510761,27.6500789877554,22.2434179641836));
#6281=CARTESIAN_POINT('Ctrl Pts',(18.8540259562433,27.6908175105128,22.3954562009393));
#6282=CARTESIAN_POINT('',(18.4686223231256,27.9924108620326,23.5210179120362));
#6283=CARTESIAN_POINT('Ctrl Pts',(18.8540259562433,27.6908175105128,22.3954562009393));
#6284=CARTESIAN_POINT('Ctrl Pts',(18.741617079086,27.7366166836597,22.5663810420681));
#6285=CARTESIAN_POINT('Ctrl Pts',(18.5154661673847,27.8287582032999,22.9102578748522));
#6286=CARTESIAN_POINT('Ctrl Pts',(18.4842981828654,27.9376460116042,23.3166327077686));
#6287=CARTESIAN_POINT('Ctrl Pts',(18.4686223231256,27.9924108620326,23.5210179120362));
#6288=CARTESIAN_POINT('',(18.8847199641168,28.3116589717433,24.7124680776968));
#6289=CARTESIAN_POINT('Ctrl Pts',(18.4686223231256,27.9924108620326,23.5210179120362));
#6290=CARTESIAN_POINT('Ctrl Pts',(18.4845121989424,28.0515425503402,23.7417003771374));
#6291=CARTESIAN_POINT('Ctrl Pts',(18.5156613252438,28.1674591533864,24.1743070291467));
#6292=CARTESIAN_POINT('Ctrl Pts',(18.7633720824609,28.2642455239881,24.5355186817127));
#6293=CARTESIAN_POINT('Ctrl Pts',(18.8847199641168,28.3116589717433,24.7124680776968));
#6294=CARTESIAN_POINT('',(20.030695553869,28.511833649871,25.4595301468582));
#6295=CARTESIAN_POINT('Ctrl Pts',(18.8847199641168,28.3116589717433,24.7124680776968));
#6296=CARTESIAN_POINT('Ctrl Pts',(19.0410429940003,28.3539089272263,24.8701470581769));
#6297=CARTESIAN_POINT('Ctrl Pts',(19.3667744702432,28.4419454780847,25.1987039389036));
#6298=CARTESIAN_POINT('Ctrl Pts',(19.8035398870604,28.4879219310603,25.3702903973604));
#6299=CARTESIAN_POINT('Ctrl Pts',(20.030695553869,28.511833649871,25.4595301468582));
#6300=CARTESIAN_POINT('',(21.9884053431451,28.577970266616,25.7063553607913));
#6301=CARTESIAN_POINT('Ctrl Pts',(20.030695553869,28.511833649871,25.4595301468582));
#6302=CARTESIAN_POINT('Ctrl Pts',(20.3140278201924,28.5310571406923,25.5312731913023));
#6303=CARTESIAN_POINT('Ctrl Pts',(20.954986307211,28.5745448089059,25.6935713785779));
#6304=CARTESIAN_POINT('Ctrl Pts',(21.6183037970663,28.5767434968832,25.7017769938194));
#6305=CARTESIAN_POINT('Ctrl Pts',(21.9884053431451,28.577970266616,25.7063553607913));
#6306=CARTESIAN_POINT('',(23.9017740450799,28.5267711284724,25.5152775759358));
#6307=CARTESIAN_POINT('Ctrl Pts',(21.9884053431451,28.577970266616,25.7063553607913));
#6308=CARTESIAN_POINT('Ctrl Pts',(22.3656557083054,28.5777240596562,25.7054365039081));
#6309=CARTESIAN_POINT('Ctrl Pts',(23.0108807610882,28.577302962917,25.7038649494824));
#6310=CARTESIAN_POINT('Ctrl Pts',(23.6403450948519,28.5415994863345,25.5706177608698));
#6311=CARTESIAN_POINT('Ctrl Pts',(23.9017740450799,28.5267711284724,25.5152775759358));
#6312=CARTESIAN_POINT('',(24.9317876063287,28.3678783047545,24.9222814848623));
#6313=CARTESIAN_POINT('Ctrl Pts',(23.9017740450799,28.5267711284724,25.5152775759358));
#6314=CARTESIAN_POINT('Ctrl Pts',(24.0971031117767,28.5078453223446,25.4446455058924));
#6315=CARTESIAN_POINT('Ctrl Pts',(24.4777482909243,28.4709638843391,25.3070021053996));
#6316=CARTESIAN_POINT('Ctrl Pts',(24.7831187802453,28.4016322365904,25.048252873429));
#6317=CARTESIAN_POINT('Ctrl Pts',(24.9317876063287,28.3678783047545,24.9222814848623));
#6318=CARTESIAN_POINT('',(25.6173268519342,28.0765746403367,23.8351214088243));
#6319=CARTESIAN_POINT('Ctrl Pts',(24.9317876063287,28.3678783047545,24.9222814848623));
#6320=CARTESIAN_POINT('Ctrl Pts',(25.0661300591163,28.3270041477076,24.7697370540469));
#6321=CARTESIAN_POINT('Ctrl Pts',(25.3540262562277,28.2394107315555,24.4428339745584));
#6322=CARTESIAN_POINT('Ctrl Pts',(25.5257404939839,28.1332154713139,24.0465078678138));
#6323=CARTESIAN_POINT('Ctrl Pts',(25.6173268519342,28.0765746403367,23.8351214088243));
#6324=CARTESIAN_POINT('',(22.9843107424676,28.0094864975041,23.5847450511875));
#6325=CARTESIAN_POINT('',(29.3487959421526,28.1716509030303,24.1899508517905));
#6326=CARTESIAN_POINT('',(22.6432458125055,28.1418973382039,24.078909036152));
#6327=CARTESIAN_POINT('Ctrl Pts',(22.9843107424676,28.0094864975041,23.5847450511875));
#6328=CARTESIAN_POINT('Ctrl Pts',(22.9472265732981,28.0370090429371,23.6874605890971));
#6329=CARTESIAN_POINT('Ctrl Pts',(22.8773344137117,28.0888805067101,23.881047527361));
#6330=CARTESIAN_POINT('Ctrl Pts',(22.718026390575,28.124960890696,24.0157013535529));
#6331=CARTESIAN_POINT('Ctrl Pts',(22.6432458125055,28.1418973382039,24.078909036152));
#6332=CARTESIAN_POINT('',(21.8519774638116,28.1983925027075,24.2897518604613));
#6333=CARTESIAN_POINT('Ctrl Pts',(22.6432458125055,28.1418973382039,24.078909036152));
#6334=CARTESIAN_POINT('Ctrl Pts',(22.5253004629232,28.1583664195692,24.1403724845614));
#6335=CARTESIAN_POINT('Ctrl Pts',(22.2786147725967,28.1928119209818,24.2689248459254));
#6336=CARTESIAN_POINT('Ctrl Pts',(21.9982790730809,28.1964788208276,24.2826099024559));
#6337=CARTESIAN_POINT('Ctrl Pts',(21.8519774638116,28.1983925027075,24.2897518604613));
#6338=CARTESIAN_POINT('',(21.1664382182062,28.1552069790497,24.1285812920191));
#6339=CARTESIAN_POINT('Ctrl Pts',(21.8519774638116,28.1983925027075,24.2897518604613));
#6340=CARTESIAN_POINT('Ctrl Pts',(21.7131892682253,28.1978966151295,24.2879011828255));
#6341=CARTESIAN_POINT('Ctrl Pts',(21.4706567953171,28.1970300512257,24.2846671223085));
#6342=CARTESIAN_POINT('Ctrl Pts',(21.2575818956528,28.1677371428433,24.1753444999237));
#6343=CARTESIAN_POINT('Ctrl Pts',(21.1664382182062,28.1552069790497,24.1285812920191));
#6344=CARTESIAN_POINT('',(20.9515682421625,28.0503129522688,23.7371114546623));
#6345=CARTESIAN_POINT('Ctrl Pts',(21.1664382182062,28.1552069790497,24.1285812920191));
#6346=CARTESIAN_POINT('Ctrl Pts',(21.1037957119643,28.1404653755759,24.0735648788699));
#6347=CARTESIAN_POINT('Ctrl Pts',(20.9831548608635,28.1120750748623,23.9676108341643));
#6348=CARTESIAN_POINT('Ctrl Pts',(20.9618233913446,28.0703651074868,23.8119471167369));
#6349=CARTESIAN_POINT('Ctrl Pts',(20.9515682421625,28.0503129522688,23.7371114546623));
#6350=CARTESIAN_POINT('',(21.2244216166437,27.9463155321062,23.3489877987593));
#6351=CARTESIAN_POINT('Ctrl Pts',(20.9515682421625,28.0503129522688,23.7371114546623));
#6352=CARTESIAN_POINT('Ctrl Pts',(20.9647912952064,28.0285647553505,23.65594607879));
#6353=CARTESIAN_POINT('Ctrl Pts',(20.9924396775351,27.9830909558154,23.4862355485118));
#6354=CARTESIAN_POINT('Ctrl Pts',(21.1448846390051,27.958924298394,23.396044355166));
#6355=CARTESIAN_POINT('Ctrl Pts',(21.2244216166437,27.9463155321062,23.3489877987593));
#6356=CARTESIAN_POINT('',(22.4113241396844,27.8828409669449,23.112097496589));
#6357=CARTESIAN_POINT('Ctrl Pts',(21.2244216166437,27.9463155321062,23.3489877987593));
#6358=CARTESIAN_POINT('Ctrl Pts',(21.3679572223551,27.9341748393421,23.3036781165244));
#6359=CARTESIAN_POINT('Ctrl Pts',(21.753622233934,27.9015540802471,23.1819357862006));
#6360=CARTESIAN_POINT('Ctrl Pts',(22.1576599348878,27.8900582898135,23.1390329122291));
#6361=CARTESIAN_POINT('Ctrl Pts',(22.4113241396844,27.8828409669449,23.112097496589));
#6362=CARTESIAN_POINT('',(24.471351262182,27.7699743610121,22.6908735887699));
#6363=CARTESIAN_POINT('Ctrl Pts',(22.4113241396844,27.8828409669449,23.112097496589));
#6364=CARTESIAN_POINT('Ctrl Pts',(22.8171026337671,27.8705433595833,23.0662022011039));
#6365=CARTESIAN_POINT('Ctrl Pts',(23.5178610875201,27.8493060282677,22.9869434016168));
#6366=CARTESIAN_POINT('Ctrl Pts',(24.1888870231046,27.793475766293,22.7785820273275));
#6367=CARTESIAN_POINT('Ctrl Pts',(24.471351262182,27.7699743610121,22.6908735887699));
#6368=CARTESIAN_POINT('',(25.5047742091119,27.5636203169689,21.9207498120534));
#6369=CARTESIAN_POINT('Ctrl Pts',(24.471351262182,27.7699743610121,22.6908735887699));
#6370=CARTESIAN_POINT('Ctrl Pts',(24.6806389081093,27.7442453160145,22.5948514856085));
#6371=CARTESIAN_POINT('Ctrl Pts',(25.0832900612328,27.6947448804243,22.4101133449891));
#6372=CARTESIAN_POINT('Ctrl Pts',(25.3680331883159,27.606160722696,22.0795127676015));
#6373=CARTESIAN_POINT('Ctrl Pts',(25.5047742091119,27.5636203169689,21.9207498120534));
#6374=CARTESIAN_POINT('',(25.8628932200372,27.2690890538473,20.8215441736661));
#6375=CARTESIAN_POINT('Ctrl Pts',(25.5047742091119,27.5636203169689,21.9207498120534));
#6376=CARTESIAN_POINT('Ctrl Pts',(25.6092244880673,27.5179489612011,21.7503019918775));
#6377=CARTESIAN_POINT('Ctrl Pts',(25.8172738856945,27.42697842334,21.410795322588));
#6378=CARTESIAN_POINT('Ctrl Pts',(25.8477283064082,27.3215751035848,21.0174247779752));
#6379=CARTESIAN_POINT('Ctrl Pts',(25.8628932200372,27.2690890538473,20.8215441736661));
#6380=CARTESIAN_POINT('',(25.4843107424676,26.953385718203,19.6433232849227));
#6381=CARTESIAN_POINT('Ctrl Pts',(25.8628932200372,27.2690890538473,20.8215441736661));
#6382=CARTESIAN_POINT('Ctrl Pts',(25.8452770726471,27.2146358681166,20.6183221178852));
#6383=CARTESIAN_POINT('Ctrl Pts',(25.808934337971,27.1022970214065,20.1990678342994));
#6384=CARTESIAN_POINT('Ctrl Pts',(25.59470055443,27.0040237216858,19.8323068867144));
#6385=CARTESIAN_POINT('Ctrl Pts',(25.4843107424676,26.953385718203,19.6433232849227));
#6386=CARTESIAN_POINT('',(24.2905870638788,26.7091153342001,18.7316938010395));
#6387=CARTESIAN_POINT('Ctrl Pts',(25.4843107424676,26.953385718203,19.6433232849227));
#6388=CARTESIAN_POINT('Ctrl Pts',(25.332377870357,26.9040388273425,19.4591581810358));
#6389=CARTESIAN_POINT('Ctrl Pts',(25.0084966573333,26.7988441407101,19.0665662658373));
#6390=CARTESIAN_POINT('Ctrl Pts',(24.5395503669735,26.7402323164151,18.847823959644));
#6391=CARTESIAN_POINT('Ctrl Pts',(24.2905870638788,26.7091153342001,18.7316938010395));
#6392=CARTESIAN_POINT('',(22.0702592097223,26.6182896391371,18.3927276924317));
#6393=CARTESIAN_POINT('Ctrl Pts',(24.2905870638788,26.7091153342001,18.7316938010395));
#6394=CARTESIAN_POINT('Ctrl Pts',(23.972126248851,26.6827162530434,18.6331710888894));
#6395=CARTESIAN_POINT('Ctrl Pts',(23.2513608873954,26.6229677930315,18.4101868004511));
#6396=CARTESIAN_POINT('Ctrl Pts',(22.4933518163232,26.6199654409438,18.3989818699174));
#6397=CARTESIAN_POINT('Ctrl Pts',(22.0702592097223,26.6182896391371,18.3927276924317));
#6398=CARTESIAN_POINT('',(19.2428389750421,26.7648243480969,18.9396026713419));
#6399=CARTESIAN_POINT('Ctrl Pts',(22.0702592097223,26.6182896391371,18.3927276924317));
#6400=CARTESIAN_POINT('Ctrl Pts',(21.4937084361205,26.6188957864153,18.3949898648707));
#6401=CARTESIAN_POINT('Ctrl Pts',(20.5096249511594,26.619930386581,18.3988510452547));
#6402=CARTESIAN_POINT('Ctrl Pts',(19.6138153440468,26.7223923692566,18.781244370444));
#6403=CARTESIAN_POINT('Ctrl Pts',(19.2428389750421,26.7648243480969,18.9396026713419));
#6404=CARTESIAN_POINT('Ctrl Pts',(19.2428389750421,26.7648243480969,18.9396026713419));
#6405=CARTESIAN_POINT('Ctrl Pts',(18.9866200059427,26.8194693799359,19.1435407065461));
#6406=CARTESIAN_POINT('Ctrl Pts',(18.4664626519669,26.9304057999409,19.5575610624146));
#6407=CARTESIAN_POINT('Ctrl Pts',(18.2642632473444,27.0969629220544,20.1791607045045));
#6408=CARTESIAN_POINT('Ctrl Pts',(18.1616631709039,27.181477381889,20.4945729625817));
#6409=CARTESIAN_POINT('',(14.8530017100275,29.2488516949423,28.2101189371593));
#6410=CARTESIAN_POINT('',(16.129262086004,29.2488516949423,28.2101189371593));
#6411=CARTESIAN_POINT('',(24.689631043002,29.2488516949423,28.2101189371593));
#6412=CARTESIAN_POINT('',(16.879262086004,29.0547374111154,27.4856745674425));
#6413=CARTESIAN_POINT('Origin',(16.129262086004,29.0547374111154,27.4856745674425));
#6414=CARTESIAN_POINT('',(16.879262086004,28.9539284672481,27.1094504670724));
#6415=CARTESIAN_POINT('',(16.879262086004,32.7707663855126,41.3540835022908));
#6416=CARTESIAN_POINT('',(16.129262086004,28.7598141834212,26.3850060973556));
#6417=CARTESIAN_POINT('Origin',(16.129262086004,28.9539284672481,27.1094504670724));
#6418=CARTESIAN_POINT('',(14.8530017100275,28.7598141834212,26.3850060973556));
#6419=CARTESIAN_POINT('',(23.3015008550137,28.7598141834212,26.3850060973556));
#6420=CARTESIAN_POINT('',(14.1030017100275,28.9539284672481,27.1094504670724));
#6421=CARTESIAN_POINT('Origin',(14.8530017100275,28.9539284672481,27.1094504670724));
#6422=CARTESIAN_POINT('',(14.1030017100275,29.0547374111154,27.4856745674425));
#6423=CARTESIAN_POINT('',(14.1030017100275,33.0152851412731,42.2666399221927));
#6424=CARTESIAN_POINT('Origin',(14.8530017100275,29.0547374111154,27.4856745674425));
#6425=CARTESIAN_POINT('',(65.5,47.781528004461,97.3750085245115));
#6426=CARTESIAN_POINT('',(65.5,30.3112424600409,32.1750152499993));
#6427=CARTESIAN_POINT('',(0.,47.781528004461,97.3750085245115));
#6428=CARTESIAN_POINT('',(0.,47.781528004461,97.3750085245115));
#6429=CARTESIAN_POINT('',(65.5,47.781528004461,97.3750085245115));
#6430=CARTESIAN_POINT('',(54.3417445383966,28.5355986618361,25.5482223789543));
#6431=CARTESIAN_POINT('',(57.271165009588,28.5355986618361,25.5482223789543));
#6432=CARTESIAN_POINT('',(44.885582504794,28.5355986618361,25.5482223789543));
#6433=CARTESIAN_POINT('',(58.7653485499322,27.2874059310343,20.889903689964));
#6434=CARTESIAN_POINT('',(52.4301297370082,32.5796433682829,40.6408026914938));
#6435=CARTESIAN_POINT('',(60.1529446803033,28.5355986618361,25.5482223789543));
#6436=CARTESIAN_POINT('',(63.3289253096974,31.3925077061966,36.2103520851111));
#6437=CARTESIAN_POINT('',(62.8888121806085,28.5355986618361,25.5482223789543));
#6438=CARTESIAN_POINT('',(47.6944060903043,28.5355986618361,25.5482223789543));
#6439=CARTESIAN_POINT('',(60.0147048197687,26.5322225001214,18.0715207567627));
#6440=CARTESIAN_POINT('',(64.8090832150637,29.8741099738612,30.5436146019377));
#6441=CARTESIAN_POINT('',(59.0124026499689,26.0693365291931,16.3440067951475));
#6442=CARTESIAN_POINT('Ctrl Pts',(60.0147048197687,26.5322225001214,18.0715207567627));
#6443=CARTESIAN_POINT('Ctrl Pts',(59.8719621392072,26.4330919102323,17.7015603587126));
#6444=CARTESIAN_POINT('Ctrl Pts',(59.6297057307511,26.2648519655978,17.073680337474));
#6445=CARTESIAN_POINT('Ctrl Pts',(59.1921437223323,26.1262650547375,16.5564669448794));
#6446=CARTESIAN_POINT('Ctrl Pts',(59.0124026499689,26.0693365291931,16.3440067951475));
#6447=CARTESIAN_POINT('',(56.8100873194635,25.8997402711346,15.7110649432996));
#6448=CARTESIAN_POINT('Ctrl Pts',(59.0124026499689,26.0693365291931,16.3440067951475));
#6449=CARTESIAN_POINT('Ctrl Pts',(58.716972956345,26.0200339636334,16.1600071155354));
#6450=CARTESIAN_POINT('Ctrl Pts',(58.0506017251735,25.9088270943818,15.7449774293375));
#6451=CARTESIAN_POINT('Ctrl Pts',(57.2536934668864,25.902989705913,15.7231919989884));
#6452=CARTESIAN_POINT('Ctrl Pts',(56.8100873194635,25.8997402711346,15.7110649432996));
#6453=CARTESIAN_POINT('',(54.9554482661188,25.9421115673782,15.8691967736632));
#6454=CARTESIAN_POINT('Ctrl Pts',(56.8100873194635,25.8997402711346,15.7110649432996));
#6455=CARTESIAN_POINT('Ctrl Pts',(56.5552712674012,25.9024810953101,15.7212938383774));
#6456=CARTESIAN_POINT('Ctrl Pts',(55.9346696777065,25.9091563413421,15.7462061957218));
#6457=CARTESIAN_POINT('Ctrl Pts',(55.3185765152368,25.9298906606576,15.8235877288677));
#6458=CARTESIAN_POINT('Ctrl Pts',(54.9554482661188,25.9421115673782,15.8691967736632));
#6459=CARTESIAN_POINT('',(54.7373810969293,26.4435071936574,17.7404307256302));
#6460=CARTESIAN_POINT('',(52.3782392440755,31.8678148103881,37.984222347152));
#6461=CARTESIAN_POINT('',(56.0731784068048,26.394074117552,17.5559439740304));
#6462=CARTESIAN_POINT('Ctrl Pts',(54.7373810969293,26.4435071936574,17.7404307256302));
#6463=CARTESIAN_POINT('Ctrl Pts',(54.9474940714385,26.4290956994221,17.6866462969309));
#6464=CARTESIAN_POINT('Ctrl Pts',(55.3851164809263,26.3990795005351,17.5746243176348));
#6465=CARTESIAN_POINT('Ctrl Pts',(55.8378256999854,26.3957862169859,17.5623336161052));
#6466=CARTESIAN_POINT('Ctrl Pts',(56.0731784068048,26.394074117552,17.5559439740304));
#6467=CARTESIAN_POINT('',(56.8671647273004,26.4524035306259,17.773632307198));
#6468=CARTESIAN_POINT('Ctrl Pts',(56.0731784068048,26.394074117552,17.5559439740304));
#6469=CARTESIAN_POINT('Ctrl Pts',(56.2247781048394,26.39574622228,17.5621843538308));
#6470=CARTESIAN_POINT('Ctrl Pts',(56.5081175799029,26.3988713820397,17.5738476088357));
#6471=CARTESIAN_POINT('Ctrl Pts',(56.7532086793829,26.4354132491723,17.710223713578));
#6472=CARTESIAN_POINT('Ctrl Pts',(56.8671647273004,26.4524035306259,17.773632307198));
#6473=CARTESIAN_POINT('',(57.3816910944879,26.6609923034151,18.5520962051357));
#6474=CARTESIAN_POINT('Ctrl Pts',(56.8671647273004,26.4524035306259,17.773632307198));
#6475=CARTESIAN_POINT('Ctrl Pts',(56.96779678338,26.4782678703817,17.8701593372709));
#6476=CARTESIAN_POINT('Ctrl Pts',(57.1986258324649,26.5375952972836,18.0915723087508));
#6477=CARTESIAN_POINT('Ctrl Pts',(57.3156721821094,26.6164915824944,18.386017253686));
#6478=CARTESIAN_POINT('Ctrl Pts',(57.3816910944879,26.6609923034151,18.5520962051357));
#6479=CARTESIAN_POINT('',(47.0213484659351,33.0497770430641,42.3953654521263));
#6480=CARTESIAN_POINT('',(14.1030017100275,28.5355986618361,25.5482223789543));
#6481=CARTESIAN_POINT('',(16.879262086004,28.5355986618361,25.5482223789543));
#6482=CARTESIAN_POINT('',(24.689631043002,28.5355986618361,25.5482223789543));
#6483=CARTESIAN_POINT('',(16.879262086004,26.6606612439171,18.5508606742686));
#6484=CARTESIAN_POINT('',(16.879262086004,31.7211899157605,37.4370107907473));
#6485=CARTESIAN_POINT('',(14.1030017100275,26.6606612439171,18.5508606742686));
#6486=CARTESIAN_POINT('',(23.3015008550137,26.6606612439171,18.5508606742686));
#6487=CARTESIAN_POINT('',(14.1030017100275,32.65865862472,40.9356916430902));
#6488=CARTESIAN_POINT('Origin',(65.5,44.8001298543769,28.2927295734615));
#6489=CARTESIAN_POINT('',(53.5,37.5556861572089,30.2338724117304));
#6490=CARTESIAN_POINT('',(53.5,38.559219600565,29.9649764360055));
#6491=CARTESIAN_POINT('',(0.,37.5556861572089,30.2338724117304));
#6492=CARTESIAN_POINT('',(49.125,37.5556861572089,30.2338724117304));
#6493=CARTESIAN_POINT('',(0.,44.8001298543769,28.2927295734615));
#6494=CARTESIAN_POINT('Origin',(53.5,38.04158151036,28.0331247834274));
#6495=CARTESIAN_POINT('',(55.5,31.800671256548,29.7053716459714));
#6496=CARTESIAN_POINT('Origin',(53.5,29.8688196039699,30.2230097361765));
#6497=CARTESIAN_POINT('',(55.5,37.0380480670039,28.3020207591523));
#6498=CARTESIAN_POINT('',(55.5,38.04158151036,28.0331247834274));
#6499=CARTESIAN_POINT('Origin',(53.5,37.0380480670039,28.3020207591523));
#6500=CARTESIAN_POINT('Origin',(8.75000014901161,103.375001540408,12.3945839162348));
#6501=CARTESIAN_POINT('',(8.75000014901161,115.500001721084,11.1445839162348));
#6502=CARTESIAN_POINT('',(10.0000001490116,115.500001721084,12.3945839162348));
#6503=CARTESIAN_POINT('Origin',(8.75000014901161,115.500001721084,12.3945839162348));
#6504=CARTESIAN_POINT('',(10.0000001490116,117.000001743436,12.3945839162348));
#6505=CARTESIAN_POINT('',(10.0000001490116,103.375001540408,12.3945839162348));
#6506=CARTESIAN_POINT('',(8.75000014901161,117.000001743436,11.1445839162348));
#6507=CARTESIAN_POINT('Origin',(8.75000014901161,117.000001743436,12.3945839162348));
#6508=CARTESIAN_POINT('',(8.75000014901161,103.375001540408,11.1445839162348));
#6509=CARTESIAN_POINT('Origin',(10.0000001490116,117.000001743436,11.1445839162348));
#6510=CARTESIAN_POINT('',(10.0000001490116,115.500001721084,15.4310793737449));
#6511=CARTESIAN_POINT('',(10.0000001490116,115.500001721084,11.1445839162348));
#6512=CARTESIAN_POINT('',(10.0000001490116,117.000001743436,15.4310793737449));
#6513=CARTESIAN_POINT('',(10.0000001490116,117.000001743436,15.4310793737449));
#6514=CARTESIAN_POINT('',(10.0000001490116,117.000001743436,11.1445839162348));
#6515=CARTESIAN_POINT('Origin',(1.2795024306346,102.625001529232,12.3945839162348));
#6516=CARTESIAN_POINT('',(1.2795024306346,117.000001743436,11.1445839162348));
#6517=CARTESIAN_POINT('',(0.0295024306345981,117.000001743436,12.3945839162348));
#6518=CARTESIAN_POINT('Origin',(1.2795024306346,117.000001743436,12.3945839162348));
#6519=CARTESIAN_POINT('',(0.0295024306345981,115.500001721084,12.3945839162348));
#6520=CARTESIAN_POINT('',(0.0295024306345981,102.625001529232,12.3945839162348));
#6521=CARTESIAN_POINT('',(1.2795024306346,115.500001721084,11.1445839162348));
#6522=CARTESIAN_POINT('Origin',(1.2795024306346,115.500001721084,12.3945839162348));
#6523=CARTESIAN_POINT('',(1.2795024306346,102.625001529232,11.1445839162348));
#6524=CARTESIAN_POINT('Origin',(0.0295024306345981,115.500001721084,11.1445839162348));
#6525=CARTESIAN_POINT('',(0.0295024306345981,117.000001743436,15.4310793737449));
#6526=CARTESIAN_POINT('',(0.0295024306345981,117.000001743436,11.1445839162348));
#6527=CARTESIAN_POINT('',(0.0295024306345981,115.500001721084,15.4310793737449));
#6528=CARTESIAN_POINT('',(0.0295024306345981,116.25000173226,15.4310793737449));
#6529=CARTESIAN_POINT('',(0.0295024306345981,115.500001721084,11.1445839162348));
#6530=CARTESIAN_POINT('Origin',(15.5000002309681,87.5000013038516,12.4999999999998));
#6531=CARTESIAN_POINT('',(15.5000002309681,87.5000013038516,12.4999999999998));
#6532=CARTESIAN_POINT('',(-5.50000008195625,87.5000013038516,12.5));
#6533=CARTESIAN_POINT('',(15.5000002309681,87.5000013038516,12.4999999999998));
#6534=CARTESIAN_POINT('',(-5.50000008195634,87.5000013038516,4.14458));
#6535=CARTESIAN_POINT('',(-5.50000008195639,87.5000013038516,8.3222919581173));
#6536=CARTESIAN_POINT('',(15.500000230968,87.5000013038516,4.14457999999977));
#6537=CARTESIAN_POINT('',(2.75000011548407,87.5000013038516,4.14458391623482));
#6538=CARTESIAN_POINT('',(15.500000230968,87.5000013038516,8.3222919581173));
#6539=CARTESIAN_POINT('Origin',(-5.50000008195625,99.000001475215,12.5));
#6540=CARTESIAN_POINT('',(-5.50000008195625,99.000001475215,12.5));
#6541=CARTESIAN_POINT('',(15.5000002309681,99.000001475215,12.4999999999998));
#6542=CARTESIAN_POINT('',(-5.50000008195625,99.000001475215,12.5));
#6543=CARTESIAN_POINT('',(15.500000230968,99.000001475215,4.14457999999977));
#6544=CARTESIAN_POINT('',(15.500000230968,99.000001475215,8.32229195811741));
#6545=CARTESIAN_POINT('',(-5.50000008195634,99.000001475215,4.14458));
#6546=CARTESIAN_POINT('',(-7.75000004097812,99.000001475215,4.14458391623482));
#6547=CARTESIAN_POINT('',(-5.50000008195639,99.000001475215,8.32229195811741));
#6548=CARTESIAN_POINT('Origin',(5.00000007450594,93.2500013895333,12.4999999999999));
#6549=CARTESIAN_POINT('',(-5.50000008195639,78.8750011753291,12.5));
#6550=CARTESIAN_POINT('',(15.500000230968,104.375001555309,12.4999999999998));
#6551=CARTESIAN_POINT('Origin',(-10.,38.3296537268139,4.14458391623482));
#6552=CARTESIAN_POINT('',(15.500000230968,115.500001721084,4.14458391623482));
#6553=CARTESIAN_POINT('',(15.500000230968,76.914827723949,4.14458391623482));
#6554=CARTESIAN_POINT('',(-5.50000008195639,115.500001721084,4.14458391623482));
#6555=CARTESIAN_POINT('',(-7.75000004097819,115.500001721084,4.14458391623482));
#6556=CARTESIAN_POINT('',(-5.50000008195639,51.4148273439694,4.14458391623482));
#6557=CARTESIAN_POINT('Origin',(-10.,38.3296537268139,4.14458391623482));
#6558=CARTESIAN_POINT('',(-5.50000008195639,64.5000009611249,4.14458391623482));
#6559=CARTESIAN_POINT('',(-5.50000008195639,51.4148273439694,4.14458391623482));
#6560=CARTESIAN_POINT('',(-2.50000003725286,64.5000009611249,4.14457999999997));
#6561=CARTESIAN_POINT('',(2.750000115484,64.5000009611249,4.14458391623482));
#6562=CARTESIAN_POINT('',(-2.50000003725286,84.0000012665987,4.14458391623482));
#6563=CARTESIAN_POINT('',(-2.50000003725286,51.4148273439694,4.14458391623482));
#6564=CARTESIAN_POINT('',(12.5000001862646,84.0000012665987,4.14458391623482));
#6565=CARTESIAN_POINT('',(-6.25000001862639,84.0000012665987,4.14458391623482));
#6566=CARTESIAN_POINT('',(12.5000001862646,64.5000009611249,4.14457999999981));
#6567=CARTESIAN_POINT('',(12.5000001862646,61.1648274967063,4.14458391623482));
#6568=CARTESIAN_POINT('',(15.500000230968,64.5000009611249,4.14458391623482));
#6569=CARTESIAN_POINT('',(2.750000115484,64.5000009611249,4.14458391623482));
#6570=CARTESIAN_POINT('',(15.500000230968,76.914827723949,4.14458391623482));
#6571=CARTESIAN_POINT('Origin',(-5.50000008195639,64.5000009611249,4.14458391623482));
#6572=CARTESIAN_POINT('',(-5.50000008195639,115.500001721084,18.1445839162348));
#6573=CARTESIAN_POINT('',(-5.50000008195639,115.500001721084,4.14458391623482));
#6574=CARTESIAN_POINT('',(-5.50000008195639,64.5000009611249,18.1445839162348));
#6575=CARTESIAN_POINT('',(-5.50000008195639,64.5000009611249,18.1445839162348));
#6576=CARTESIAN_POINT('',(-5.50000008195639,64.5000009611249,4.14458391623482));
#6577=CARTESIAN_POINT('Origin',(15.500000230968,64.5000009611249,4.14458391623482));
#6578=CARTESIAN_POINT('',(12.5000001862647,64.5000009611249,14.4999999999998));
#6579=CARTESIAN_POINT('',(12.5000001862646,64.5000009611249,7.82229195811733));
#6580=CARTESIAN_POINT('',(-2.50000003725275,64.5000009611249,14.5));
#6581=CARTESIAN_POINT('',(14.0000002086164,64.5000009611249,14.4999999999998));
#6582=CARTESIAN_POINT('',(-2.50000003725282,64.5000009611249,7.82229195811749));
#6583=CARTESIAN_POINT('',(15.500000230968,64.5000009611249,18.1445839162348));
#6584=CARTESIAN_POINT('',(15.500000230968,64.5000009611249,18.1445839162348));
#6585=CARTESIAN_POINT('',(15.500000230968,64.5000009611249,4.14458391623482));
#6586=CARTESIAN_POINT('Origin',(-2.50000003725275,84.0000012665987,14.5));
#6587=CARTESIAN_POINT('',(12.5000001862647,84.0000012665987,14.4999999999998));
#6588=CARTESIAN_POINT('',(-2.50000003725275,84.0000012665987,14.5));
#6589=CARTESIAN_POINT('',(1.25000001862661,84.0000012665987,14.4999999999999));
#6590=CARTESIAN_POINT('',(12.5000001862647,84.0000012665987,14.4999999999998));
#6591=CARTESIAN_POINT('',(-2.50000003725278,84.0000012665987,11.5));
#6592=CARTESIAN_POINT('Origin',(12.5000001862647,86.0000012665987,14.4999999999998));
#6593=CARTESIAN_POINT('',(12.5000001862647,86.0000012665987,14.4999999999998));
#6594=CARTESIAN_POINT('Origin',(-5.00000010430813,115.000001743436,6.14458391623482));
#6595=CARTESIAN_POINT('',(-7.5,118.122500826148,4.14458391623482));
#6596=CARTESIAN_POINT('',(-6.25000005215406,116.561251284792,6.14458391623482));
#6597=CARTESIAN_POINT('Origin',(-7.5,118.122500826148,6.14458391623482));
#6598=CARTESIAN_POINT('',(-6.10831162071346,116.664827735125,6.14458391623482));
#6599=CARTESIAN_POINT('Origin',(-5.00000010430813,115.000001743436,6.14458391623482));
#6600=CARTESIAN_POINT('',(-7.2166231371188,118.329653726814,4.14458391623482));
#6601=CARTESIAN_POINT('Origin',(-7.2166231371188,118.329653726814,6.14458391623482));
#6602=CARTESIAN_POINT('Origin',(-5.00000010430813,115.000001743436,4.14458391623482));
#6603=CARTESIAN_POINT('Origin',(-5.00000010430813,115.000001743436,6.14458391623482));
#6604=CARTESIAN_POINT('',(-5.00000010430813,118.329653726814,4.26027143243309));
#6605=CARTESIAN_POINT('Ctrl Pts',(-5.00000010430813,118.329653726814,4.2602714324331));
#6606=CARTESIAN_POINT('Ctrl Pts',(-5.475898386715,118.329653726814,4.2602714324331));
#6607=CARTESIAN_POINT('Ctrl Pts',(-6.0445535691668,118.329653726814,4.2077233995912));
#6608=CARTESIAN_POINT('Ctrl Pts',(-6.73689503945417,118.329653726814,4.15812522084845));
#6609=CARTESIAN_POINT('Ctrl Pts',(-6.99840565770039,118.329653726814,4.14458391623482));
#6610=CARTESIAN_POINT('Ctrl Pts',(-7.2166231371188,118.329653726814,4.14458391623482));
#6611=CARTESIAN_POINT('',(-5.00000010430813,117.000001743436,6.14458391623482));
#6612=CARTESIAN_POINT('Origin',(-5.00000010430813,115.000001743436,6.14458391623482));
#6613=CARTESIAN_POINT('Origin',(-5.00000010430813,119.000001743436,6.14458391623482));
#6614=CARTESIAN_POINT('Origin',(15.0000002533197,115.000001743436,6.14458391623482));
#6615=CARTESIAN_POINT('',(17.0000002533197,115.000001743436,6.14458391623482));
#6616=CARTESIAN_POINT('',(19.0000002533197,115.000001743436,4.14458391623482));
#6617=CARTESIAN_POINT('Origin',(19.0000002533197,115.000001743436,6.14458391623482));
#6618=CARTESIAN_POINT('',(17.2166232861304,118.329653726814,4.14458391623482));
#6619=CARTESIAN_POINT('Origin',(15.0000002533197,115.000001743436,4.14458391623482));
#6620=CARTESIAN_POINT('',(16.1083117697251,116.664827735125,6.14458391623482));
#6621=CARTESIAN_POINT('Origin',(17.2166232861304,118.329653726814,6.14458391623482));
#6622=CARTESIAN_POINT('Origin',(15.0000002533197,115.000001743436,6.14458391623482));
#6623=CARTESIAN_POINT('Origin',(-5.00000010430813,64.5000009313226,6.14458391623482));
#6624=CARTESIAN_POINT('',(-6.25000005215406,62.9387513899663,6.14458391623482));
#6625=CARTESIAN_POINT('',(-7.5,61.37750184861,4.14458391623482));
#6626=CARTESIAN_POINT('Origin',(-7.5,61.37750184861,6.14458391623482));
#6627=CARTESIAN_POINT('',(-5.00000010430813,60.5000009313226,4.14458391623482));
#6628=CARTESIAN_POINT('Origin',(-5.00000010430813,64.5000009313226,4.14458391623482));
#6629=CARTESIAN_POINT('',(-5.00000010430813,62.5000009313226,6.14458391623482));
#6630=CARTESIAN_POINT('Origin',(-5.00000010430813,60.5000009313226,6.14458391623482));
#6631=CARTESIAN_POINT('Origin',(-5.00000010430813,64.5000009313226,6.14458391623482));
#6632=CARTESIAN_POINT('Origin',(-8.50000005215406,60.5000009313226,6.14458391623482));
#6633=CARTESIAN_POINT('',(15.0000002533197,60.5000009313226,4.14458391623482));
#6634=CARTESIAN_POINT('',(15.0000002533197,62.5000009313226,6.14458391623482));
#6635=CARTESIAN_POINT('Origin',(15.0000002533197,60.5000009313226,6.14458391623482));
#6636=CARTESIAN_POINT('',(-8.50000005215406,62.5000009313226,6.14458391623482));
#6637=CARTESIAN_POINT('',(-8.50000005215406,60.5000009313226,4.14458391623482));
#6638=CARTESIAN_POINT('Origin',(15.0000002533197,64.5000009313226,6.14458391623482));
#6639=CARTESIAN_POINT('',(19.0000002533197,64.5000009313226,4.14458391623482));
#6640=CARTESIAN_POINT('',(17.0000002533197,64.5000009313226,6.14458391623482));
#6641=CARTESIAN_POINT('Origin',(19.0000002533197,64.5000009313226,6.14458391623482));
#6642=CARTESIAN_POINT('Origin',(15.0000002533197,64.5000009313226,6.14458391623482));
#6643=CARTESIAN_POINT('Origin',(15.0000002533197,64.5000009313226,4.14458391623482));
#6644=CARTESIAN_POINT('Origin',(19.0000002533197,50.4148273290682,6.14458391623482));
#6645=CARTESIAN_POINT('',(19.0000002533197,50.4148273290682,4.14458391623482));
#6646=CARTESIAN_POINT('',(17.0000002533197,50.4148273290682,6.14458391623482));
#6647=CARTESIAN_POINT('Origin',(15.0000002533197,115.000001743436,6.14458391623482));
#6648=CARTESIAN_POINT('',(15.0000002533197,118.329653726814,4.2602714324331));
#6649=CARTESIAN_POINT('Ctrl Pts',(17.2166232861304,118.329653726814,4.14458391623482));
#6650=CARTESIAN_POINT('Ctrl Pts',(16.998405806712,118.329653726814,4.14458391623482));
#6651=CARTESIAN_POINT('Ctrl Pts',(16.7368951884658,118.329653726814,4.15812522084845));
#6652=CARTESIAN_POINT('Ctrl Pts',(16.0445537181784,118.329653726814,4.2077233995912));
#6653=CARTESIAN_POINT('Ctrl Pts',(15.4758985357266,118.329653726814,4.2602714324331));
#6654=CARTESIAN_POINT('Ctrl Pts',(15.0000002533197,118.329653726814,4.2602714324331));
#6655=CARTESIAN_POINT('',(15.0000002533197,117.000001743436,6.14458391623482));
#6656=CARTESIAN_POINT('Origin',(15.0000002533197,119.000001743436,6.14458391623482));
#6657=CARTESIAN_POINT('Origin',(15.0000002533197,115.000001743436,6.14458391623482));
#6658=CARTESIAN_POINT('Origin',(3.50000012665987,119.000001743436,6.14458391623482));
#6659=CARTESIAN_POINT('',(3.50000012665987,118.329653726814,4.2602714324331));
#6660=CARTESIAN_POINT('',(3.50000012665987,117.000001743436,6.14458391623482));
#6661=CARTESIAN_POINT('Ctrl Pts',(-6.25000005215407,116.561251284792,6.14458391623482));
#6662=CARTESIAN_POINT('Ctrl Pts',(-6.45038620257918,116.400813974199,6.14458391623482));
#6663=CARTESIAN_POINT('Ctrl Pts',(-6.8430005364827,115.937726911828,6.01668377314289));
#6664=CARTESIAN_POINT('Ctrl Pts',(-7.00000010430813,115.342319367918,5.88722456647561));
#6665=CARTESIAN_POINT('Ctrl Pts',(-7.00000010430813,115.000001743436,5.88722456647561));
#6666=CARTESIAN_POINT('Ctrl Pts',(-6.25000005215407,116.561251284792,5.54618531555105));
#6667=CARTESIAN_POINT('Ctrl Pts',(-6.41766829173297,116.428145860245,5.56786266909511));
#6668=CARTESIAN_POINT('Ctrl Pts',(-6.80801429199916,116.013767356241,5.51240871622564));
#6669=CARTESIAN_POINT('Ctrl Pts',(-7.00000010430813,115.37031254376,5.41828765494985));
#6670=CARTESIAN_POINT('Ctrl Pts',(-7.00000010430813,115.000001743436,5.41828765494985));
#6671=CARTESIAN_POINT('Ctrl Pts',(-6.56380572285532,116.953194468711,4.51015994637293));
#6672=CARTESIAN_POINT('Ctrl Pts',(-6.70230781609126,116.793696888552,4.56633310557677));
#6673=CARTESIAN_POINT('Ctrl Pts',(-7.08437621692942,116.286890285427,4.63155113767677));
#6674=CARTESIAN_POINT('Ctrl Pts',(-7.30101261281824,115.471779086235,4.60095923256345));
#6675=CARTESIAN_POINT('Ctrl Pts',(-7.30101261281824,115.000001743436,4.60095923256345));
#6676=CARTESIAN_POINT('Ctrl Pts',(-7.21950066763283,117.772157248324,4.14458391623482));
#6677=CARTESIAN_POINT('Ctrl Pts',(-7.40699396921247,117.499477149751,4.16978518959258));
#6678=CARTESIAN_POINT('Ctrl Pts',(-7.81404625052255,116.698799515467,4.16591394369857));
#6679=CARTESIAN_POINT('Ctrl Pts',(-8.00174492407604,115.620856646813,4.11884073573568));
#6680=CARTESIAN_POINT('Ctrl Pts',(-8.00174492407604,115.000001743436,4.11884073573569));
#6681=CARTESIAN_POINT('Ctrl Pts',(-7.5,118.122500826148,4.14458391623482));
#6682=CARTESIAN_POINT('Ctrl Pts',(-7.72265127824992,117.801626204962,4.14458391623482));
#6683=CARTESIAN_POINT('Ctrl Pts',(-8.15888942703177,116.875452080219,4.07352828118374));
#6684=CARTESIAN_POINT('Ctrl Pts',(-8.33333339128229,115.684636992401,4.00160649970192));
#6685=CARTESIAN_POINT('Ctrl Pts',(-8.33333339128229,115.000001743436,4.00160649970192));
#6686=CARTESIAN_POINT('',(-8.33333339128229,115.000001743436,4.00160649970192));
#6687=CARTESIAN_POINT('',(-7.00000010430813,115.000001743436,5.88722456647561));
#6688=CARTESIAN_POINT('Origin',(-9.00000010430813,115.000001743436,5.88722456647561));
#6689=CARTESIAN_POINT('Ctrl Pts',(-7.00000010430813,115.000001743436,5.88722456647561));
#6690=CARTESIAN_POINT('Ctrl Pts',(-7.00000010430813,115.342319367918,5.88722456647561));
#6691=CARTESIAN_POINT('Ctrl Pts',(-6.8430005364827,115.937726911828,6.01668377314289));
#6692=CARTESIAN_POINT('Ctrl Pts',(-6.45038620257918,116.400813974199,6.14458391623482));
#6693=CARTESIAN_POINT('Ctrl Pts',(-6.25000005215407,116.561251284792,6.14458391623482));
#6694=CARTESIAN_POINT('Ctrl Pts',(-7.5,118.122500826148,4.14458391623482));
#6695=CARTESIAN_POINT('Ctrl Pts',(-7.72265127824992,117.801626204962,4.14458391623482));
#6696=CARTESIAN_POINT('Ctrl Pts',(-8.15888942703177,116.875452080219,4.07352828118374));
#6697=CARTESIAN_POINT('Ctrl Pts',(-8.33333339128229,115.684636992401,4.00160649970192));
#6698=CARTESIAN_POINT('Ctrl Pts',(-8.33333339128229,115.000001743436,4.00160649970192));
#6699=CARTESIAN_POINT('Ctrl Pts',(-7.00000010430813,64.5000009313226,5.88722456647561));
#6700=CARTESIAN_POINT('Ctrl Pts',(-7.00000010430813,64.2432627129604,5.88722456647561));
#6701=CARTESIAN_POINT('Ctrl Pts',(-6.89143100632392,63.688661444701,5.97280288852742));
#6702=CARTESIAN_POINT('Ctrl Pts',(-6.54404221899087,63.1881348976807,6.13270148494381));
#6703=CARTESIAN_POINT('Ctrl Pts',(-6.28339774389157,62.9654909417319,6.14458391623482));
#6704=CARTESIAN_POINT('Ctrl Pts',(-6.25000005215405,62.9387513899663,6.14458391623482));
#6705=CARTESIAN_POINT('Ctrl Pts',(-7.00000010430813,64.5000009313226,5.41828765494985));
#6706=CARTESIAN_POINT('Ctrl Pts',(-7.00000010430813,64.2222678310794,5.41828765494985));
#6707=CARTESIAN_POINT('Ctrl Pts',(-6.86960929440927,63.6198508487584,5.48082024658513));
#6708=CARTESIAN_POINT('Ctrl Pts',(-6.50099730592718,63.1466431883294,5.569958855724));
#6709=CARTESIAN_POINT('Ctrl Pts',(-6.27794475875055,62.9609356273908,5.54979820780839));
#6710=CARTESIAN_POINT('Ctrl Pts',(-6.25000005215405,62.9387513899663,5.54618531555105));
#6711=CARTESIAN_POINT('Ctrl Pts',(-7.30095586850618,64.5000009313226,4.60092475513307));
#6712=CARTESIAN_POINT('Ctrl Pts',(-7.30095586850618,64.1461679242229,4.60092475513307));
#6713=CARTESIAN_POINT('Ctrl Pts',(-7.15539481023887,63.3817935037781,4.62176081750313));
#6714=CARTESIAN_POINT('Ctrl Pts',(-6.77610870001499,62.7954958701978,4.59143432600464));
#6715=CARTESIAN_POINT('Ctrl Pts',(-6.58680809843221,62.5734926880279,4.51941377418253));
#6716=CARTESIAN_POINT('Ctrl Pts',(-6.56372441622618,62.5469097580014,4.51005158098189));
#6717=CARTESIAN_POINT('Ctrl Pts',(-8.00174492407604,64.5000009313226,4.11884073573569));
#6718=CARTESIAN_POINT('Ctrl Pts',(-8.00174492407604,64.0343597537894,4.11884073573569));
#6719=CARTESIAN_POINT('Ctrl Pts',(-7.87339275187406,63.0286866496472,4.15028150975015));
#6720=CARTESIAN_POINT('Ctrl Pts',(-7.49773630482979,62.1518475247925,4.17779260654628));
#6721=CARTESIAN_POINT('Ctrl Pts',(-7.25074955122946,61.7732921095302,4.14878412846111));
#6722=CARTESIAN_POINT('Ctrl Pts',(-7.21950066763281,61.7278454264347,4.14458391623481));
#6723=CARTESIAN_POINT('Ctrl Pts',(-8.33333339128229,64.5000009313226,4.00160649970192));
#6724=CARTESIAN_POINT('Ctrl Pts',(-8.3333333912823,63.9865244945983,4.00160649970192));
#6725=CARTESIAN_POINT('Ctrl Pts',(-8.21270106018873,62.8773219580795,4.04915001195293));
#6726=CARTESIAN_POINT('Ctrl Pts',(-7.82671351870757,61.8762688640389,4.13798256551759));
#6727=CARTESIAN_POINT('Ctrl Pts',(-7.53710854637501,61.4309809521412,4.14458391623482));
#6728=CARTESIAN_POINT('Ctrl Pts',(-7.49999999999998,61.37750184861,4.14458391623482));
#6729=CARTESIAN_POINT('',(-7.00000010430813,64.5000009313226,5.88722456647561));
#6730=CARTESIAN_POINT('',(-8.33333339128229,64.5000009313226,4.00160649970192));
#6731=CARTESIAN_POINT('Origin',(-9.00000010430813,64.5000009313226,5.88722456647561));
#6732=CARTESIAN_POINT('Ctrl Pts',(-8.33333339128229,64.5000009313226,4.00160649970192));
#6733=CARTESIAN_POINT('Ctrl Pts',(-8.3333333912823,63.9865244945983,4.00160649970192));
#6734=CARTESIAN_POINT('Ctrl Pts',(-8.21270106018873,62.8773219580795,4.04915001195293));
#6735=CARTESIAN_POINT('Ctrl Pts',(-7.82671351870757,61.8762688640389,4.13798256551759));
#6736=CARTESIAN_POINT('Ctrl Pts',(-7.53710854637501,61.4309809521412,4.14458391623482));
#6737=CARTESIAN_POINT('Ctrl Pts',(-7.49999999999998,61.37750184861,4.14458391623482));
#6738=CARTESIAN_POINT('Ctrl Pts',(-6.25000005215405,62.9387513899663,6.14458391623482));
#6739=CARTESIAN_POINT('Ctrl Pts',(-6.28339774389157,62.9654909417319,6.14458391623482));
#6740=CARTESIAN_POINT('Ctrl Pts',(-6.54404221899087,63.1881348976807,6.13270148494381));
#6741=CARTESIAN_POINT('Ctrl Pts',(-6.89143100632392,63.688661444701,5.97280288852742));
#6742=CARTESIAN_POINT('Ctrl Pts',(-7.00000010430813,64.2432627129604,5.88722456647561));
#6743=CARTESIAN_POINT('Ctrl Pts',(-7.00000010430813,64.5000009313226,5.88722456647561));
#6744=CARTESIAN_POINT('Origin',(-9.00000010430813,51.2706059819399,5.88722456647561));
#6745=CARTESIAN_POINT('',(-8.33333339128229,51.2706059819399,4.00160649970192));
#6746=CARTESIAN_POINT('',(-7.00000010430813,51.2706059819399,5.88722456647561));
#6747=CARTESIAN_POINT('Origin',(-5.00000010430813,115.000001743436,4.14458391623482));
#6748=CARTESIAN_POINT('',(-7.00000010430813,115.000001743436,18.1445839162348));
#6749=CARTESIAN_POINT('',(-7.00000010430813,115.000001743436,4.14458391623482));
#6750=CARTESIAN_POINT('',(-5.00000010430813,117.000001743436,18.1445839162348));
#6751=CARTESIAN_POINT('Origin',(-5.00000010430813,115.000001743436,18.1445839162348));
#6752=CARTESIAN_POINT('',(-5.00000010430813,117.000001743436,4.14458391623482));
#6753=CARTESIAN_POINT('Origin',(-7.00000010430813,117.000001743436,4.14458391623482));
#6754=CARTESIAN_POINT('',(-7.00000010430813,64.5000009313226,18.1445839162348));
#6755=CARTESIAN_POINT('',(-7.00000010430813,64.5000009313226,4.14458391623482));
#6756=CARTESIAN_POINT('',(-7.00000010430813,117.000001743436,18.1445839162348));
#6757=CARTESIAN_POINT('Origin',(-5.00000010430813,64.5000009313226,4.14458391623482));
#6758=CARTESIAN_POINT('',(-5.00000010430813,62.5000009313226,18.1445839162348));
#6759=CARTESIAN_POINT('',(-5.00000010430813,62.5000009313226,4.14458391623482));
#6760=CARTESIAN_POINT('Origin',(-5.00000010430813,64.5000009313226,18.1445839162348));
#6761=CARTESIAN_POINT('Origin',(-10.,38.3296537268139,4.14458391623482));
#6762=CARTESIAN_POINT('',(-7.5,118.329653726814,4.14458391623482));
#6763=CARTESIAN_POINT('',(-10.,118.329653726814,4.14458391623482));
#6764=CARTESIAN_POINT('',(-7.5,51.2706059819399,4.14458391623482));
#6765=CARTESIAN_POINT('Origin',(-10.,38.3296537268139,4.14458391623482));
#6766=CARTESIAN_POINT('',(-7.5,37.6361501856038,4.14458391623482));
#6767=CARTESIAN_POINT('',(-7.5,51.2706059819399,4.14458391623482));
#6768=CARTESIAN_POINT('',(-5.,38.3296537268139,4.14458391623482));
#6769=CARTESIAN_POINT('Origin',(-5.,33.1532728247635,4.14458391623482));
#6770=CARTESIAN_POINT('',(70.,38.3296537268139,4.14458391623482));
#6771=CARTESIAN_POINT('',(-10.,38.3296537268139,4.14458391623482));
#6772=CARTESIAN_POINT('',(72.5,37.6361501856038,4.14458391623482));
#6773=CARTESIAN_POINT('Origin',(70.,33.1532728247635,4.14458391623482));
#6774=CARTESIAN_POINT('',(72.5,118.329653726814,4.14458391623482));
#6775=CARTESIAN_POINT('',(72.5,38.3296537268139,4.14458391623482));
#6776=CARTESIAN_POINT('',(-10.,118.329653726814,4.14458391623482));
#6777=CARTESIAN_POINT('Origin',(5.00000007450581,89.7500013373792,18.1445839162348));
#6778=CARTESIAN_POINT('',(15.0000002533197,62.5000009313226,18.1445839162348));
#6779=CARTESIAN_POINT('',(-7.00000010430813,62.5000009313226,18.1445839162348));
#6780=CARTESIAN_POINT('',(17.0000002533197,64.5000009313226,18.1445839162348));
#6781=CARTESIAN_POINT('Origin',(15.0000002533197,64.5000009313226,18.1445839162348));
#6782=CARTESIAN_POINT('',(17.0000002533197,115.000001743436,18.1445839162348));
#6783=CARTESIAN_POINT('',(17.0000002533197,62.5000009313226,18.1445839162348));
#6784=CARTESIAN_POINT('',(15.0000002533197,117.000001743436,18.1445839162348));
#6785=CARTESIAN_POINT('Origin',(15.0000002533197,115.000001743436,18.1445839162348));
#6786=CARTESIAN_POINT('',(17.0000002533197,117.000001743436,18.1445839162348));
#6787=CARTESIAN_POINT('',(15.500000230968,115.500001721084,18.1445839162348));
#6788=CARTESIAN_POINT('',(-5.50000008195639,115.500001721084,18.1445839162348));
#6789=CARTESIAN_POINT('',(15.500000230968,115.500001721084,18.1445839162348));
#6790=CARTESIAN_POINT('Origin',(-7.00000010430813,62.5000009313226,4.14458391623482));
#6791=CARTESIAN_POINT('',(15.0000002533197,62.5000009313226,4.14458391623482));
#6792=CARTESIAN_POINT('Origin',(15.0000002533197,64.5000009313226,4.14458391623482));
#6793=CARTESIAN_POINT('',(17.0000002533197,64.5000009313226,4.14458391623482));
#6794=CARTESIAN_POINT('Origin',(15.0000002533197,115.000001743436,4.14458391623482));
#6795=CARTESIAN_POINT('',(15.0000002533197,117.000001743436,4.14458391623482));
#6796=CARTESIAN_POINT('',(17.0000002533197,115.000001743436,4.14458391623482));
#6797=CARTESIAN_POINT('Origin',(17.0000002533197,117.000001743436,4.14458391623482));
#6798=CARTESIAN_POINT('',(10.0000001490116,117.000001743436,15.4310793737449));
#6799=CARTESIAN_POINT('',(17.0000002533197,117.000001743436,11.1445839162348));
#6800=CARTESIAN_POINT('Origin',(65.5,29.8688196039699,30.2230097361765));
#6801=CARTESIAN_POINT('',(65.5,31.800671256548,29.7053716459714));
#6802=CARTESIAN_POINT('Origin',(65.5,29.8688196039699,30.2230097361765));
#6803=CARTESIAN_POINT('',(65.5,31.800671256548,29.7053716459714));
#6804=CARTESIAN_POINT('Origin',(55.5,32.3183093467531,31.6372232985496));
#6805=CARTESIAN_POINT('',(55.5,27.1419284447027,12.3187067727682));
#6806=CARTESIAN_POINT('',(55.5,32.3183093467531,31.6372232985496));
#6807=CARTESIAN_POINT('',(55.5,37.6918972997484,9.4918511378852));
#6808=CARTESIAN_POINT('',(55.5,32.3793052551585,10.9153558859491));
#6809=CARTESIAN_POINT('',(55.5,39.3236021396376,15.5814565033079));
#6810=CARTESIAN_POINT('',(55.5,46.1035162655803,40.8844404922799));
#6811=CARTESIAN_POINT('',(55.5,38.2509304684444,16.3004953662102));
#6812=CARTESIAN_POINT('Origin',(55.5,39.8412402298427,17.5133081558861));
#6813=CARTESIAN_POINT('',(55.5,36.3724500669553,25.817975205555));
#6814=CARTESIAN_POINT('Origin',(55.5,46.9976341561351,22.9709657094272));
#6815=CARTESIAN_POINT('',(55.5,37.5556861572089,30.2338724117304));
#6816=CARTESIAN_POINT('Origin',(65.5,32.3183093467531,31.6372232985496));
#6817=CARTESIAN_POINT('',(65.5,27.1419284447027,12.3187067727682));
#6818=CARTESIAN_POINT('',(65.5,32.3183093467531,31.6372232985496));
#6819=CARTESIAN_POINT('',(65.5,27.1419284447027,12.3187067727682));
#6820=CARTESIAN_POINT('Origin',(7.27038172900562,27.1782993341221,20.4827123268467));
#6821=CARTESIAN_POINT('',(7.27038172900562,24.7288095913389,19.0684987644736));
#6822=CARTESIAN_POINT('',(5.39936756053737,25.0635620379783,20.3178119032896));
#6823=CARTESIAN_POINT('Origin',(7.27038172900562,25.246447681544,21.0003504170518));
#6824=CARTESIAN_POINT('',(5.39936756053737,26.9954136905564,19.8001738130846));
#6825=CARTESIAN_POINT('',(7.27038172900562,26.6606612439171,18.5508606742686));
#6826=CARTESIAN_POINT('Origin',(2.1111867390573,29.2488516949423,28.2101189371593));
#6827=CARTESIAN_POINT('',(2.1111867390573,27.3170000423641,28.7277570273643));
#6828=CARTESIAN_POINT('',(5.88783299550414,24.7288095913389,19.0684987644736));
#6829=CARTESIAN_POINT('',(2.1111867390573,29.2488516949423,28.2101189371593));
#6830=CARTESIAN_POINT('Origin',(32.4999994598329,25.6424443304603,22.4782300304345));
#6831=CARTESIAN_POINT('',(7.8462844696865,24.7288095913389,19.0684987644736));
#6832=CARTESIAN_POINT('',(9.2370823584497,24.7288095913389,19.0684987644736));
#6833=CARTESIAN_POINT('',(9.72120618289986,25.0662626712446,20.3278908038522));
#6834=CARTESIAN_POINT('Origin',(7.8462844696865,25.246447681544,21.0003504170518));
#6835=CARTESIAN_POINT('',(12.9502049647272,27.3170000423641,28.7277570273643));
#6836=CARTESIAN_POINT('',(12.9502049647272,27.3170000423641,28.7277570273643));
#6837=CARTESIAN_POINT('',(9.81390630826354,27.3170000423641,28.7277570273643));
#6838=CARTESIAN_POINT('',(9.81390630826354,27.3170000423641,28.7277570273643));
#6839=CARTESIAN_POINT('',(7.59208714589477,25.4544210477396,21.7765175863152));
#6840=CARTESIAN_POINT('',(7.59208714589477,25.4544210477397,21.7765175863152));
#6841=CARTESIAN_POINT('',(5.34138357266784,27.3170000423641,28.7277570273643));
#6842=CARTESIAN_POINT('',(5.34138357266784,27.3170000423641,28.7277570273643));
#6843=CARTESIAN_POINT('',(2.1111867390573,27.3170000423641,28.7277570273643));
#6844=CARTESIAN_POINT('Origin',(7.8462844696865,27.1782993341221,20.4827123268467));
#6845=CARTESIAN_POINT('',(7.8462844696865,26.6606612439171,18.5508606742686));
#6846=CARTESIAN_POINT('',(9.72120618289986,26.9981143238227,19.8102527136472));
#6847=CARTESIAN_POINT('Origin',(9.2370823584497,26.6606612439171,18.5508606742686));
#6848=CARTESIAN_POINT('',(12.9502049647272,29.2488516949423,28.2101189371593));
#6849=CARTESIAN_POINT('Origin',(48.0197821818292,28.7312136047372,26.2782672845811));
#6850=CARTESIAN_POINT('',(46.0197821818292,26.7993619521591,26.7959053747862));
#6851=CARTESIAN_POINT('',(48.0197821818292,27.3170000423641,28.7277570273643));
#6852=CARTESIAN_POINT('Origin',(48.0197821818292,26.7993619521591,26.7959053747862));
#6853=CARTESIAN_POINT('',(48.0197821818292,29.2488516949423,28.2101189371593));
#6854=CARTESIAN_POINT('',(46.0197821818292,28.7312136047372,26.2782672845811));
#6855=CARTESIAN_POINT('Origin',(46.0197821818292,29.2488516949423,28.2101189371593));
#6856=CARTESIAN_POINT('',(46.0197821818292,24.7288095913389,19.0684987644736));
#6857=CARTESIAN_POINT('',(46.0197821818292,26.6606612439171,18.5508606742686));
#6858=CARTESIAN_POINT('',(46.0197821818292,24.7288095913389,19.0684987644736));
#6859=CARTESIAN_POINT('Origin',(16.129262086004,29.0547374111154,27.4856745674425));
#6860=CARTESIAN_POINT('',(16.129262086004,27.3170000423641,28.7277570273643));
#6861=CARTESIAN_POINT('',(16.879262086004,27.1228857585372,28.0033126576475));
#6862=CARTESIAN_POINT('Origin',(16.129262086004,27.1228857585372,28.0033126576475));
#6863=CARTESIAN_POINT('',(16.879262086004,29.0547374111154,27.4856745674425));
#6864=CARTESIAN_POINT('',(16.129262086004,29.2488516949423,28.2101189371593));
#6865=CARTESIAN_POINT('Origin',(16.879262086004,29.2488516949423,28.2101189371593));
#6866=CARTESIAN_POINT('',(14.8530017100275,27.3170000423641,28.7277570273643));
#6867=CARTESIAN_POINT('',(14.8530017100275,29.2488516949423,28.2101189371593));
#6868=CARTESIAN_POINT('',(14.1030017100275,27.3170000423641,28.7277570273643));
#6869=CARTESIAN_POINT('Origin',(16.129262086004,28.9539284672481,27.1094504670724));
#6870=CARTESIAN_POINT('',(16.879262086004,27.0220768146699,27.6270885572774));
#6871=CARTESIAN_POINT('',(16.129262086004,26.8279625308431,26.9026441875606));
#6872=CARTESIAN_POINT('Origin',(16.129262086004,27.0220768146699,27.6270885572774));
#6873=CARTESIAN_POINT('',(16.129262086004,28.7598141834212,26.3850060973556));
#6874=CARTESIAN_POINT('',(16.879262086004,28.9539284672481,27.1094504670724));
#6875=CARTESIAN_POINT('Origin',(16.879262086004,28.7598141834212,26.3850060973556));
#6876=CARTESIAN_POINT('',(16.879262086004,27.3170000423641,28.7277570273643));
#6877=CARTESIAN_POINT('Origin',(14.8530017100275,28.9539284672481,27.1094504670724));
#6878=CARTESIAN_POINT('',(14.8530017100275,26.8279625308431,26.9026441875606));
#6879=CARTESIAN_POINT('',(14.1030017100275,27.0220768146699,27.6270885572774));
#6880=CARTESIAN_POINT('Origin',(14.8530017100275,27.0220768146699,27.6270885572774));
#6881=CARTESIAN_POINT('',(14.1030017100275,28.9539284672481,27.1094504670724));
#6882=CARTESIAN_POINT('',(14.8530017100275,28.7598141834212,26.3850060973556));
#6883=CARTESIAN_POINT('Origin',(14.1030017100275,28.7598141834212,26.3850060973556));
#6884=CARTESIAN_POINT('',(16.879262086004,26.8279625308431,26.9026441875606));
#6885=CARTESIAN_POINT('Origin',(14.8530017100275,29.0547374111154,27.4856745674425));
#6886=CARTESIAN_POINT('',(14.1030017100275,27.1228857585372,28.0033126576475));
#6887=CARTESIAN_POINT('Origin',(14.8530017100275,27.1228857585372,28.0033126576475));
#6888=CARTESIAN_POINT('',(14.1030017100275,29.0547374111154,27.4856745674425));
#6889=CARTESIAN_POINT('Origin',(14.1030017100275,29.2488516949423,28.2101189371593));
#6890=CARTESIAN_POINT('',(14.1030017100275,26.8279625308431,26.9026441875606));
#6891=CARTESIAN_POINT('Origin',(5.34138357266784,29.2488516949423,28.2101189371593));
#6892=CARTESIAN_POINT('',(5.34138357266784,29.2488516949423,28.2101189371593));
#6893=CARTESIAN_POINT('Origin',(7.59208714589477,27.3862727003178,21.2588794961102));
#6894=CARTESIAN_POINT('',(7.59208714589477,27.3862727003178,21.2588794961102));
#6895=CARTESIAN_POINT('Origin',(9.81390630826354,29.2488516949423,28.2101189371593));
#6896=CARTESIAN_POINT('',(9.81390630826354,29.2488516949423,28.2101189371593));
#6897=CARTESIAN_POINT('Origin',(12.9502049647272,29.2488516949423,28.2101189371593));
#6898=CARTESIAN_POINT('Origin',(5.88783299550414,26.6606612439171,18.5508606742686));
#6899=CARTESIAN_POINT('Origin',(16.879262086004,28.5355986618361,25.5482223789543));
#6900=CARTESIAN_POINT('',(14.1030017100275,26.6037470092579,26.0658604691594));
#6901=CARTESIAN_POINT('',(14.1030017100275,28.5355986618361,25.5482223789543));
#6902=CARTESIAN_POINT('',(16.879262086004,26.6037470092579,26.0658604691594));
#6903=CARTESIAN_POINT('',(14.1030017100275,26.6037470092579,26.0658604691594));
#6904=CARTESIAN_POINT('',(16.879262086004,28.5355986618361,25.5482223789543));
#6905=CARTESIAN_POINT('Origin',(16.879262086004,26.6606612439171,18.5508606742686));
#6906=CARTESIAN_POINT('',(16.879262086004,24.7288095913389,19.0684987644736));
#6907=CARTESIAN_POINT('',(16.879262086004,26.6037470092579,26.0658604691594));
#6908=CARTESIAN_POINT('',(16.879262086004,26.6606612439171,18.5508606742686));
#6909=CARTESIAN_POINT('Origin',(14.1030017100275,26.6606612439171,18.5508606742686));
#6910=CARTESIAN_POINT('',(14.1030017100275,24.7288095913389,19.0684987644736));
#6911=CARTESIAN_POINT('',(16.879262086004,24.7288095913389,19.0684987644736));
#6912=CARTESIAN_POINT('',(14.1030017100275,26.6606612439171,18.5508606742686));
#6913=CARTESIAN_POINT('Origin',(14.1030017100275,28.5355986618361,25.5482223789543));
#6914=CARTESIAN_POINT('',(14.1030017100275,24.7288095913389,19.0684987644736));
#6915=CARTESIAN_POINT('Origin',(32.4999994598329,25.6424443304603,22.4782300304345));
#6916=CARTESIAN_POINT('Origin',(57.271165009588,28.5355986618361,25.5482223789543));
#6917=CARTESIAN_POINT('',(54.3417445383966,26.6037470092579,26.0658604691594));
#6918=CARTESIAN_POINT('',(54.3417445383966,28.5355986618361,25.5482223789543));
#6919=CARTESIAN_POINT('',(57.271165009588,26.6037470092579,26.0658604691594));
#6920=CARTESIAN_POINT('',(54.3417445383966,26.6037470092579,26.0658604691594));
#6921=CARTESIAN_POINT('',(57.271165009588,28.5355986618361,25.5482223789543));
#6922=CARTESIAN_POINT('Origin',(58.7653485499322,27.2874059310343,20.889903689964));
#6923=CARTESIAN_POINT('',(58.7653485499322,25.3555542784562,21.407541780169));
#6924=CARTESIAN_POINT('',(57.271165009588,26.6037470092579,26.0658604691594));
#6925=CARTESIAN_POINT('',(58.7653485499322,27.2874059310343,20.889903689964));
#6926=CARTESIAN_POINT('Origin',(60.1529446803033,28.5355986618361,25.5482223789543));
#6927=CARTESIAN_POINT('',(60.1529446803033,26.6037470092579,26.0658604691594));
#6928=CARTESIAN_POINT('',(58.7653485499322,25.3555542784562,21.407541780169));
#6929=CARTESIAN_POINT('',(60.1529446803033,28.5355986618361,25.5482223789543));
#6930=CARTESIAN_POINT('Origin',(62.8888121806085,28.5355986618361,25.5482223789543));
#6931=CARTESIAN_POINT('',(62.8888121806085,26.6037470092579,26.0658604691594));
#6932=CARTESIAN_POINT('',(60.1529446803033,26.6037470092579,26.0658604691594));
#6933=CARTESIAN_POINT('',(62.8888121806085,28.5355986618361,25.5482223789543));
#6934=CARTESIAN_POINT('Origin',(60.0147048197687,26.5322225001214,18.0715207567627));
#6935=CARTESIAN_POINT('',(60.0147048197687,24.6003708475432,18.5891588469678));
#6936=CARTESIAN_POINT('',(62.8888121806085,26.6037470092579,26.0658604691594));
#6937=CARTESIAN_POINT('',(60.0147048197687,26.5322225001214,18.0715207567627));
#6938=CARTESIAN_POINT('Ctrl Pts',(59.0124026499689,26.0693365291931,16.3440067951475));
#6939=CARTESIAN_POINT('Ctrl Pts',(59.0124026499689,24.1374848766149,16.8616448853525));
#6940=CARTESIAN_POINT('Ctrl Pts',(59.1921437223323,26.1262650547375,16.5564669448794));
#6941=CARTESIAN_POINT('Ctrl Pts',(59.1921437223323,24.1944134021594,17.0741050350844));
#6942=CARTESIAN_POINT('Ctrl Pts',(59.6297057307511,26.2648519655978,17.073680337474));
#6943=CARTESIAN_POINT('Ctrl Pts',(59.6297057307511,24.3330003130197,17.591318427679));
#6944=CARTESIAN_POINT('Ctrl Pts',(59.8719621392072,26.4330919102323,17.7015603587126));
#6945=CARTESIAN_POINT('Ctrl Pts',(59.8719621392072,24.5012402576542,18.2191984489176));
#6946=CARTESIAN_POINT('Ctrl Pts',(60.0147048197687,26.5322225001214,18.0715207567627));
#6947=CARTESIAN_POINT('Ctrl Pts',(60.0147048197687,24.6003708475432,18.5891588469678));
#6948=CARTESIAN_POINT('',(59.0124026499689,24.1374848766149,16.8616448853525));
#6949=CARTESIAN_POINT('Ctrl Pts',(59.0124026499689,24.1374848766149,16.8616448853525));
#6950=CARTESIAN_POINT('Ctrl Pts',(59.1921437223323,24.1944134021594,17.0741050350844));
#6951=CARTESIAN_POINT('Ctrl Pts',(59.6297057307511,24.3330003130197,17.591318427679));
#6952=CARTESIAN_POINT('Ctrl Pts',(59.8719621392072,24.5012402576542,18.2191984489176));
#6953=CARTESIAN_POINT('Ctrl Pts',(60.0147048197687,24.6003708475432,18.5891588469678));
#6954=CARTESIAN_POINT('',(59.0124026499689,26.0693365291931,16.3440067951475));
#6955=CARTESIAN_POINT('Ctrl Pts',(56.8100873194635,25.8997402711346,15.7110649432996));
#6956=CARTESIAN_POINT('Ctrl Pts',(56.8100873194635,23.9678886185564,16.2287030335047));
#6957=CARTESIAN_POINT('Ctrl Pts',(57.2536934668864,25.902989705913,15.7231919989884));
#6958=CARTESIAN_POINT('Ctrl Pts',(57.2536934668864,23.9711380533348,16.2408300891935));
#6959=CARTESIAN_POINT('Ctrl Pts',(58.0506017251735,25.9088270943818,15.7449774293375));
#6960=CARTESIAN_POINT('Ctrl Pts',(58.0506017251735,23.9769754418036,16.2626155195426));
#6961=CARTESIAN_POINT('Ctrl Pts',(58.716972956345,26.0200339636334,16.1600071155354));
#6962=CARTESIAN_POINT('Ctrl Pts',(58.716972956345,24.0881823110553,16.6776452057404));
#6963=CARTESIAN_POINT('Ctrl Pts',(59.0124026499689,26.0693365291931,16.3440067951475));
#6964=CARTESIAN_POINT('Ctrl Pts',(59.0124026499689,24.1374848766149,16.8616448853525));
#6965=CARTESIAN_POINT('',(56.8100873194635,23.9678886185564,16.2287030335047));
#6966=CARTESIAN_POINT('Ctrl Pts',(56.8100873194635,23.9678886185564,16.2287030335047));
#6967=CARTESIAN_POINT('Ctrl Pts',(57.2536934668864,23.9711380533348,16.2408300891935));
#6968=CARTESIAN_POINT('Ctrl Pts',(58.0506017251735,23.9769754418036,16.2626155195426));
#6969=CARTESIAN_POINT('Ctrl Pts',(58.716972956345,24.0881823110553,16.6776452057405));
#6970=CARTESIAN_POINT('Ctrl Pts',(59.0124026499689,24.1374848766149,16.8616448853525));
#6971=CARTESIAN_POINT('',(56.8100873194635,25.8997402711346,15.7110649432996));
#6972=CARTESIAN_POINT('Ctrl Pts',(54.9554482661188,25.9421115673782,15.8691967736632));
#6973=CARTESIAN_POINT('Ctrl Pts',(54.9554482661188,24.0102599148,16.3868348638683));
#6974=CARTESIAN_POINT('Ctrl Pts',(55.3185765152368,25.9298906606576,15.8235877288677));
#6975=CARTESIAN_POINT('Ctrl Pts',(55.3185765152368,23.9980390080795,16.3412258190727));
#6976=CARTESIAN_POINT('Ctrl Pts',(55.9346696777065,25.9091563413421,15.7462061957218));
#6977=CARTESIAN_POINT('Ctrl Pts',(55.9346696777065,23.977304688764,16.2638442859268));
#6978=CARTESIAN_POINT('Ctrl Pts',(56.5552712674012,25.9024810953101,15.7212938383774));
#6979=CARTESIAN_POINT('Ctrl Pts',(56.5552712674012,23.970629442732,16.2389319285824));
#6980=CARTESIAN_POINT('Ctrl Pts',(56.8100873194635,25.8997402711346,15.7110649432996));
#6981=CARTESIAN_POINT('Ctrl Pts',(56.8100873194635,23.9678886185564,16.2287030335047));
#6982=CARTESIAN_POINT('',(54.9554482661188,24.0102599148,16.3868348638683));
#6983=CARTESIAN_POINT('Ctrl Pts',(54.9554482661188,24.0102599148,16.3868348638683));
#6984=CARTESIAN_POINT('Ctrl Pts',(55.3185765152368,23.9980390080795,16.3412258190727));
#6985=CARTESIAN_POINT('Ctrl Pts',(55.9346696777065,23.977304688764,16.2638442859268));
#6986=CARTESIAN_POINT('Ctrl Pts',(56.5552712674012,23.970629442732,16.2389319285824));
#6987=CARTESIAN_POINT('Ctrl Pts',(56.8100873194635,23.9678886185564,16.2287030335047));
#6988=CARTESIAN_POINT('',(54.9554482661188,25.9421115673782,15.8691967736632));
#6989=CARTESIAN_POINT('Origin',(54.7373810969293,26.4435071936574,17.7404307256302));
#6990=CARTESIAN_POINT('',(54.7373810969293,24.5116555410793,18.2580688158352));
#6991=CARTESIAN_POINT('',(54.9554482661188,24.0102599148,16.3868348638683));
#6992=CARTESIAN_POINT('',(54.7373810969293,26.4435071936574,17.7404307256302));
#6993=CARTESIAN_POINT('Ctrl Pts',(56.0731784068048,26.394074117552,17.5559439740304));
#6994=CARTESIAN_POINT('Ctrl Pts',(56.0731784068048,24.4622224649739,18.0735820642355));
#6995=CARTESIAN_POINT('Ctrl Pts',(55.8378256999854,26.3957862169859,17.5623336161052));
#6996=CARTESIAN_POINT('Ctrl Pts',(55.8378256999854,24.4639345644077,18.0799717063102));
#6997=CARTESIAN_POINT('Ctrl Pts',(55.3851164809263,26.3990795005351,17.5746243176348));
#6998=CARTESIAN_POINT('Ctrl Pts',(55.3851164809263,24.467227847957,18.0922624078399));
#6999=CARTESIAN_POINT('Ctrl Pts',(54.9474940714385,26.4290956994221,17.6866462969309));
#7000=CARTESIAN_POINT('Ctrl Pts',(54.9474940714385,24.4972440468439,18.204284387136));
#7001=CARTESIAN_POINT('Ctrl Pts',(54.7373810969293,26.4435071936574,17.7404307256302));
#7002=CARTESIAN_POINT('Ctrl Pts',(54.7373810969293,24.5116555410793,18.2580688158352));
#7003=CARTESIAN_POINT('',(56.0731784068048,24.4622224649739,18.0735820642355));
#7004=CARTESIAN_POINT('Ctrl Pts',(56.0731784068048,24.4622224649739,18.0735820642355));
#7005=CARTESIAN_POINT('Ctrl Pts',(55.8378256999854,24.4639345644077,18.0799717063102));
#7006=CARTESIAN_POINT('Ctrl Pts',(55.3851164809263,24.467227847957,18.0922624078399));
#7007=CARTESIAN_POINT('Ctrl Pts',(54.9474940714385,24.4972440468439,18.204284387136));
#7008=CARTESIAN_POINT('Ctrl Pts',(54.7373810969293,24.5116555410793,18.2580688158352));
#7009=CARTESIAN_POINT('',(56.0731784068048,26.394074117552,17.5559439740304));
#7010=CARTESIAN_POINT('Ctrl Pts',(56.8671647273004,26.4524035306259,17.773632307198));
#7011=CARTESIAN_POINT('Ctrl Pts',(56.8671647273004,24.5205518780478,18.291270397403));
#7012=CARTESIAN_POINT('Ctrl Pts',(56.7532086793829,26.4354132491723,17.710223713578));
#7013=CARTESIAN_POINT('Ctrl Pts',(56.7532086793829,24.5035615965941,18.227861803783));
#7014=CARTESIAN_POINT('Ctrl Pts',(56.5081175799029,26.3988713820397,17.5738476088357));
#7015=CARTESIAN_POINT('Ctrl Pts',(56.5081175799029,24.4670197294615,18.0914856990407));
#7016=CARTESIAN_POINT('Ctrl Pts',(56.2247781048394,26.39574622228,17.5621843538308));
#7017=CARTESIAN_POINT('Ctrl Pts',(56.2247781048394,24.4638945697018,18.0798224440359));
#7018=CARTESIAN_POINT('Ctrl Pts',(56.0731784068048,26.394074117552,17.5559439740304));
#7019=CARTESIAN_POINT('Ctrl Pts',(56.0731784068048,24.4622224649739,18.0735820642355));
#7020=CARTESIAN_POINT('',(56.8671647273004,24.5205518780478,18.291270397403));
#7021=CARTESIAN_POINT('Ctrl Pts',(56.8671647273004,24.5205518780478,18.291270397403));
#7022=CARTESIAN_POINT('Ctrl Pts',(56.7532086793829,24.5035615965941,18.227861803783));
#7023=CARTESIAN_POINT('Ctrl Pts',(56.5081175799029,24.4670197294615,18.0914856990407));
#7024=CARTESIAN_POINT('Ctrl Pts',(56.2247781048394,24.4638945697018,18.0798224440359));
#7025=CARTESIAN_POINT('Ctrl Pts',(56.0731784068048,24.4622224649739,18.0735820642355));
#7026=CARTESIAN_POINT('',(56.8671647273004,26.4524035306259,17.773632307198));
#7027=CARTESIAN_POINT('Ctrl Pts',(57.3816910944879,26.6609923034151,18.5520962051357));
#7028=CARTESIAN_POINT('Ctrl Pts',(57.3816910944879,24.729140650837,19.0697342953408));
#7029=CARTESIAN_POINT('Ctrl Pts',(57.3156721821094,26.6164915824944,18.386017253686));
#7030=CARTESIAN_POINT('Ctrl Pts',(57.3156721821094,24.6846399299162,18.903655343891));
#7031=CARTESIAN_POINT('Ctrl Pts',(57.1986258324649,26.5375952972836,18.0915723087508));
#7032=CARTESIAN_POINT('Ctrl Pts',(57.1986258324649,24.6057436447054,18.6092103989559));
#7033=CARTESIAN_POINT('Ctrl Pts',(56.96779678338,26.4782678703817,17.8701593372709));
#7034=CARTESIAN_POINT('Ctrl Pts',(56.96779678338,24.5464162178036,18.387797427476));
#7035=CARTESIAN_POINT('Ctrl Pts',(56.8671647273004,26.4524035306259,17.773632307198));
#7036=CARTESIAN_POINT('Ctrl Pts',(56.8671647273004,24.5205518780478,18.291270397403));
#7037=CARTESIAN_POINT('',(57.3816910944879,24.729140650837,19.0697342953408));
#7038=CARTESIAN_POINT('Ctrl Pts',(57.3816910944879,24.729140650837,19.0697342953408));
#7039=CARTESIAN_POINT('Ctrl Pts',(57.3156721821094,24.6846399299162,18.903655343891));
#7040=CARTESIAN_POINT('Ctrl Pts',(57.1986258324649,24.6057436447054,18.6092103989559));
#7041=CARTESIAN_POINT('Ctrl Pts',(56.96779678338,24.5464162178036,18.387797427476));
#7042=CARTESIAN_POINT('Ctrl Pts',(56.8671647273004,24.5205518780478,18.291270397403));
#7043=CARTESIAN_POINT('',(57.3816910944879,26.6609923034151,18.5520962051357));
#7044=CARTESIAN_POINT('Origin',(54.3417445383966,28.5355986618361,25.5482223789543));
#7045=CARTESIAN_POINT('',(57.3816910944879,24.729140650837,19.0697342953408));
#7046=CARTESIAN_POINT('Origin',(32.4999994598329,25.6424443304603,22.4782300304345));
#7047=CARTESIAN_POINT('Ctrl Pts',(40.2489796839654,27.4568917330813,21.522433314365));
#7048=CARTESIAN_POINT('Ctrl Pts',(40.2489796839654,25.5250400805032,22.0400714045701));
#7049=CARTESIAN_POINT('Ctrl Pts',(40.452650440016,27.4708265758765,21.5744388556721));
#7050=CARTESIAN_POINT('Ctrl Pts',(40.452650440016,25.5389749232983,22.0920769458771));
#7051=CARTESIAN_POINT('Ctrl Pts',(40.8548594057413,27.4983451004642,21.6771393875829));
#7052=CARTESIAN_POINT('Ctrl Pts',(40.8548594057413,25.5664934478861,22.194777477788));
#7053=CARTESIAN_POINT('Ctrl Pts',(41.2484294790757,27.5332382343395,21.8073623360406));
#7054=CARTESIAN_POINT('Ctrl Pts',(41.2484294790757,25.6013865817613,22.3250004262456));
#7055=CARTESIAN_POINT('Ctrl Pts',(41.4427033625543,27.5504621674684,21.8716429295841));
#7056=CARTESIAN_POINT('Ctrl Pts',(41.4427033625543,25.6186105148903,22.3892810197891));
#7057=CARTESIAN_POINT('',(41.4427033625543,27.5504621674684,21.8716429295841));
#7058=CARTESIAN_POINT('',(40.2489796839654,27.4568917330813,21.522433314365));
#7059=CARTESIAN_POINT('Ctrl Pts',(41.4427033625543,27.5504621674684,21.8716429295841));
#7060=CARTESIAN_POINT('Ctrl Pts',(41.2484294790757,27.5332382343395,21.8073623360406));
#7061=CARTESIAN_POINT('Ctrl Pts',(40.8548594057413,27.4983451004642,21.6771393875829));
#7062=CARTESIAN_POINT('Ctrl Pts',(40.452650440016,27.4708265758765,21.5744388556721));
#7063=CARTESIAN_POINT('Ctrl Pts',(40.2489796839654,27.4568917330813,21.522433314365));
#7064=CARTESIAN_POINT('',(41.4427033625543,25.6186105148903,22.3892810197891));
#7065=CARTESIAN_POINT('',(41.4427033625543,27.5504621674684,21.8716429295841));
#7066=CARTESIAN_POINT('',(40.2489796839654,25.5250400805032,22.0400714045701));
#7067=CARTESIAN_POINT('Ctrl Pts',(40.2489796839654,25.5250400805032,22.0400714045701));
#7068=CARTESIAN_POINT('Ctrl Pts',(40.452650440016,25.5389749232983,22.0920769458771));
#7069=CARTESIAN_POINT('Ctrl Pts',(40.8548594057413,25.5664934478861,22.194777477788));
#7070=CARTESIAN_POINT('Ctrl Pts',(41.2484294790757,25.6013865817613,22.3250004262456));
#7071=CARTESIAN_POINT('Ctrl Pts',(41.4427033625543,25.6186105148903,22.3892810197891));
#7072=CARTESIAN_POINT('',(40.2489796839654,27.4568917330813,21.522433314365));
#7073=CARTESIAN_POINT('Ctrl Pts',(39.1780368052423,27.3421356505724,21.0941577839642));
#7074=CARTESIAN_POINT('Ctrl Pts',(39.1780368052423,25.4102839979943,21.6117958741692));
#7075=CARTESIAN_POINT('Ctrl Pts',(39.3024287866363,27.3624933960342,21.1701339243553));
#7076=CARTESIAN_POINT('Ctrl Pts',(39.3024287866363,25.4306417434561,21.6877720145603));
#7077=CARTESIAN_POINT('Ctrl Pts',(39.6323476681835,27.416487267169,21.3716417947276));
#7078=CARTESIAN_POINT('Ctrl Pts',(39.6323476681835,25.4846356145909,21.8892798849327));
#7079=CARTESIAN_POINT('Ctrl Pts',(40.0122900487676,27.4413827778984,21.4645531056499));
#7080=CARTESIAN_POINT('Ctrl Pts',(40.0122900487676,25.5095311253202,21.9821911958549));
#7081=CARTESIAN_POINT('Ctrl Pts',(40.2489796839654,27.4568917330813,21.522433314365));
#7082=CARTESIAN_POINT('Ctrl Pts',(40.2489796839654,25.5250400805032,22.0400714045701));
#7083=CARTESIAN_POINT('',(39.1780368052423,27.3421356505724,21.0941577839642));
#7084=CARTESIAN_POINT('Ctrl Pts',(40.2489796839654,27.4568917330813,21.522433314365));
#7085=CARTESIAN_POINT('Ctrl Pts',(40.0122900487676,27.4413827778984,21.4645531056499));
#7086=CARTESIAN_POINT('Ctrl Pts',(39.6323476681835,27.416487267169,21.3716417947276));
#7087=CARTESIAN_POINT('Ctrl Pts',(39.3024287866363,27.3624933960342,21.1701339243553));
#7088=CARTESIAN_POINT('Ctrl Pts',(39.1780368052423,27.3421356505724,21.0941577839642));
#7089=CARTESIAN_POINT('',(39.1780368052423,25.4102839979943,21.6117958741692));
#7090=CARTESIAN_POINT('Ctrl Pts',(39.1780368052423,25.4102839979943,21.6117958741692));
#7091=CARTESIAN_POINT('Ctrl Pts',(39.3024287866363,25.4306417434561,21.6877720145603));
#7092=CARTESIAN_POINT('Ctrl Pts',(39.6323476681835,25.4846356145909,21.8892798849327));
#7093=CARTESIAN_POINT('Ctrl Pts',(40.0122900487676,25.5095311253202,21.9821911958549));
#7094=CARTESIAN_POINT('Ctrl Pts',(40.2489796839654,25.5250400805032,22.0400714045701));
#7095=CARTESIAN_POINT('',(39.1780368052423,27.3421356505724,21.0941577839642));
#7096=CARTESIAN_POINT('Ctrl Pts',(38.9461127482355,27.2097248098726,20.5999937989996));
#7097=CARTESIAN_POINT('Ctrl Pts',(38.9461127482355,25.2778731572945,21.1176318892047));
#7098=CARTESIAN_POINT('Ctrl Pts',(38.9570252602403,27.2340860609994,20.6909112259409));
#7099=CARTESIAN_POINT('Ctrl Pts',(38.9570252602403,25.3022344084213,21.208549316146));
#7100=CARTESIAN_POINT('Ctrl Pts',(38.9796174004909,27.2845210847494,20.8791372970567));
#7101=CARTESIAN_POINT('Ctrl Pts',(38.9796174004909,25.3526694321713,21.3967753872617));
#7102=CARTESIAN_POINT('Ctrl Pts',(39.1104165747753,27.3225009267202,21.0208799969552));
#7103=CARTESIAN_POINT('Ctrl Pts',(39.1104165747753,25.3906492741421,21.5385180871603));
#7104=CARTESIAN_POINT('Ctrl Pts',(39.1780368052423,27.3421356505724,21.0941577839642));
#7105=CARTESIAN_POINT('Ctrl Pts',(39.1780368052423,25.4102839979943,21.6117958741692));
#7106=CARTESIAN_POINT('',(38.9461127482355,27.2097248098726,20.5999937989996));
#7107=CARTESIAN_POINT('Ctrl Pts',(39.1780368052423,27.3421356505724,21.0941577839642));
#7108=CARTESIAN_POINT('Ctrl Pts',(39.1104165747753,27.3225009267202,21.0208799969552));
#7109=CARTESIAN_POINT('Ctrl Pts',(38.9796174004909,27.2845210847494,20.8791372970567));
#7110=CARTESIAN_POINT('Ctrl Pts',(38.9570252602403,27.2340860609994,20.6909112259409));
#7111=CARTESIAN_POINT('Ctrl Pts',(38.9461127482355,27.2097248098726,20.5999937989996));
#7112=CARTESIAN_POINT('',(38.9461127482355,25.2778731572945,21.1176318892047));
#7113=CARTESIAN_POINT('Ctrl Pts',(38.9461127482355,25.2778731572945,21.1176318892047));
#7114=CARTESIAN_POINT('Ctrl Pts',(38.9570252602403,25.3022344084213,21.208549316146));
#7115=CARTESIAN_POINT('Ctrl Pts',(38.9796174004909,25.3526694321713,21.3967753872617));
#7116=CARTESIAN_POINT('Ctrl Pts',(39.1104165747753,25.3906492741421,21.5385180871603));
#7117=CARTESIAN_POINT('Ctrl Pts',(39.1780368052423,25.4102839979943,21.6117958741692));
#7118=CARTESIAN_POINT('',(38.9461127482355,27.2097248098726,20.5999937989996));
#7119=CARTESIAN_POINT('Ctrl Pts',(39.1746274195611,27.0711349117937,20.0827692579534));
#7120=CARTESIAN_POINT('Ctrl Pts',(39.1746274195611,25.1392832592156,20.6004073481585));
#7121=CARTESIAN_POINT('Ctrl Pts',(39.1079829735547,27.0905968604957,20.1554022393236));
#7122=CARTESIAN_POINT('Ctrl Pts',(39.1079829735547,25.1587452079176,20.6730403295287));
#7123=CARTESIAN_POINT('Ctrl Pts',(38.972463186772,27.1301722384382,20.3030995605338));
#7124=CARTESIAN_POINT('Ctrl Pts',(38.972463186772,25.1983205858601,20.8207376507388));
#7125=CARTESIAN_POINT('Ctrl Pts',(38.9549920960726,27.1829178574143,20.4999488904293));
#7126=CARTESIAN_POINT('Ctrl Pts',(38.9549920960726,25.2510662048362,21.0175869806344));
#7127=CARTESIAN_POINT('Ctrl Pts',(38.9461127482355,27.2097248098726,20.5999937989996));
#7128=CARTESIAN_POINT('Ctrl Pts',(38.9461127482355,25.2778731572945,21.1176318892047));
#7129=CARTESIAN_POINT('',(39.1746274195611,27.0711349117937,20.0827692579534));
#7130=CARTESIAN_POINT('Ctrl Pts',(38.9461127482355,27.2097248098726,20.5999937989996));
#7131=CARTESIAN_POINT('Ctrl Pts',(38.9549920960726,27.1829178574143,20.4999488904293));
#7132=CARTESIAN_POINT('Ctrl Pts',(38.972463186772,27.1301722384382,20.3030995605338));
#7133=CARTESIAN_POINT('Ctrl Pts',(39.1079829735547,27.0905968604957,20.1554022393236));
#7134=CARTESIAN_POINT('Ctrl Pts',(39.1746274195611,27.0711349117937,20.0827692579534));
#7135=CARTESIAN_POINT('',(39.1746274195611,25.1392832592156,20.6004073481585));
#7136=CARTESIAN_POINT('Ctrl Pts',(39.1746274195611,25.1392832592156,20.6004073481585));
#7137=CARTESIAN_POINT('Ctrl Pts',(39.1079829735547,25.1587452079176,20.6730403295287));
#7138=CARTESIAN_POINT('Ctrl Pts',(38.972463186772,25.1983205858601,20.8207376507388));
#7139=CARTESIAN_POINT('Ctrl Pts',(38.9549920960726,25.2510662048362,21.0175869806344));
#7140=CARTESIAN_POINT('Ctrl Pts',(38.9461127482355,25.2778731572945,21.1176318892047));
#7141=CARTESIAN_POINT('',(39.1746274195611,27.0711349117937,20.0827692579534));
#7142=CARTESIAN_POINT('Ctrl Pts',(39.8465195856988,27.0172879147383,19.8818095291077));
#7143=CARTESIAN_POINT('Ctrl Pts',(39.8465195856988,25.0854362621602,20.3994476193128));
#7144=CARTESIAN_POINT('Ctrl Pts',(39.7124551425944,27.0185003476194,19.8863343902205));
#7145=CARTESIAN_POINT('Ctrl Pts',(39.7124551425944,25.0866486950412,20.4039724804255));
#7146=CARTESIAN_POINT('Ctrl Pts',(39.4684115006766,27.0207073946858,19.8945712020071));
#7147=CARTESIAN_POINT('Ctrl Pts',(39.4684115006766,25.0888557421077,20.4122092922122));
#7148=CARTESIAN_POINT('Ctrl Pts',(39.2658931068215,27.0554693182455,20.0243044669008));
#7149=CARTESIAN_POINT('Ctrl Pts',(39.2658931068215,25.1236176656674,20.5419425571058));
#7150=CARTESIAN_POINT('Ctrl Pts',(39.1746274195611,27.0711349117937,20.0827692579534));
#7151=CARTESIAN_POINT('Ctrl Pts',(39.1746274195611,25.1392832592156,20.6004073481585));
#7152=CARTESIAN_POINT('',(39.8465195856988,27.0172879147383,19.8818095291077));
#7153=CARTESIAN_POINT('Ctrl Pts',(39.1746274195611,27.0711349117937,20.0827692579534));
#7154=CARTESIAN_POINT('Ctrl Pts',(39.2658931068215,27.0554693182455,20.0243044669008));
#7155=CARTESIAN_POINT('Ctrl Pts',(39.4684115006766,27.0207073946858,19.8945712020071));
#7156=CARTESIAN_POINT('Ctrl Pts',(39.7124551425944,27.0185003476194,19.8863343902205));
#7157=CARTESIAN_POINT('Ctrl Pts',(39.8465195856988,27.0172879147383,19.8818095291077));
#7158=CARTESIAN_POINT('',(39.8465195856988,25.0854362621602,20.3994476193128));
#7159=CARTESIAN_POINT('Ctrl Pts',(39.8465195856988,25.0854362621602,20.3994476193128));
#7160=CARTESIAN_POINT('Ctrl Pts',(39.7124551425944,25.0866486950412,20.4039724804255));
#7161=CARTESIAN_POINT('Ctrl Pts',(39.4684115006766,25.0888557421077,20.4122092922122));
#7162=CARTESIAN_POINT('Ctrl Pts',(39.2658931068215,25.1236176656674,20.5419425571058));
#7163=CARTESIAN_POINT('Ctrl Pts',(39.1746274195611,25.1392832592156,20.6004073481585));
#7164=CARTESIAN_POINT('',(39.8465195856988,27.0172879147383,19.8818095291077));
#7165=CARTESIAN_POINT('Ctrl Pts',(40.7094136439264,27.0755485242073,20.099241083726));
#7166=CARTESIAN_POINT('Ctrl Pts',(40.7094136439264,25.1436968716292,20.6168791739311));
#7167=CARTESIAN_POINT('Ctrl Pts',(40.5734483198715,27.0585558586865,20.0358235926462));
#7168=CARTESIAN_POINT('Ctrl Pts',(40.5734483198715,25.1267042061084,20.5534616828513));
#7169=CARTESIAN_POINT('Ctrl Pts',(40.3006344238598,27.0244601411454,19.9085766424622));
#7170=CARTESIAN_POINT('Ctrl Pts',(40.3006344238598,25.0926084885672,20.4262147326673));
#7171=CARTESIAN_POINT('Ctrl Pts',(39.9982175613881,27.0196838114052,19.8907511371983));
#7172=CARTESIAN_POINT('Ctrl Pts',(39.9982175613881,25.0878321588271,20.4083892274033));
#7173=CARTESIAN_POINT('Ctrl Pts',(39.8465195856988,27.0172879147383,19.8818095291077));
#7174=CARTESIAN_POINT('Ctrl Pts',(39.8465195856988,25.0854362621602,20.3994476193128));
#7175=CARTESIAN_POINT('',(40.7094136439264,27.0755485242073,20.099241083726));
#7176=CARTESIAN_POINT('Ctrl Pts',(39.8465195856988,27.0172879147383,19.8818095291077));
#7177=CARTESIAN_POINT('Ctrl Pts',(39.9982175613881,27.0196838114052,19.8907511371983));
#7178=CARTESIAN_POINT('Ctrl Pts',(40.3006344238598,27.0244601411454,19.9085766424622));
#7179=CARTESIAN_POINT('Ctrl Pts',(40.5734483198715,27.0585558586865,20.0358235926462));
#7180=CARTESIAN_POINT('Ctrl Pts',(40.7094136439264,27.0755485242073,20.099241083726));
#7181=CARTESIAN_POINT('',(40.7094136439264,25.1436968716292,20.6168791739311));
#7182=CARTESIAN_POINT('Ctrl Pts',(40.7094136439264,25.1436968716292,20.6168791739311));
#7183=CARTESIAN_POINT('Ctrl Pts',(40.5734483198715,25.1267042061084,20.5534616828513));
#7184=CARTESIAN_POINT('Ctrl Pts',(40.3006344238598,25.0926084885672,20.4262147326673));
#7185=CARTESIAN_POINT('Ctrl Pts',(39.9982175613881,25.0878321588271,20.4083892274033));
#7186=CARTESIAN_POINT('Ctrl Pts',(39.8465195856988,25.0854362621602,20.3994476193128));
#7187=CARTESIAN_POINT('',(40.7094136439264,27.0755485242073,20.099241083726));
#7188=CARTESIAN_POINT('Ctrl Pts',(41.2755814753473,27.2176693122171,20.6296430853903));
#7189=CARTESIAN_POINT('Ctrl Pts',(41.2755814753473,25.285817659639,21.1472811755954));
#7190=CARTESIAN_POINT('Ctrl Pts',(41.2065749437997,27.1902689432666,20.5273835163208));
#7191=CARTESIAN_POINT('Ctrl Pts',(41.2065749437997,25.2584172906885,21.0450216065258));
#7192=CARTESIAN_POINT('Ctrl Pts',(41.059664935414,27.1319355023296,20.3096801509636));
#7193=CARTESIAN_POINT('Ctrl Pts',(41.059664935414,25.2000838497515,20.8273182411687));
#7194=CARTESIAN_POINT('Ctrl Pts',(40.8307844475807,27.0950880177557,20.1721634664028));
#7195=CARTESIAN_POINT('Ctrl Pts',(40.8307844475807,25.1632363651776,20.6898015566078));
#7196=CARTESIAN_POINT('Ctrl Pts',(40.7094136439264,27.0755485242073,20.099241083726));
#7197=CARTESIAN_POINT('Ctrl Pts',(40.7094136439264,25.1436968716292,20.6168791739311));
#7198=CARTESIAN_POINT('',(41.2755814753473,27.2176693122171,20.6296430853903));
#7199=CARTESIAN_POINT('Ctrl Pts',(40.7094136439264,27.0755485242073,20.099241083726));
#7200=CARTESIAN_POINT('Ctrl Pts',(40.8307844475807,27.0950880177557,20.1721634664028));
#7201=CARTESIAN_POINT('Ctrl Pts',(41.059664935414,27.1319355023296,20.3096801509636));
#7202=CARTESIAN_POINT('Ctrl Pts',(41.2065749437997,27.1902689432666,20.5273835163208));
#7203=CARTESIAN_POINT('Ctrl Pts',(41.2755814753473,27.2176693122171,20.6296430853903));
#7204=CARTESIAN_POINT('',(41.2755814753473,25.285817659639,21.1472811755954));
#7205=CARTESIAN_POINT('Ctrl Pts',(41.2755814753473,25.285817659639,21.1472811755954));
#7206=CARTESIAN_POINT('Ctrl Pts',(41.2065749437997,25.2584172906885,21.0450216065258));
#7207=CARTESIAN_POINT('Ctrl Pts',(41.059664935414,25.2000838497515,20.8273182411687));
#7208=CARTESIAN_POINT('Ctrl Pts',(40.8307844475807,25.1632363651776,20.6898015566078));
#7209=CARTESIAN_POINT('Ctrl Pts',(40.7094136439264,25.1436968716292,20.6168791739311));
#7210=CARTESIAN_POINT('',(41.2755814753473,27.2176693122171,20.6296430853903));
#7211=CARTESIAN_POINT('Ctrl Pts',(41.4427033625543,27.4357060849595,21.4433673991832));
#7212=CARTESIAN_POINT('Ctrl Pts',(41.4427033625543,25.5038544323814,21.9610054893883));
#7213=CARTESIAN_POINT('Ctrl Pts',(41.438648592607,27.3946381588083,21.2900998122253));
#7214=CARTESIAN_POINT('Ctrl Pts',(41.438648592607,25.4627865062301,21.8077379024303));
#7215=CARTESIAN_POINT('Ctrl Pts',(41.4312142279982,27.3193406843029,21.0090858116895));
#7216=CARTESIAN_POINT('Ctrl Pts',(41.4312142279982,25.3874890317247,21.5267239018945));
#7217=CARTESIAN_POINT('Ctrl Pts',(41.3242200550628,27.2494438008883,20.7482270914957));
#7218=CARTESIAN_POINT('Ctrl Pts',(41.3242200550628,25.3175921483102,21.2658651817008));
#7219=CARTESIAN_POINT('Ctrl Pts',(41.2755814753473,27.2176693122171,20.6296430853903));
#7220=CARTESIAN_POINT('Ctrl Pts',(41.2755814753473,25.285817659639,21.1472811755954));
#7221=CARTESIAN_POINT('',(41.4427033625543,27.4357060849595,21.4433673991832));
#7222=CARTESIAN_POINT('Ctrl Pts',(41.2755814753473,27.2176693122171,20.6296430853903));
#7223=CARTESIAN_POINT('Ctrl Pts',(41.3242200550628,27.2494438008883,20.7482270914957));
#7224=CARTESIAN_POINT('Ctrl Pts',(41.4312142279982,27.3193406843029,21.0090858116895));
#7225=CARTESIAN_POINT('Ctrl Pts',(41.438648592607,27.3946381588083,21.2900998122253));
#7226=CARTESIAN_POINT('Ctrl Pts',(41.4427033625543,27.4357060849595,21.4433673991832));
#7227=CARTESIAN_POINT('',(41.4427033625543,25.5038544323814,21.9610054893883));
#7228=CARTESIAN_POINT('Ctrl Pts',(41.4427033625543,25.5038544323814,21.9610054893883));
#7229=CARTESIAN_POINT('Ctrl Pts',(41.438648592607,25.4627865062301,21.8077379024303));
#7230=CARTESIAN_POINT('Ctrl Pts',(41.4312142279982,25.3874890317247,21.5267239018945));
#7231=CARTESIAN_POINT('Ctrl Pts',(41.3242200550628,25.3175921483102,21.2658651817008));
#7232=CARTESIAN_POINT('Ctrl Pts',(41.2755814753473,25.285817659639,21.1472811755954));
#7233=CARTESIAN_POINT('',(41.4427033625543,27.4357060849595,21.4433673991832));
#7234=CARTESIAN_POINT('Origin',(41.4427033625543,27.5504621674684,21.8716429295841));
#7235=CARTESIAN_POINT('',(41.4427033625543,32.1660903775362,39.0974019184051));
#7236=CARTESIAN_POINT('',(41.4427033625543,25.5038544323814,21.9610054893883));
#7237=CARTESIAN_POINT('Origin',(36.3813105784357,28.0006589641405,23.5518002481689));
#7238=CARTESIAN_POINT('',(39.0347901545465,25.996422525297,23.7992946383367));
#7239=CARTESIAN_POINT('',(39.0347901545465,27.9282741778752,23.2816565481317));
#7240=CARTESIAN_POINT('',(36.3813105784357,26.0688073115624,24.069438338374));
#7241=CARTESIAN_POINT('',(39.0347901545465,25.996422525297,23.7992946383367));
#7242=CARTESIAN_POINT('',(36.3813105784357,28.0006589641405,23.5518002481689));
#7243=CARTESIAN_POINT('Ctrl Pts',(36.8144646845758,28.2840181262137,24.6093110378163));
#7244=CARTESIAN_POINT('Ctrl Pts',(36.8144646845758,26.3521664736356,25.1269491280214));
#7245=CARTESIAN_POINT('Ctrl Pts',(36.7237648295006,28.2439727014273,24.4598594779026));
#7246=CARTESIAN_POINT('Ctrl Pts',(36.7237648295006,26.3121210488491,24.9774975681077));
#7247=CARTESIAN_POINT('Ctrl Pts',(36.5232239967665,28.1554307425982,24.1294163889509));
#7248=CARTESIAN_POINT('Ctrl Pts',(36.5232239967665,26.2235790900201,24.647054479156));
#7249=CARTESIAN_POINT('Ctrl Pts',(36.4315322992016,28.055431128264,23.7562127475185));
#7250=CARTESIAN_POINT('Ctrl Pts',(36.4315322992016,26.1235794756859,24.2738508377235));
#7251=CARTESIAN_POINT('Ctrl Pts',(36.3813105784357,28.0006589641405,23.5518002481689));
#7252=CARTESIAN_POINT('Ctrl Pts',(36.3813105784357,26.0688073115624,24.069438338374));
#7253=CARTESIAN_POINT('',(36.8144646845758,26.3521664736356,25.1269491280214));
#7254=CARTESIAN_POINT('Ctrl Pts',(36.8144646845758,26.3521664736356,25.1269491280214));
#7255=CARTESIAN_POINT('Ctrl Pts',(36.7237648295006,26.3121210488491,24.9774975681077));
#7256=CARTESIAN_POINT('Ctrl Pts',(36.5232239967665,26.2235790900201,24.647054479156));
#7257=CARTESIAN_POINT('Ctrl Pts',(36.4315322992016,26.1235794756859,24.2738508377235));
#7258=CARTESIAN_POINT('Ctrl Pts',(36.3813105784357,26.0688073115624,24.069438338374));
#7259=CARTESIAN_POINT('',(36.8144646845758,28.2840181262137,24.6093110378163));
#7260=CARTESIAN_POINT('Ctrl Pts',(37.6296035014093,28.4632138755707,25.2780786789171));
#7261=CARTESIAN_POINT('Ctrl Pts',(37.6296035014093,26.5313622229926,25.7957167691221));
#7262=CARTESIAN_POINT('Ctrl Pts',(37.4656494665022,28.437839296495,25.183379460586));
#7263=CARTESIAN_POINT('Ctrl Pts',(37.4656494665022,26.5059876439169,25.701017550791));
#7264=CARTESIAN_POINT('Ctrl Pts',(37.1551300537747,28.3897813185547,25.0040246452038));
#7265=CARTESIAN_POINT('Ctrl Pts',(37.1551300537747,26.4579296659766,25.5216627354088));
#7266=CARTESIAN_POINT('Ctrl Pts',(36.9236998846513,28.3179313575561,24.7358769402351));
#7267=CARTESIAN_POINT('Ctrl Pts',(36.9236998846513,26.386079704978,25.2535150304402));
#7268=CARTESIAN_POINT('Ctrl Pts',(36.8144646845758,28.2840181262137,24.6093110378163));
#7269=CARTESIAN_POINT('Ctrl Pts',(36.8144646845758,26.3521664736356,25.1269491280214));
#7270=CARTESIAN_POINT('',(37.6296035014093,26.5313622229926,25.7957167691221));
#7271=CARTESIAN_POINT('Ctrl Pts',(37.6296035014093,26.5313622229926,25.7957167691221));
#7272=CARTESIAN_POINT('Ctrl Pts',(37.4656494665022,26.5059876439169,25.701017550791));
#7273=CARTESIAN_POINT('Ctrl Pts',(37.1551300537747,26.4579296659766,25.5216627354088));
#7274=CARTESIAN_POINT('Ctrl Pts',(36.9236998846513,26.386079704978,25.2535150304402));
#7275=CARTESIAN_POINT('Ctrl Pts',(36.8144646845758,26.3521664736356,25.1269491280214));
#7276=CARTESIAN_POINT('',(37.6296035014093,28.4632138755707,25.2780786789171));
#7277=CARTESIAN_POINT('Ctrl Pts',(38.6800805293024,28.5479570851306,25.5943446425909));
#7278=CARTESIAN_POINT('Ctrl Pts',(38.6800805293024,26.6161054325524,26.111982732796));
#7279=CARTESIAN_POINT('Ctrl Pts',(38.4783161190491,28.538154923933,25.5577624789775));
#7280=CARTESIAN_POINT('Ctrl Pts',(38.4783161190491,26.6063032713549,26.0754005691826));
#7281=CARTESIAN_POINT('Ctrl Pts',(38.1149912762552,28.5205037996753,25.4918875864372));
#7282=CARTESIAN_POINT('Ctrl Pts',(38.1149912762552,26.5886521470972,26.0095256766422));
#7283=CARTESIAN_POINT('Ctrl Pts',(37.779006547254,28.4808477955024,25.3438893640386));
#7284=CARTESIAN_POINT('Ctrl Pts',(37.779006547254,26.5489961429242,25.8615274542437));
#7285=CARTESIAN_POINT('Ctrl Pts',(37.6296035014093,28.4632138755707,25.2780786789171));
#7286=CARTESIAN_POINT('Ctrl Pts',(37.6296035014093,26.5313622229926,25.7957167691221));
#7287=CARTESIAN_POINT('',(38.6800805293024,26.6161054325524,26.111982732796));
#7288=CARTESIAN_POINT('Ctrl Pts',(38.6800805293024,26.6161054325525,26.111982732796));
#7289=CARTESIAN_POINT('Ctrl Pts',(38.4783161190491,26.6063032713549,26.0754005691826));
#7290=CARTESIAN_POINT('Ctrl Pts',(38.1149912762552,26.5886521470972,26.0095256766422));
#7291=CARTESIAN_POINT('Ctrl Pts',(37.779006547254,26.5489961429243,25.8615274542437));
#7292=CARTESIAN_POINT('Ctrl Pts',(37.6296035014093,26.5313622229926,25.7957167691221));
#7293=CARTESIAN_POINT('',(38.6800805293024,28.5479570851306,25.5943446425909));
#7294=CARTESIAN_POINT('Ctrl Pts',(40.1261941157281,28.577970266616,25.7063553607913));
#7295=CARTESIAN_POINT('Ctrl Pts',(40.1261941157281,26.6461186140378,26.2239934509963));
#7296=CARTESIAN_POINT('Ctrl Pts',(39.8756288046326,28.5769000818405,25.7023613768356));
#7297=CARTESIAN_POINT('Ctrl Pts',(39.8756288046326,26.6450484292624,26.2199994670407));
#7298=CARTESIAN_POINT('Ctrl Pts',(39.3910871964971,28.5748305653146,25.694637836014));
#7299=CARTESIAN_POINT('Ctrl Pts',(39.3910871964971,26.6429789127365,26.212275926219));
#7300=CARTESIAN_POINT('Ctrl Pts',(38.9116108863925,28.5567080951426,25.6270038565735));
#7301=CARTESIAN_POINT('Ctrl Pts',(38.9116108863925,26.6248564425645,26.1446419467785));
#7302=CARTESIAN_POINT('Ctrl Pts',(38.6800805293024,28.5479570851306,25.5943446425909));
#7303=CARTESIAN_POINT('Ctrl Pts',(38.6800805293024,26.6161054325524,26.111982732796));
#7304=CARTESIAN_POINT('',(40.1261941157281,26.6461186140378,26.2239934509963));
#7305=CARTESIAN_POINT('Ctrl Pts',(40.1261941157281,26.6461186140379,26.2239934509963));
#7306=CARTESIAN_POINT('Ctrl Pts',(39.8756288046326,26.6450484292624,26.2199994670407));
#7307=CARTESIAN_POINT('Ctrl Pts',(39.3910871964971,26.6429789127365,26.212275926219));
#7308=CARTESIAN_POINT('Ctrl Pts',(38.9116108863925,26.6248564425645,26.1446419467785));
#7309=CARTESIAN_POINT('Ctrl Pts',(38.6800805293024,26.6161054325525,26.111982732796));
#7310=CARTESIAN_POINT('',(40.1261941157281,28.577970266616,25.7063553607913));
#7311=CARTESIAN_POINT('Ctrl Pts',(42.1316519938409,28.5417777192152,25.571282935036));
#7312=CARTESIAN_POINT('Ctrl Pts',(42.1316519938409,26.609926066637,26.088921025241));
#7313=CARTESIAN_POINT('Ctrl Pts',(41.8387625171402,28.552295581999,25.6105361333323));
#7314=CARTESIAN_POINT('Ctrl Pts',(41.8387625171402,26.6204439294209,26.1281742235374));
#7315=CARTESIAN_POINT('Ctrl Pts',(41.1737003853197,28.5761784210959,25.699668102271));
#7316=CARTESIAN_POINT('Ctrl Pts',(41.1737003853197,26.6443267685178,26.2173061924761));
#7317=CARTESIAN_POINT('Ctrl Pts',(40.5020523057128,28.5773273303077,25.7039558898226));
#7318=CARTESIAN_POINT('Ctrl Pts',(40.5020523057128,26.6454756777295,26.2215939800276));
#7319=CARTESIAN_POINT('Ctrl Pts',(40.1261941157281,28.577970266616,25.7063553607913));
#7320=CARTESIAN_POINT('Ctrl Pts',(40.1261941157281,26.6461186140378,26.2239934509963));
#7321=CARTESIAN_POINT('',(42.1316519938409,26.609926066637,26.088921025241));
#7322=CARTESIAN_POINT('Ctrl Pts',(42.1316519938409,26.609926066637,26.088921025241));
#7323=CARTESIAN_POINT('Ctrl Pts',(41.8387625171402,26.6204439294209,26.1281742235374));
#7324=CARTESIAN_POINT('Ctrl Pts',(41.1737003853197,26.6443267685178,26.2173061924761));
#7325=CARTESIAN_POINT('Ctrl Pts',(40.5020523057128,26.6454756777295,26.2215939800276));
#7326=CARTESIAN_POINT('Ctrl Pts',(40.1261941157281,26.6461186140379,26.2239934509963));
#7327=CARTESIAN_POINT('',(42.1316519938409,28.5417777192152,25.571282935036));
#7328=CARTESIAN_POINT('Ctrl Pts',(43.3935872279108,28.3908293978417,25.0079361303532));
#7329=CARTESIAN_POINT('Ctrl Pts',(43.3935872279108,26.4589777452636,25.5255742205582));
#7330=CARTESIAN_POINT('Ctrl Pts',(43.2105668389831,28.4260014777447,25.1392001195589));
#7331=CARTESIAN_POINT('Ctrl Pts',(43.2105668389831,26.4941498251666,25.6568382097639));
#7332=CARTESIAN_POINT('Ctrl Pts',(42.8308896594619,28.498966223223,25.4115082568453));
#7333=CARTESIAN_POINT('Ctrl Pts',(42.8308896594619,26.5671145706449,25.9291463470503));
#7334=CARTESIAN_POINT('Ctrl Pts',(42.3702460075788,28.5271695721357,25.516764587931));
#7335=CARTESIAN_POINT('Ctrl Pts',(42.3702460075788,26.5953179195576,26.0344026781361));
#7336=CARTESIAN_POINT('Ctrl Pts',(42.1316519938409,28.5417777192152,25.571282935036));
#7337=CARTESIAN_POINT('Ctrl Pts',(42.1316519938409,26.609926066637,26.088921025241));
#7338=CARTESIAN_POINT('',(43.3935872279108,26.4589777452636,25.5255742205582));
#7339=CARTESIAN_POINT('Ctrl Pts',(43.3935872279108,26.4589777452636,25.5255742205582));
#7340=CARTESIAN_POINT('Ctrl Pts',(43.2105668389831,26.4941498251666,25.6568382097639));
#7341=CARTESIAN_POINT('Ctrl Pts',(42.8308896594619,26.5671145706449,25.9291463470503));
#7342=CARTESIAN_POINT('Ctrl Pts',(42.3702460075788,26.5953179195576,26.0344026781361));
#7343=CARTESIAN_POINT('Ctrl Pts',(42.1316519938409,26.609926066637,26.088921025241));
#7344=CARTESIAN_POINT('',(43.3935872279108,28.3908293978417,25.0079361303532));
#7345=CARTESIAN_POINT('Ctrl Pts',(43.9529315195978,28.1657311537739,24.1678580467974));
#7346=CARTESIAN_POINT('Ctrl Pts',(43.9529315195978,26.2338795011957,24.6854961370024));
#7347=CARTESIAN_POINT('Ctrl Pts',(43.8826936188846,28.2105406062471,24.3350892000867));
#7348=CARTESIAN_POINT('Ctrl Pts',(43.8826936188846,26.2786889536689,24.8527272902917));
#7349=CARTESIAN_POINT('Ctrl Pts',(43.7506337980222,28.2947903945589,24.6495136905933));
#7350=CARTESIAN_POINT('Ctrl Pts',(43.7506337980222,26.3629387419808,25.1671517807984));
#7351=CARTESIAN_POINT('Ctrl Pts',(43.5074365488,28.3602060108163,24.8936480940744));
#7352=CARTESIAN_POINT('Ctrl Pts',(43.5074365488,26.4283543582382,25.4112861842795));
#7353=CARTESIAN_POINT('Ctrl Pts',(43.3935872279108,28.3908293978417,25.0079361303532));
#7354=CARTESIAN_POINT('Ctrl Pts',(43.3935872279108,26.4589777452636,25.5255742205582));
#7355=CARTESIAN_POINT('',(43.9529315195978,26.2338795011957,24.6854961370024));
#7356=CARTESIAN_POINT('Ctrl Pts',(43.9529315195978,26.2338795011958,24.6854961370024));
#7357=CARTESIAN_POINT('Ctrl Pts',(43.8826936188846,26.2786889536689,24.8527272902917));
#7358=CARTESIAN_POINT('Ctrl Pts',(43.7506337980222,26.3629387419808,25.1671517807984));
#7359=CARTESIAN_POINT('Ctrl Pts',(43.5074365488,26.4283543582382,25.4112861842795));
#7360=CARTESIAN_POINT('Ctrl Pts',(43.3935872279108,26.4589777452636,25.5255742205582));
#7361=CARTESIAN_POINT('',(43.9529315195978,28.1657311537739,24.1678580467974));
#7362=CARTESIAN_POINT('Ctrl Pts',(44.1575709544122,27.887668326597,23.1301134480771));
#7363=CARTESIAN_POINT('Ctrl Pts',(44.1575709544122,25.9558166740189,23.6477515382822));
#7364=CARTESIAN_POINT('Ctrl Pts',(44.1477534489518,27.933258485905,23.3002582389397));
#7365=CARTESIAN_POINT('Ctrl Pts',(44.1477534489518,26.0014068333269,23.8178963291447));
#7366=CARTESIAN_POINT('Ctrl Pts',(44.1272965728086,28.0282553510535,23.6547913662335));
#7367=CARTESIAN_POINT('Ctrl Pts',(44.1272965728086,26.0964036984753,24.1724294564385));
#7368=CARTESIAN_POINT('Ctrl Pts',(44.0125893440813,28.1186947370241,23.9923157496812));
#7369=CARTESIAN_POINT('Ctrl Pts',(44.0125893440813,26.186843084446,24.5099538398863));
#7370=CARTESIAN_POINT('Ctrl Pts',(43.9529315195978,28.1657311537739,24.1678580467974));
#7371=CARTESIAN_POINT('Ctrl Pts',(43.9529315195978,26.2338795011957,24.6854961370024));
#7372=CARTESIAN_POINT('',(44.1575709544122,25.9558166740189,23.6477515382822));
#7373=CARTESIAN_POINT('Ctrl Pts',(44.1575709544122,25.9558166740189,23.6477515382822));
#7374=CARTESIAN_POINT('Ctrl Pts',(44.1477534489518,26.0014068333269,23.8178963291447));
#7375=CARTESIAN_POINT('Ctrl Pts',(44.1272965728086,26.0964036984753,24.1724294564385));
#7376=CARTESIAN_POINT('Ctrl Pts',(44.0125893440813,26.186843084446,24.5099538398863));
#7377=CARTESIAN_POINT('Ctrl Pts',(43.9529315195978,26.2338795011958,24.6854961370024));
#7378=CARTESIAN_POINT('',(44.1575709544122,27.887668326597,23.1301134480771));
#7379=CARTESIAN_POINT('Origin',(44.1575709544122,27.0596592109819,20.0399413594713));
#7380=CARTESIAN_POINT('',(44.1575709544122,25.1278075584038,20.5575794496764));
#7381=CARTESIAN_POINT('',(44.1575709544122,25.9558166740189,23.6477515382822));
#7382=CARTESIAN_POINT('',(44.1575709544122,27.0596592109819,20.0399413594713));
#7383=CARTESIAN_POINT('Ctrl Pts',(44.222373124212,26.8522157251049,19.2657517304793));
#7384=CARTESIAN_POINT('Ctrl Pts',(44.222373124212,24.9203640725268,19.7833898206843));
#7385=CARTESIAN_POINT('Ctrl Pts',(44.203558849097,26.881948729321,19.3767168128751));
#7386=CARTESIAN_POINT('Ctrl Pts',(44.203558849097,24.9500970767428,19.8943549030801));
#7387=CARTESIAN_POINT('Ctrl Pts',(44.160118241702,26.9505997804472,19.6329260236711));
#7388=CARTESIAN_POINT('Ctrl Pts',(44.160118241702,25.018748127869,20.1505641138761));
#7389=CARTESIAN_POINT('Ctrl Pts',(44.1584925522321,27.0202019680466,19.8926849241103));
#7390=CARTESIAN_POINT('Ctrl Pts',(44.1584925522321,25.0883503154685,20.4103230143153));
#7391=CARTESIAN_POINT('Ctrl Pts',(44.1575709544122,27.0596592109819,20.0399413594713));
#7392=CARTESIAN_POINT('Ctrl Pts',(44.1575709544122,25.1278075584038,20.5575794496764));
#7393=CARTESIAN_POINT('',(44.222373124212,24.9203640725268,19.7833898206843));
#7394=CARTESIAN_POINT('Ctrl Pts',(44.222373124212,24.9203640725268,19.7833898206843));
#7395=CARTESIAN_POINT('Ctrl Pts',(44.203558849097,24.9500970767428,19.8943549030801));
#7396=CARTESIAN_POINT('Ctrl Pts',(44.160118241702,25.018748127869,20.1505641138761));
#7397=CARTESIAN_POINT('Ctrl Pts',(44.1584925522321,25.0883503154685,20.4103230143153));
#7398=CARTESIAN_POINT('Ctrl Pts',(44.1575709544122,25.1278075584038,20.5575794496764));
#7399=CARTESIAN_POINT('',(44.222373124212,26.8522157251049,19.2657517304793));
#7400=CARTESIAN_POINT('Ctrl Pts',(44.5054570399225,26.6606612439171,18.5508606742686));
#7401=CARTESIAN_POINT('Ctrl Pts',(44.5054570399225,24.7288095913389,19.0684987644736));
#7402=CARTESIAN_POINT('Ctrl Pts',(44.4411355406492,26.6956227914454,18.6813389459556));
#7403=CARTESIAN_POINT('Ctrl Pts',(44.4411355406492,24.7637711388673,19.1989770361607));
#7404=CARTESIAN_POINT('Ctrl Pts',(44.3271594819982,26.7575737633078,18.9125431205242));
#7405=CARTESIAN_POINT('Ctrl Pts',(44.3271594819982,24.8257221107296,19.4301812107293));
#7406=CARTESIAN_POINT('Ctrl Pts',(44.2541710877433,26.8234961311298,19.1585687465914));
#7407=CARTESIAN_POINT('Ctrl Pts',(44.2541710877433,24.8916444785517,19.6762068367964));
#7408=CARTESIAN_POINT('Ctrl Pts',(44.222373124212,26.8522157251049,19.2657517304793));
#7409=CARTESIAN_POINT('Ctrl Pts',(44.222373124212,24.9203640725268,19.7833898206843));
#7410=CARTESIAN_POINT('',(44.5054570399225,24.7288095913389,19.0684987644736));
#7411=CARTESIAN_POINT('Ctrl Pts',(44.5054570399225,24.7288095913389,19.0684987644736));
#7412=CARTESIAN_POINT('Ctrl Pts',(44.4411355406492,24.7637711388673,19.1989770361607));
#7413=CARTESIAN_POINT('Ctrl Pts',(44.3271594819982,24.8257221107296,19.4301812107293));
#7414=CARTESIAN_POINT('Ctrl Pts',(44.2541710877433,24.8916444785517,19.6762068367964));
#7415=CARTESIAN_POINT('Ctrl Pts',(44.222373124212,24.9203640725268,19.7833898206843));
#7416=CARTESIAN_POINT('',(44.5054570399225,26.6606612439171,18.5508606742686));
#7417=CARTESIAN_POINT('Origin',(41.8997279368341,26.6606612439171,18.5508606742686));
#7418=CARTESIAN_POINT('',(41.8997279368341,24.7288095913389,19.0684987644736));
#7419=CARTESIAN_POINT('',(44.5054570399225,24.7288095913389,19.0684987644736));
#7420=CARTESIAN_POINT('',(41.8997279368341,26.6606612439171,18.5508606742686));
#7421=CARTESIAN_POINT('Ctrl Pts',(41.6950885020196,26.7710037140123,18.9626643788968));
#7422=CARTESIAN_POINT('Ctrl Pts',(41.6950885020196,24.8391520614342,19.4803024691019));
#7423=CARTESIAN_POINT('Ctrl Pts',(41.7190222480285,26.7553508432787,18.9042470700344));
#7424=CARTESIAN_POINT('Ctrl Pts',(41.7190222480285,24.8234991907005,19.4218851602395));
#7425=CARTESIAN_POINT('Ctrl Pts',(41.7771404377503,26.7173410594923,18.762392625759));
#7426=CARTESIAN_POINT('Ctrl Pts',(41.7771404377503,24.7854894069141,19.280030715964));
#7427=CARTESIAN_POINT('Ctrl Pts',(41.8543274395091,26.6816527139661,18.6292019070172));
#7428=CARTESIAN_POINT('Ctrl Pts',(41.8543274395091,24.749801061388,19.1468399972223));
#7429=CARTESIAN_POINT('Ctrl Pts',(41.8997279368341,26.6606612439171,18.5508606742686));
#7430=CARTESIAN_POINT('Ctrl Pts',(41.8997279368341,24.7288095913389,19.0684987644736));
#7431=CARTESIAN_POINT('',(41.6950885020196,24.8391520614342,19.4803024691019));
#7432=CARTESIAN_POINT('Ctrl Pts',(41.6950885020196,24.8391520614342,19.4803024691019));
#7433=CARTESIAN_POINT('Ctrl Pts',(41.7190222480285,24.8234991907005,19.4218851602395));
#7434=CARTESIAN_POINT('Ctrl Pts',(41.7771404377503,24.7854894069141,19.280030715964));
#7435=CARTESIAN_POINT('Ctrl Pts',(41.8543274395091,24.749801061388,19.1468399972223));
#7436=CARTESIAN_POINT('Ctrl Pts',(41.8997279368341,24.7288095913389,19.0684987644736));
#7437=CARTESIAN_POINT('',(41.6950885020196,26.7710037140123,18.9626643788968));
#7438=CARTESIAN_POINT('Ctrl Pts',(41.5995923243463,26.8901734089349,19.4074117350703));
#7439=CARTESIAN_POINT('Ctrl Pts',(41.5995923243463,24.9583217563568,19.9250498252753));
#7440=CARTESIAN_POINT('Ctrl Pts',(41.6135452284602,26.8665984106956,19.3194286438528));
#7441=CARTESIAN_POINT('Ctrl Pts',(41.6135452284602,24.9347467581174,19.8370667340579));
#7442=CARTESIAN_POINT('Ctrl Pts',(41.6373198169982,26.826428573768,19.1695127715074));
#7443=CARTESIAN_POINT('Ctrl Pts',(41.6373198169982,24.8945769211899,19.6871508617124));
#7444=CARTESIAN_POINT('Ctrl Pts',(41.6782001467395,26.7872068649506,19.0231353614411));
#7445=CARTESIAN_POINT('Ctrl Pts',(41.6782001467395,24.8553552123725,19.5407734516462));
#7446=CARTESIAN_POINT('Ctrl Pts',(41.6950885020196,26.7710037140123,18.9626643788968));
#7447=CARTESIAN_POINT('Ctrl Pts',(41.6950885020196,24.8391520614342,19.4803024691019));
#7448=CARTESIAN_POINT('',(41.5995923243463,24.9583217563568,19.9250498252753));
#7449=CARTESIAN_POINT('Ctrl Pts',(41.5995923243463,24.9583217563568,19.9250498252753));
#7450=CARTESIAN_POINT('Ctrl Pts',(41.6135452284602,24.9347467581174,19.8370667340579));
#7451=CARTESIAN_POINT('Ctrl Pts',(41.6373198169982,24.8945769211899,19.6871508617124));
#7452=CARTESIAN_POINT('Ctrl Pts',(41.6782001467395,24.8553552123725,19.5407734516462));
#7453=CARTESIAN_POINT('Ctrl Pts',(41.6950885020196,24.8391520614342,19.4803024691019));
#7454=CARTESIAN_POINT('',(41.5995923243463,26.8901734089349,19.4074117350703));
#7455=CARTESIAN_POINT('Ctrl Pts',(40.515007134527,26.6959707602988,18.682637583396));
#7456=CARTESIAN_POINT('Ctrl Pts',(40.515007134527,24.7641191077207,19.2002756736011));
#7457=CARTESIAN_POINT('Ctrl Pts',(40.700202376231,26.7199697455186,18.7722030155663));
#7458=CARTESIAN_POINT('Ctrl Pts',(40.700202376231,24.7881180929404,19.2898411057713));
#7459=CARTESIAN_POINT('Ctrl Pts',(41.0968920090779,26.7713757565366,18.9640528605001));
#7460=CARTESIAN_POINT('Ctrl Pts',(41.0968920090779,24.8395241039585,19.4816909507051));
#7461=CARTESIAN_POINT('Ctrl Pts',(41.4247796148516,26.8488618384692,19.2532348551518));
#7462=CARTESIAN_POINT('Ctrl Pts',(41.4247796148516,24.917010185891,19.7708729453568));
#7463=CARTESIAN_POINT('Ctrl Pts',(41.5995923243463,26.8901734089349,19.4074117350703));
#7464=CARTESIAN_POINT('Ctrl Pts',(41.5995923243463,24.9583217563568,19.9250498252753));
#7465=CARTESIAN_POINT('',(40.515007134527,24.7641191077207,19.2002756736011));
#7466=CARTESIAN_POINT('Ctrl Pts',(40.515007134527,24.7641191077207,19.2002756736011));
#7467=CARTESIAN_POINT('Ctrl Pts',(40.700202376231,24.7881180929405,19.2898411057713));
#7468=CARTESIAN_POINT('Ctrl Pts',(41.0968920090779,24.8395241039585,19.4816909507051));
#7469=CARTESIAN_POINT('Ctrl Pts',(41.4247796148516,24.917010185891,19.7708729453568));
#7470=CARTESIAN_POINT('Ctrl Pts',(41.5995923243463,24.9583217563568,19.9250498252753));
#7471=CARTESIAN_POINT('',(40.515007134527,26.6959707602988,18.682637583396));
#7472=CARTESIAN_POINT('Ctrl Pts',(38.8028660975397,26.6182896391371,18.3927276924317));
#7473=CARTESIAN_POINT('Ctrl Pts',(38.8028660975397,24.686437986559,18.9103657826367));
#7474=CARTESIAN_POINT('Ctrl Pts',(39.1108867240071,26.6207940005896,18.402074096613));
#7475=CARTESIAN_POINT('Ctrl Pts',(39.1108867240071,24.6889423480115,18.919712186818));
#7476=CARTESIAN_POINT('Ctrl Pts',(39.6963419119326,26.625554043518,18.419838818668));
#7477=CARTESIAN_POINT('Ctrl Pts',(39.6963419119326,24.6937023909399,18.937476908873));
#7478=CARTESIAN_POINT('Ctrl Pts',(40.2517915531927,26.6733305203918,18.5981430577673));
#7479=CARTESIAN_POINT('Ctrl Pts',(40.2517915531927,24.7414788678136,19.1157811479724));
#7480=CARTESIAN_POINT('Ctrl Pts',(40.515007134527,26.6959707602988,18.682637583396));
#7481=CARTESIAN_POINT('Ctrl Pts',(40.515007134527,24.7641191077207,19.2002756736011));
#7482=CARTESIAN_POINT('',(38.8028660975397,24.686437986559,18.9103657826367));
#7483=CARTESIAN_POINT('Ctrl Pts',(38.8028660975397,24.686437986559,18.9103657826367));
#7484=CARTESIAN_POINT('Ctrl Pts',(39.1108867240071,24.6889423480115,18.919712186818));
#7485=CARTESIAN_POINT('Ctrl Pts',(39.6963419119326,24.6937023909399,18.937476908873));
#7486=CARTESIAN_POINT('Ctrl Pts',(40.2517915531927,24.7414788678136,19.1157811479724));
#7487=CARTESIAN_POINT('Ctrl Pts',(40.515007134527,24.7641191077207,19.2002756736011));
#7488=CARTESIAN_POINT('',(38.8028660975397,26.6182896391371,18.3927276924317));
#7489=CARTESIAN_POINT('Ctrl Pts',(36.8349257670343,26.7736518814605,18.9725474743604));
#7490=CARTESIAN_POINT('Ctrl Pts',(36.8349257670343,24.8418002288824,19.4901855645655));
#7491=CARTESIAN_POINT('Ctrl Pts',(37.1029134804312,26.7284535895913,18.8038651526892));
#7492=CARTESIAN_POINT('Ctrl Pts',(37.1029134804312,24.7966019370132,19.3215032428942));
#7493=CARTESIAN_POINT('Ctrl Pts',(37.6978715869009,26.6281091006395,18.4293744216615));
#7494=CARTESIAN_POINT('Ctrl Pts',(37.6978715869009,24.6962574480614,18.9470125118665));
#7495=CARTESIAN_POINT('Ctrl Pts',(38.4109696655863,26.6217722011675,18.4057247908694));
#7496=CARTESIAN_POINT('Ctrl Pts',(38.4109696655863,24.6899205485893,18.9233628810745));
#7497=CARTESIAN_POINT('Ctrl Pts',(38.8028660975397,26.6182896391371,18.3927276924317));
#7498=CARTESIAN_POINT('Ctrl Pts',(38.8028660975397,24.686437986559,18.9103657826367));
#7499=CARTESIAN_POINT('',(36.8349257670343,24.8418002288824,19.4901855645655));
#7500=CARTESIAN_POINT('Ctrl Pts',(36.8349257670343,24.8418002288824,19.4901855645655));
#7501=CARTESIAN_POINT('Ctrl Pts',(37.1029134804312,24.7966019370132,19.3215032428942));
#7502=CARTESIAN_POINT('Ctrl Pts',(37.6978715869009,24.6962574480614,18.9470125118665));
#7503=CARTESIAN_POINT('Ctrl Pts',(38.4109696655863,24.6899205485893,18.9233628810745));
#7504=CARTESIAN_POINT('Ctrl Pts',(38.8028660975397,24.686437986559,18.9103657826367));
#7505=CARTESIAN_POINT('',(36.8349257670343,26.7736518814605,18.9725474743604));
#7506=CARTESIAN_POINT('Ctrl Pts',(36.163028832525,27.1567605352999,20.4023284353085));
#7507=CARTESIAN_POINT('Ctrl Pts',(36.163028832525,25.2249088827218,20.9199665255135));
#7508=CARTESIAN_POINT('Ctrl Pts',(36.1917735515952,27.0836888360609,20.1296211411528));
#7509=CARTESIAN_POINT('Ctrl Pts',(36.1917735515952,25.1518371834827,20.6472592313578));
#7510=CARTESIAN_POINT('Ctrl Pts',(36.2496537539118,26.9365520793838,19.5804992895731));
#7511=CARTESIAN_POINT('Ctrl Pts',(36.2496537539118,25.0047004268057,20.0981373797781));
#7512=CARTESIAN_POINT('Ctrl Pts',(36.6389589959562,26.8281957945117,19.1761081291109));
#7513=CARTESIAN_POINT('Ctrl Pts',(36.6389589959562,24.8963441419335,19.6937462193159));
#7514=CARTESIAN_POINT('Ctrl Pts',(36.8349257670343,26.7736518814605,18.9725474743604));
#7515=CARTESIAN_POINT('Ctrl Pts',(36.8349257670343,24.8418002288824,19.4901855645655));
#7516=CARTESIAN_POINT('',(36.163028832525,25.2249088827218,20.9199665255135));
#7517=CARTESIAN_POINT('Ctrl Pts',(36.163028832525,25.2249088827218,20.9199665255135));
#7518=CARTESIAN_POINT('Ctrl Pts',(36.1917735515952,25.1518371834827,20.6472592313578));
#7519=CARTESIAN_POINT('Ctrl Pts',(36.2496537539118,25.0047004268057,20.0981373797781));
#7520=CARTESIAN_POINT('Ctrl Pts',(36.6389589959562,24.8963441419335,19.6937462193159));
#7521=CARTESIAN_POINT('Ctrl Pts',(36.8349257670343,24.8418002288824,19.4901855645655));
#7522=CARTESIAN_POINT('',(36.163028832525,27.1567605352999,20.4023284353085));
#7523=CARTESIAN_POINT('Ctrl Pts',(36.6473427973688,27.5080905626885,21.7135099477472));
#7524=CARTESIAN_POINT('Ctrl Pts',(36.6473427973688,25.5762389101104,22.2311480379522));
#7525=CARTESIAN_POINT('Ctrl Pts',(36.5061406181575,27.4577632015304,21.5256856788943));
#7526=CARTESIAN_POINT('Ctrl Pts',(36.5061406181575,25.5259115489523,22.0433237690993));
#7527=CARTESIAN_POINT('Ctrl Pts',(36.2125899432501,27.3531357027426,21.1352105375491));
#7528=CARTESIAN_POINT('Ctrl Pts',(36.2125899432501,25.4212840501644,21.6528486277541));
#7529=CARTESIAN_POINT('Ctrl Pts',(36.1799621689423,27.223855213479,20.6527291831903));
#7530=CARTESIAN_POINT('Ctrl Pts',(36.1799621689423,25.2920035609009,21.1703672733953));
#7531=CARTESIAN_POINT('Ctrl Pts',(36.163028832525,27.1567605352999,20.4023284353085));
#7532=CARTESIAN_POINT('Ctrl Pts',(36.163028832525,25.2249088827218,20.9199665255135));
#7533=CARTESIAN_POINT('',(36.6473427973688,25.5762389101104,22.2311480379522));
#7534=CARTESIAN_POINT('Ctrl Pts',(36.6473427973688,25.5762389101104,22.2311480379522));
#7535=CARTESIAN_POINT('Ctrl Pts',(36.5061406181575,25.5259115489523,22.0433237690993));
#7536=CARTESIAN_POINT('Ctrl Pts',(36.2125899432501,25.4212840501644,21.6528486277541));
#7537=CARTESIAN_POINT('Ctrl Pts',(36.1799621689423,25.2920035609009,21.1703672733953));
#7538=CARTESIAN_POINT('Ctrl Pts',(36.163028832525,25.2249088827218,20.9199665255135));
#7539=CARTESIAN_POINT('',(36.6473427973688,27.5080905626885,21.7135099477472));
#7540=CARTESIAN_POINT('Ctrl Pts',(38.4345189295709,27.7128861896536,22.477817632749));
#7541=CARTESIAN_POINT('Ctrl Pts',(38.4345189295709,25.7810345370755,22.995455722954));
#7542=CARTESIAN_POINT('Ctrl Pts',(38.0541794140701,27.6924567359967,22.4015738737303));
#7543=CARTESIAN_POINT('Ctrl Pts',(38.0541794140701,25.7606050834186,22.9192119639354));
#7544=CARTESIAN_POINT('Ctrl Pts',(37.3981944250832,27.6572213360816,22.2700735710224));
#7545=CARTESIAN_POINT('Ctrl Pts',(37.3981944250832,25.7253696835035,22.7877116612274));
#7546=CARTESIAN_POINT('Ctrl Pts',(36.8695004669342,27.5522145198788,21.8781827978122));
#7547=CARTESIAN_POINT('Ctrl Pts',(36.8695004669342,25.6203628673006,22.3958208880172));
#7548=CARTESIAN_POINT('Ctrl Pts',(36.6473427973688,27.5080905626885,21.7135099477472));
#7549=CARTESIAN_POINT('Ctrl Pts',(36.6473427973688,25.5762389101104,22.2311480379522));
#7550=CARTESIAN_POINT('',(38.4345189295709,25.7810345370755,22.995455722954));
#7551=CARTESIAN_POINT('Ctrl Pts',(38.4345189295709,25.7810345370755,22.995455722954));
#7552=CARTESIAN_POINT('Ctrl Pts',(38.0541794140701,25.7606050834186,22.9192119639354));
#7553=CARTESIAN_POINT('Ctrl Pts',(37.3981944250832,25.7253696835035,22.7877116612274));
#7554=CARTESIAN_POINT('Ctrl Pts',(36.8695004669342,25.6203628673006,22.3958208880172));
#7555=CARTESIAN_POINT('Ctrl Pts',(36.6473427973688,25.5762389101104,22.2311480379522));
#7556=CARTESIAN_POINT('',(38.4345189295709,27.7128861896536,22.477817632749));
#7557=CARTESIAN_POINT('Ctrl Pts',(40.4604378901422,27.8267592411435,22.902797646522));
#7558=CARTESIAN_POINT('Ctrl Pts',(40.4604378901422,25.8949075885654,23.420435736727));
#7559=CARTESIAN_POINT('Ctrl Pts',(40.2145619349831,27.8115240524187,22.845939148138));
#7560=CARTESIAN_POINT('Ctrl Pts',(40.2145619349831,25.8796723998405,23.3635772383431));
#7561=CARTESIAN_POINT('Ctrl Pts',(39.5424046700224,27.7698752349171,22.690503645147));
#7562=CARTESIAN_POINT('Ctrl Pts',(39.5424046700224,25.838023582339,23.2081417353521));
#7563=CARTESIAN_POINT('Ctrl Pts',(38.8644664891351,27.7350024603468,22.5603566786498));
#7564=CARTESIAN_POINT('Ctrl Pts',(38.8644664891351,25.8031508077687,23.0779947688548));
#7565=CARTESIAN_POINT('Ctrl Pts',(38.4345189295709,27.7128861896536,22.477817632749));
#7566=CARTESIAN_POINT('Ctrl Pts',(38.4345189295709,25.7810345370755,22.995455722954));
#7567=CARTESIAN_POINT('',(40.4604378901422,25.8949075885654,23.420435736727));
#7568=CARTESIAN_POINT('Ctrl Pts',(40.4604378901422,25.8949075885654,23.420435736727));
#7569=CARTESIAN_POINT('Ctrl Pts',(40.2145619349831,25.8796723998405,23.3635772383431));
#7570=CARTESIAN_POINT('Ctrl Pts',(39.5424046700224,25.838023582339,23.2081417353521));
#7571=CARTESIAN_POINT('Ctrl Pts',(38.8644664891351,25.8031508077687,23.0779947688548));
#7572=CARTESIAN_POINT('Ctrl Pts',(38.4345189295709,25.7810345370755,22.995455722954));
#7573=CARTESIAN_POINT('',(40.4604378901422,27.8267592411435,22.902797646522));
#7574=CARTESIAN_POINT('Ctrl Pts',(41.4427033625543,27.9123851731861,23.2223579753503));
#7575=CARTESIAN_POINT('Ctrl Pts',(41.4427033625543,25.9805335206079,23.7399960655554));
#7576=CARTESIAN_POINT('Ctrl Pts',(41.2752578068048,27.8957955238589,23.1604445611815));
#7577=CARTESIAN_POINT('Ctrl Pts',(41.2752578068048,25.9639438712807,23.6780826513865));
#7578=CARTESIAN_POINT('Ctrl Pts',(40.9523150329467,27.8638000053927,23.0410356606512));
#7579=CARTESIAN_POINT('Ctrl Pts',(40.9523150329467,25.9319483528146,23.5586737508562));
#7580=CARTESIAN_POINT('Ctrl Pts',(40.6203023008135,27.8387978162921,22.9477262206272));
#7581=CARTESIAN_POINT('Ctrl Pts',(40.6203023008135,25.9069461637139,23.4653643108322));
#7582=CARTESIAN_POINT('Ctrl Pts',(40.4604378901422,27.8267592411435,22.902797646522));
#7583=CARTESIAN_POINT('Ctrl Pts',(40.4604378901422,25.8949075885654,23.420435736727));
#7584=CARTESIAN_POINT('',(41.4427033625543,25.9805335206079,23.7399960655554));
#7585=CARTESIAN_POINT('Ctrl Pts',(41.4427033625543,25.9805335206079,23.7399960655554));
#7586=CARTESIAN_POINT('Ctrl Pts',(41.2752578068048,25.9639438712807,23.6780826513865));
#7587=CARTESIAN_POINT('Ctrl Pts',(40.9523150329467,25.9319483528146,23.5586737508562));
#7588=CARTESIAN_POINT('Ctrl Pts',(40.6203023008135,25.9069461637139,23.4653643108322));
#7589=CARTESIAN_POINT('Ctrl Pts',(40.4604378901422,25.8949075885654,23.420435736727));
#7590=CARTESIAN_POINT('',(41.4427033625543,27.9123851731861,23.2223579753503));
#7591=CARTESIAN_POINT('Ctrl Pts',(41.231240388006,28.0977599799222,23.9141861725328));
#7592=CARTESIAN_POINT('Ctrl Pts',(41.231240388006,26.165908327344,24.4318242627378));
#7593=CARTESIAN_POINT('Ctrl Pts',(41.2925666392703,28.0742034459977,23.8262719910764));
#7594=CARTESIAN_POINT('Ctrl Pts',(41.2925666392703,26.1423517934196,24.3439100812814));
#7595=CARTESIAN_POINT('Ctrl Pts',(41.4370659655372,28.0186986138729,23.6191251375212));
#7596=CARTESIAN_POINT('Ctrl Pts',(41.4370659655372,26.0868469612948,24.1367632277262));
#7597=CARTESIAN_POINT('Ctrl Pts',(41.4406439137924,27.9512235028506,23.3673045949396));
#7598=CARTESIAN_POINT('Ctrl Pts',(41.4406439137924,26.0193718502725,23.8849426851446));
#7599=CARTESIAN_POINT('Ctrl Pts',(41.4427033625543,27.9123851731861,23.2223579753503));
#7600=CARTESIAN_POINT('Ctrl Pts',(41.4427033625543,25.9805335206079,23.7399960655554));
#7601=CARTESIAN_POINT('',(41.231240388006,26.165908327344,24.4318242627378));
#7602=CARTESIAN_POINT('Ctrl Pts',(41.231240388006,26.1659083273441,24.4318242627378));
#7603=CARTESIAN_POINT('Ctrl Pts',(41.2925666392703,26.1423517934196,24.3439100812814));
#7604=CARTESIAN_POINT('Ctrl Pts',(41.4370659655372,26.0868469612948,24.1367632277262));
#7605=CARTESIAN_POINT('Ctrl Pts',(41.4406439137924,26.0193718502725,23.8849426851446));
#7606=CARTESIAN_POINT('Ctrl Pts',(41.4427033625543,25.9805335206079,23.7399960655554));
#7607=CARTESIAN_POINT('',(41.231240388006,28.0977599799222,23.9141861725328));
#7608=CARTESIAN_POINT('Ctrl Pts',(40.4877225123346,28.1507245630312,24.1118526876972));
#7609=CARTESIAN_POINT('Ctrl Pts',(40.4877225123346,26.218872910453,24.6294907779023));
#7610=CARTESIAN_POINT('Ctrl Pts',(40.6431377310942,28.1503294071161,24.1103779457453));
#7611=CARTESIAN_POINT('Ctrl Pts',(40.6431377310942,26.218477754538,24.6280160359504));
#7612=CARTESIAN_POINT('Ctrl Pts',(40.9111630847219,28.1496479307156,24.1078346411943));
#7613=CARTESIAN_POINT('Ctrl Pts',(40.9111630847219,26.2177962781374,24.6254727313993));
#7614=CARTESIAN_POINT('Ctrl Pts',(41.1365462531173,28.1131109109664,23.9714766271332));
#7615=CARTESIAN_POINT('Ctrl Pts',(41.1365462531173,26.1812592583882,24.4891147173382));
#7616=CARTESIAN_POINT('Ctrl Pts',(41.231240388006,28.0977599799222,23.9141861725328));
#7617=CARTESIAN_POINT('Ctrl Pts',(41.231240388006,26.165908327344,24.4318242627378));
#7618=CARTESIAN_POINT('',(40.4877225123346,26.218872910453,24.6294907779023));
#7619=CARTESIAN_POINT('Ctrl Pts',(40.4877225123346,26.218872910453,24.6294907779023));
#7620=CARTESIAN_POINT('Ctrl Pts',(40.6431377310942,26.218477754538,24.6280160359504));
#7621=CARTESIAN_POINT('Ctrl Pts',(40.9111630847219,26.2177962781374,24.6254727313993));
#7622=CARTESIAN_POINT('Ctrl Pts',(41.1365462531173,26.1812592583882,24.4891147173382));
#7623=CARTESIAN_POINT('Ctrl Pts',(41.231240388006,26.1659083273441,24.4318242627378));
#7624=CARTESIAN_POINT('',(40.4877225123346,28.1507245630312,24.1118526876972));
#7625=CARTESIAN_POINT('Ctrl Pts',(39.4645301066339,28.0942290899913,23.9010087119147));
#7626=CARTESIAN_POINT('Ctrl Pts',(39.4645301066339,26.1623774374131,24.4186468021197));
#7627=CARTESIAN_POINT('Ctrl Pts',(39.6045893747449,28.1106312356665,23.9622223529278));
#7628=CARTESIAN_POINT('Ctrl Pts',(39.6045893747449,26.1787795830884,24.4798604431328));
#7629=CARTESIAN_POINT('Ctrl Pts',(39.9284626868678,28.1485595878377,24.103772890278));
#7630=CARTESIAN_POINT('Ctrl Pts',(39.9284626868678,26.2167079352596,24.6214109804831));
#7631=CARTESIAN_POINT('Ctrl Pts',(40.2852360628885,28.1499407088723,24.1089273041507));
#7632=CARTESIAN_POINT('Ctrl Pts',(40.2852360628885,26.2180890562942,24.6265653943557));
#7633=CARTESIAN_POINT('Ctrl Pts',(40.4877225123346,28.1507245630312,24.1118526876972));
#7634=CARTESIAN_POINT('Ctrl Pts',(40.4877225123346,26.218872910453,24.6294907779023));
#7635=CARTESIAN_POINT('',(39.4645301066339,26.1623774374131,24.4186468021197));
#7636=CARTESIAN_POINT('Ctrl Pts',(39.4645301066339,26.1623774374131,24.4186468021197));
#7637=CARTESIAN_POINT('Ctrl Pts',(39.6045893747449,26.1787795830884,24.4798604431328));
#7638=CARTESIAN_POINT('Ctrl Pts',(39.9284626868678,26.2167079352596,24.6214109804831));
#7639=CARTESIAN_POINT('Ctrl Pts',(40.2852360628885,26.2180890562942,24.6265653943557));
#7640=CARTESIAN_POINT('Ctrl Pts',(40.4877225123346,26.218872910453,24.6294907779023));
#7641=CARTESIAN_POINT('',(39.4645301066339,28.0942290899913,23.9010087119147));
#7642=CARTESIAN_POINT('Ctrl Pts',(39.0347901545465,27.9282741778752,23.2816565481317));
#7643=CARTESIAN_POINT('Ctrl Pts',(39.0347901545465,25.996422525297,23.7992946383367));
#7644=CARTESIAN_POINT('Ctrl Pts',(39.0869021729336,27.9643961738135,23.4164656722444));
#7645=CARTESIAN_POINT('Ctrl Pts',(39.0869021729336,26.0325445212354,23.9341037624495));
#7646=CARTESIAN_POINT('Ctrl Pts',(39.1798502328546,28.0288241032406,23.6569139782926));
#7647=CARTESIAN_POINT('Ctrl Pts',(39.1798502328546,26.0969724506624,24.1745520684977));
#7648=CARTESIAN_POINT('Ctrl Pts',(39.3776348849813,28.0742649782139,23.8265016324336));
#7649=CARTESIAN_POINT('Ctrl Pts',(39.3776348849813,26.1424133256358,24.3441397226387));
#7650=CARTESIAN_POINT('Ctrl Pts',(39.4645301066339,28.0942290899913,23.9010087119147));
#7651=CARTESIAN_POINT('Ctrl Pts',(39.4645301066339,26.1623774374131,24.4186468021197));
#7652=CARTESIAN_POINT('Ctrl Pts',(39.0347901545465,25.996422525297,23.7992946383367));
#7653=CARTESIAN_POINT('Ctrl Pts',(39.0869021729336,26.0325445212354,23.9341037624495));
#7654=CARTESIAN_POINT('Ctrl Pts',(39.1798502328546,26.0969724506624,24.1745520684977));
#7655=CARTESIAN_POINT('Ctrl Pts',(39.3776348849813,26.1424133256358,24.3441397226387));
#7656=CARTESIAN_POINT('Ctrl Pts',(39.4645301066339,26.1623774374131,24.4186468021197));
#7657=CARTESIAN_POINT('Origin',(32.4999994598329,25.6424443304603,22.4782300304345));
#7658=CARTESIAN_POINT('Origin',(32.5,36.7817185876039,56.323160907226));
#7659=CARTESIAN_POINT('Origin',(53.6596194468439,29.2488516949423,28.2101189371593));
#7660=CARTESIAN_POINT('',(53.6596194468439,27.3170000423641,28.7277570273643));
#7661=CARTESIAN_POINT('',(46.0197821818292,27.3170000423641,28.7277570273643));
#7662=CARTESIAN_POINT('',(53.6596194468439,29.2488516949423,28.2101189371593));
#7663=CARTESIAN_POINT('Origin',(53.6596194468439,28.6927260405886,26.1346297397188));
#7664=CARTESIAN_POINT('',(53.6596194468439,26.7608743880104,26.6522678299238));
#7665=CARTESIAN_POINT('',(53.6596194468439,27.3170000423641,28.7277570273643));
#7666=CARTESIAN_POINT('',(53.6596194468439,28.6927260405886,26.1346297397188));
#7667=CARTESIAN_POINT('Origin',(49.1234675608575,28.6927260405886,26.1346297397188));
#7668=CARTESIAN_POINT('',(49.1234675608575,26.7608743880104,26.6522678299238));
#7669=CARTESIAN_POINT('',(53.6596194468439,26.7608743880104,26.6522678299238));
#7670=CARTESIAN_POINT('',(49.1234675608575,28.6927260405886,26.1346297397188));
#7671=CARTESIAN_POINT('Origin',(49.1234675608575,28.2407641074874,24.4478848422982));
#7672=CARTESIAN_POINT('',(49.1234675608575,26.3089124549093,24.9655229325032));
#7673=CARTESIAN_POINT('',(49.1234675608575,26.7608743880104,26.6522678299238));
#7674=CARTESIAN_POINT('',(49.1234675608575,28.2407641074874,24.4478848422982));
#7675=CARTESIAN_POINT('Origin',(52.9979554377496,28.2407641074874,24.4478848422982));
#7676=CARTESIAN_POINT('',(52.9979554377496,26.3089124549093,24.9655229325032));
#7677=CARTESIAN_POINT('',(49.1234675608575,26.3089124549093,24.9655229325032));
#7678=CARTESIAN_POINT('',(52.9979554377496,28.2407641074874,24.4478848422982));
#7679=CARTESIAN_POINT('Origin',(52.9979554377496,27.71818252455,22.4975838236761));
#7680=CARTESIAN_POINT('',(52.9979554377496,25.7863308719719,23.0152219138811));
#7681=CARTESIAN_POINT('',(52.9979554377496,26.3089124549093,24.9655229325032));
#7682=CARTESIAN_POINT('',(52.9979554377496,27.71818252455,22.4975838236761));
#7683=CARTESIAN_POINT('Origin',(49.1234675608575,27.71818252455,22.4975838236761));
#7684=CARTESIAN_POINT('',(49.1234675608575,25.7863308719719,23.0152219138811));
#7685=CARTESIAN_POINT('',(52.9979554377496,25.7863308719719,23.0152219138811));
#7686=CARTESIAN_POINT('',(49.1234675608575,27.71818252455,22.4975838236761));
#7687=CARTESIAN_POINT('Origin',(49.1234675608575,26.6606612439171,18.5508606742686));
#7688=CARTESIAN_POINT('',(49.1234675608575,24.7288095913389,19.0684987644736));
#7689=CARTESIAN_POINT('',(49.1234675608575,25.7863308719719,23.0152219138811));
#7690=CARTESIAN_POINT('',(49.1234675608575,26.6606612439171,18.5508606742686));
#7691=CARTESIAN_POINT('Origin',(46.0197821818292,26.6606612439171,18.5508606742686));
#7692=CARTESIAN_POINT('',(49.1234675608575,24.7288095913389,19.0684987644736));
#7693=CARTESIAN_POINT('Origin',(32.4999994598329,25.6424443304603,22.4782300304345));
#7694=CARTESIAN_POINT('Origin',(32.2271481715143,26.6606612439171,18.5508606742686));
#7695=CARTESIAN_POINT('',(34.8192349635065,24.7288095913389,19.0684987644736));
#7696=CARTESIAN_POINT('',(34.8192349635065,26.6606612439171,18.5508606742686));
#7697=CARTESIAN_POINT('',(32.2271481715143,24.7288095913389,19.0684987644736));
#7698=CARTESIAN_POINT('',(34.8192349635065,24.7288095913389,19.0684987644736));
#7699=CARTESIAN_POINT('',(32.2271481715143,26.6606612439171,18.5508606742686));
#7700=CARTESIAN_POINT('Origin',(32.2271481715143,26.9643233316293,19.6841430139433));
#7701=CARTESIAN_POINT('',(32.2271481715143,25.0324716790512,20.2017811041483));
#7702=CARTESIAN_POINT('',(32.2271481715143,24.7288095913389,19.0684987644736));
#7703=CARTESIAN_POINT('',(32.2271481715143,26.9643233316293,19.6841430139433));
#7704=CARTESIAN_POINT('Ctrl Pts',(31.0572973452508,26.6977362052643,18.6892263137051));
#7705=CARTESIAN_POINT('Ctrl Pts',(31.0572973452508,24.7658845526861,19.2068644039101));
#7706=CARTESIAN_POINT('Ctrl Pts',(31.2604619870402,26.7309977665516,18.8133601503684));
#7707=CARTESIAN_POINT('Ctrl Pts',(31.2604619870402,24.7991461139735,19.3309982405735));
#7708=CARTESIAN_POINT('Ctrl Pts',(31.7044632407965,26.8036884413826,19.0846454420741));
#7709=CARTESIAN_POINT('Ctrl Pts',(31.7044632407965,24.8718367888044,19.6022835322791));
#7710=CARTESIAN_POINT('Ctrl Pts',(32.0433358063681,26.9078329348989,19.4733179832057));
#7711=CARTESIAN_POINT('Ctrl Pts',(32.0433358063681,24.9759812823208,19.9909560734107));
#7712=CARTESIAN_POINT('Ctrl Pts',(32.2271481715143,26.9643233316293,19.6841430139433));
#7713=CARTESIAN_POINT('Ctrl Pts',(32.2271481715143,25.0324716790512,20.2017811041483));
#7714=CARTESIAN_POINT('',(31.0572973452508,24.7658845526861,19.2068644039101));
#7715=CARTESIAN_POINT('Ctrl Pts',(31.0572973452508,24.7658845526861,19.2068644039101));
#7716=CARTESIAN_POINT('Ctrl Pts',(31.2604619870402,24.7991461139735,19.3309982405735));
#7717=CARTESIAN_POINT('Ctrl Pts',(31.7044632407965,24.8718367888044,19.6022835322791));
#7718=CARTESIAN_POINT('Ctrl Pts',(32.0433358063681,24.9759812823208,19.9909560734107));
#7719=CARTESIAN_POINT('Ctrl Pts',(32.2271481715143,25.0324716790512,20.2017811041483));
#7720=CARTESIAN_POINT('',(31.0572973452508,26.6977362052643,18.6892263137051));
#7721=CARTESIAN_POINT('Ctrl Pts',(29.6077743731439,26.6182896391371,18.3927276924317));
#7722=CARTESIAN_POINT('Ctrl Pts',(29.6077743731439,24.686437986559,18.9103657826367));
#7723=CARTESIAN_POINT('Ctrl Pts',(29.875460413045,26.6206248837482,18.4014429439684));
#7724=CARTESIAN_POINT('Ctrl Pts',(29.875460413045,24.6887732311701,18.9190810341735));
#7725=CARTESIAN_POINT('Ctrl Pts',(30.3774371799565,26.6250040382991,18.4177861712464));
#7726=CARTESIAN_POINT('Ctrl Pts',(30.3774371799565,24.693152385721,18.9354242614515));
#7727=CARTESIAN_POINT('Ctrl Pts',(30.8409562277804,26.6745918013405,18.6028502223505));
#7728=CARTESIAN_POINT('Ctrl Pts',(30.8409562277804,24.7427401487623,19.1204883125555));
#7729=CARTESIAN_POINT('Ctrl Pts',(31.0572973452508,26.6977362052643,18.6892263137051));
#7730=CARTESIAN_POINT('Ctrl Pts',(31.0572973452508,24.7658845526861,19.2068644039101));
#7731=CARTESIAN_POINT('',(29.6077743731439,24.686437986559,18.9103657826367));
#7732=CARTESIAN_POINT('Ctrl Pts',(29.6077743731439,24.686437986559,18.9103657826367));
#7733=CARTESIAN_POINT('Ctrl Pts',(29.875460413045,24.6887732311701,18.9190810341735));
#7734=CARTESIAN_POINT('Ctrl Pts',(30.3774371799565,24.693152385721,18.9354242614515));
#7735=CARTESIAN_POINT('Ctrl Pts',(30.8409562277804,24.7427401487623,19.1204883125555));
#7736=CARTESIAN_POINT('Ctrl Pts',(31.0572973452508,24.7658845526861,19.2068644039101));
#7737=CARTESIAN_POINT('',(29.6077743731439,26.6182896391371,18.3927276924317));
#7738=CARTESIAN_POINT('Ctrl Pts',(27.8103676997125,26.795720252065,19.0549077546967));
#7739=CARTESIAN_POINT('Ctrl Pts',(27.8103676997125,24.8638685994869,19.5725458449018));
#7740=CARTESIAN_POINT('Ctrl Pts',(28.0575128879598,26.7440107913287,18.8619254199968));
#7741=CARTESIAN_POINT('Ctrl Pts',(28.0575128879598,24.8121591387506,19.3795635102019));
#7742=CARTESIAN_POINT('Ctrl Pts',(28.5801037863263,26.6346706349135,18.4538624009476));
#7743=CARTESIAN_POINT('Ctrl Pts',(28.5801037863263,24.7028189823353,18.9715004911526));
#7744=CARTESIAN_POINT('Ctrl Pts',(29.2530695243379,26.6239436091005,18.4138285955996));
#7745=CARTESIAN_POINT('Ctrl Pts',(29.2530695243379,24.6920919565224,18.9314666858046));
#7746=CARTESIAN_POINT('Ctrl Pts',(29.6077743731439,26.6182896391371,18.3927276924317));
#7747=CARTESIAN_POINT('Ctrl Pts',(29.6077743731439,24.686437986559,18.9103657826367));
#7748=CARTESIAN_POINT('',(27.8103676997125,24.8638685994869,19.5725458449018));
#7749=CARTESIAN_POINT('Ctrl Pts',(27.8103676997125,24.8638685994869,19.5725458449018));
#7750=CARTESIAN_POINT('Ctrl Pts',(28.0575128879598,24.8121591387506,19.3795635102019));
#7751=CARTESIAN_POINT('Ctrl Pts',(28.5801037863263,24.7028189823353,18.9715004911526));
#7752=CARTESIAN_POINT('Ctrl Pts',(29.2530695243379,24.6920919565224,18.9314666858046));
#7753=CARTESIAN_POINT('Ctrl Pts',(29.6077743731439,24.686437986559,18.9103657826367));
#7754=CARTESIAN_POINT('',(27.8103676997125,26.795720252065,19.0549077546967));
#7755=CARTESIAN_POINT('Ctrl Pts',(27.1589342318475,27.3421356505724,21.0941577839642));
#7756=CARTESIAN_POINT('Ctrl Pts',(27.1589342318475,25.4102839979943,21.6117958741692));
#7757=CARTESIAN_POINT('Ctrl Pts',(27.1715467104124,27.2315176714269,20.6813258655624));
#7758=CARTESIAN_POINT('Ctrl Pts',(27.1715467104124,25.2996660188487,21.1989639557675));
#7759=CARTESIAN_POINT('Ctrl Pts',(27.1942217939134,27.0326454274875,19.9391245469656));
#7760=CARTESIAN_POINT('Ctrl Pts',(27.1942217939134,25.1007937749094,20.4567626371706));
#7761=CARTESIAN_POINT('Ctrl Pts',(27.6209825253448,26.8685440998536,19.3266900546464));
#7762=CARTESIAN_POINT('Ctrl Pts',(27.6209825253448,24.9366924472755,19.8443281448514));
#7763=CARTESIAN_POINT('Ctrl Pts',(27.8103676997125,26.795720252065,19.0549077546967));
#7764=CARTESIAN_POINT('Ctrl Pts',(27.8103676997125,24.8638685994869,19.5725458449018));
#7765=CARTESIAN_POINT('',(27.1589342318475,25.4102839979943,21.6117958741692));
#7766=CARTESIAN_POINT('Ctrl Pts',(27.1589342318475,25.4102839979943,21.6117958741692));
#7767=CARTESIAN_POINT('Ctrl Pts',(27.1715467104124,25.2996660188487,21.1989639557675));
#7768=CARTESIAN_POINT('Ctrl Pts',(27.1942217939134,25.1007937749094,20.4567626371706));
#7769=CARTESIAN_POINT('Ctrl Pts',(27.6209825253448,24.9366924472755,19.8443281448514));
#7770=CARTESIAN_POINT('Ctrl Pts',(27.8103676997125,24.8638685994869,19.5725458449018));
#7771=CARTESIAN_POINT('',(27.1589342318475,27.3421356505724,21.0941577839642));
#7772=CARTESIAN_POINT('Origin',(27.1589342318475,28.5355986618361,25.5482223789543));
#7773=CARTESIAN_POINT('',(27.1589342318475,26.6037470092579,26.0658604691594));
#7774=CARTESIAN_POINT('',(27.1589342318475,25.4102839979943,21.6117958741692));
#7775=CARTESIAN_POINT('',(27.1589342318475,28.5355986618361,25.5482223789543));
#7776=CARTESIAN_POINT('Origin',(29.9488393031061,28.5355986618361,25.5482223789543));
#7777=CARTESIAN_POINT('',(29.9488393031061,26.6037470092579,26.0658604691594));
#7778=CARTESIAN_POINT('',(27.1589342318475,26.6037470092579,26.0658604691594));
#7779=CARTESIAN_POINT('',(29.9488393031061,28.5355986618361,25.5482223789543));
#7780=CARTESIAN_POINT('Origin',(29.9488393031061,27.5045596727576,21.7003324871291));
#7781=CARTESIAN_POINT('',(29.9488393031061,25.5727080201795,22.2179705773341));
#7782=CARTESIAN_POINT('',(29.9488393031061,26.6037470092579,26.0658604691594));
#7783=CARTESIAN_POINT('',(29.9488393031061,27.5045596727576,21.7003324871291));
#7784=CARTESIAN_POINT('Ctrl Pts',(30.2012268267572,27.253861859618,20.7647155111456));
#7785=CARTESIAN_POINT('Ctrl Pts',(30.2012268267572,25.3220102070398,21.2823536013506));
#7786=CARTESIAN_POINT('Ctrl Pts',(30.1280503508316,27.286355310033,20.8859827190078));
#7787=CARTESIAN_POINT('Ctrl Pts',(30.1280503508316,25.3545036574549,21.4036208092129));
#7788=CARTESIAN_POINT('Ctrl Pts',(29.9548986819456,27.3632419747168,21.1729276580323));
#7789=CARTESIAN_POINT('Ctrl Pts',(29.9548986819456,25.4313903221387,21.6905657482373));
#7790=CARTESIAN_POINT('Ctrl Pts',(29.9510572745081,27.4528318271886,21.5072815392993));
#7791=CARTESIAN_POINT('Ctrl Pts',(29.9510572745081,25.5209801746104,22.0249196295044));
#7792=CARTESIAN_POINT('Ctrl Pts',(29.9488393031061,27.5045596727576,21.7003324871291));
#7793=CARTESIAN_POINT('Ctrl Pts',(29.9488393031061,25.5727080201795,22.2179705773341));
#7794=CARTESIAN_POINT('',(30.2012268267572,25.3220102070398,21.2823536013506));
#7795=CARTESIAN_POINT('Ctrl Pts',(30.2012268267572,25.3220102070398,21.2823536013506));
#7796=CARTESIAN_POINT('Ctrl Pts',(30.1280503508316,25.3545036574549,21.4036208092129));
#7797=CARTESIAN_POINT('Ctrl Pts',(29.9548986819456,25.4313903221387,21.6905657482373));
#7798=CARTESIAN_POINT('Ctrl Pts',(29.9510572745081,25.5209801746104,22.0249196295044));
#7799=CARTESIAN_POINT('Ctrl Pts',(29.9488393031061,25.5727080201795,22.2179705773341));
#7800=CARTESIAN_POINT('',(30.2012268267572,27.253861859618,20.7647155111456));
#7801=CARTESIAN_POINT('Ctrl Pts',(30.9106389246881,27.1797116283872,20.4879830807993));
#7802=CARTESIAN_POINT('Ctrl Pts',(30.9106389246881,25.2478599758091,21.0056211710043));
#7803=CARTESIAN_POINT('Ctrl Pts',(30.7692637622709,27.1821155257074,20.4969545477346));
#7804=CARTESIAN_POINT('Ctrl Pts',(30.7692637622709,25.2502638731293,21.0145926379396));
#7805=CARTESIAN_POINT('Ctrl Pts',(30.5003151303434,27.1866886408467,20.5140216457833));
#7806=CARTESIAN_POINT('Ctrl Pts',(30.5003151303434,25.2548369882686,21.0316597359883));
#7807=CARTESIAN_POINT('Ctrl Pts',(30.2974528188018,27.23225014984,20.6840595122157));
#7808=CARTESIAN_POINT('Ctrl Pts',(30.2974528188018,25.3003984972619,21.2016976024208));
#7809=CARTESIAN_POINT('Ctrl Pts',(30.2012268267572,27.253861859618,20.7647155111456));
#7810=CARTESIAN_POINT('Ctrl Pts',(30.2012268267572,25.3220102070398,21.2823536013506));
#7811=CARTESIAN_POINT('',(30.9106389246881,25.2478599758091,21.0056211710043));
#7812=CARTESIAN_POINT('Ctrl Pts',(30.9106389246881,25.2478599758091,21.0056211710043));
#7813=CARTESIAN_POINT('Ctrl Pts',(30.7692637622709,25.2502638731293,21.0145926379396));
#7814=CARTESIAN_POINT('Ctrl Pts',(30.5003151303434,25.2548369882686,21.0316597359883));
#7815=CARTESIAN_POINT('Ctrl Pts',(30.2974528188018,25.3003984972619,21.2016976024208));
#7816=CARTESIAN_POINT('Ctrl Pts',(30.2012268267572,25.3220102070398,21.2823536013506));
#7817=CARTESIAN_POINT('',(30.9106389246881,27.1797116283872,20.4879830807993));
#7818=CARTESIAN_POINT('Ctrl Pts',(31.7257825098932,27.2785783976707,20.8569588869455));
#7819=CARTESIAN_POINT('Ctrl Pts',(31.7257825098932,25.3467267450925,21.3745969771505));
#7820=CARTESIAN_POINT('Ctrl Pts',(31.6124517905263,27.2497423395238,20.7493412528515));
#7821=CARTESIAN_POINT('Ctrl Pts',(31.6124517905263,25.3178906869457,21.2669793430565));
#7822=CARTESIAN_POINT('Ctrl Pts',(31.3855998824937,27.1920217599026,20.5339251170626));
#7823=CARTESIAN_POINT('Ctrl Pts',(31.3855998824937,25.2601701073244,21.0515632072676));
#7824=CARTESIAN_POINT('Ctrl Pts',(31.0690478383858,27.1838173017668,20.5033056624514));
#7825=CARTESIAN_POINT('Ctrl Pts',(31.0690478383858,25.2519656491887,21.0209437526564));
#7826=CARTESIAN_POINT('Ctrl Pts',(30.9106389246881,27.1797116283872,20.4879830807993));
#7827=CARTESIAN_POINT('Ctrl Pts',(30.9106389246881,25.2478599758091,21.0056211710043));
#7828=CARTESIAN_POINT('',(31.7257825098932,25.3467267450925,21.3745969771505));
#7829=CARTESIAN_POINT('Ctrl Pts',(31.7257825098932,25.3467267450925,21.3745969771505));
#7830=CARTESIAN_POINT('Ctrl Pts',(31.6124517905263,25.3178906869457,21.2669793430565));
#7831=CARTESIAN_POINT('Ctrl Pts',(31.3855998824937,25.2601701073244,21.0515632072676));
#7832=CARTESIAN_POINT('Ctrl Pts',(31.0690478383858,25.2519656491887,21.0209437526564));
#7833=CARTESIAN_POINT('Ctrl Pts',(30.9106389246881,25.2478599758091,21.0056211710043));
#7834=CARTESIAN_POINT('',(31.7257825098932,27.2785783976707,20.8569588869455));
#7835=CARTESIAN_POINT('Ctrl Pts',(32.0429722033441,27.6334396235265,22.1813190114756));
#7836=CARTESIAN_POINT('Ctrl Pts',(32.0429722033441,25.7015879709484,22.6989571016806));
#7837=CARTESIAN_POINT('Ctrl Pts',(32.0424110979365,27.5594434405519,21.9051614970482));
#7838=CARTESIAN_POINT('Ctrl Pts',(32.0424110979365,25.6275917879738,22.4227995872533));
#7839=CARTESIAN_POINT('Ctrl Pts',(32.0414601296595,27.4340338086548,21.4371263790497));
#7840=CARTESIAN_POINT('Ctrl Pts',(32.0414601296595,25.5021821560767,21.9547644692548));
#7841=CARTESIAN_POINT('Ctrl Pts',(31.8175695950667,27.3237789382071,21.0256496007569));
#7842=CARTESIAN_POINT('Ctrl Pts',(31.8175695950667,25.391927285629,21.543287690962));
#7843=CARTESIAN_POINT('Ctrl Pts',(31.7257825098932,27.2785783976707,20.8569588869455));
#7844=CARTESIAN_POINT('Ctrl Pts',(31.7257825098932,25.3467267450925,21.3745969771505));
#7845=CARTESIAN_POINT('',(32.0429722033441,25.7015879709484,22.6989571016806));
#7846=CARTESIAN_POINT('Ctrl Pts',(32.0429722033441,25.7015879709484,22.6989571016806));
#7847=CARTESIAN_POINT('Ctrl Pts',(32.0424110979365,25.6275917879738,22.4227995872533));
#7848=CARTESIAN_POINT('Ctrl Pts',(32.0414601296595,25.5021821560767,21.9547644692548));
#7849=CARTESIAN_POINT('Ctrl Pts',(31.8175695950667,25.391927285629,21.543287690962));
#7850=CARTESIAN_POINT('Ctrl Pts',(31.7257825098932,25.3467267450925,21.3745969771505));
#7851=CARTESIAN_POINT('',(32.0429722033441,27.6334396235265,22.1813190114756));
#7852=CARTESIAN_POINT('Origin',(32.0429722033441,28.5355986618361,25.5482223789543));
#7853=CARTESIAN_POINT('',(32.0429722033441,26.6037470092579,26.0658604691594));
#7854=CARTESIAN_POINT('',(32.0429722033441,25.7015879709484,22.6989571016806));
#7855=CARTESIAN_POINT('',(32.0429722033441,28.5355986618361,25.5482223789543));
#7856=CARTESIAN_POINT('Origin',(34.8192349635065,28.5355986618361,25.5482223789543));
#7857=CARTESIAN_POINT('',(34.8192349635065,26.6037470092579,26.0658604691594));
#7858=CARTESIAN_POINT('',(32.0429722033441,26.6037470092579,26.0658604691594));
#7859=CARTESIAN_POINT('',(34.8192349635065,28.5355986618361,25.5482223789543));
#7860=CARTESIAN_POINT('Origin',(34.8192349635065,26.6606612439171,18.5508606742686));
#7861=CARTESIAN_POINT('',(34.8192349635065,26.6037470092579,26.0658604691594));
#7862=CARTESIAN_POINT('Origin',(32.4999994598329,25.6424443304603,22.4782300304345));
#7863=CARTESIAN_POINT('Origin',(20.917462464422,27.2485655247216,20.7449493202185));
#7864=CARTESIAN_POINT('',(18.1616631709039,25.2496257293109,21.0122110527867));
#7865=CARTESIAN_POINT('',(18.1616631709039,27.181477381889,20.4945729625817));
#7866=CARTESIAN_POINT('',(20.917462464422,25.3167138721435,21.2625874104235));
#7867=CARTESIAN_POINT('',(18.1616631709039,25.2496257293109,21.0122110527867));
#7868=CARTESIAN_POINT('',(20.917462464422,27.2485655247216,20.7449493202185));
#7869=CARTESIAN_POINT('Ctrl Pts',(21.3949528895319,27.0667209908437,20.0662962807075));
#7870=CARTESIAN_POINT('Ctrl Pts',(21.3949528895319,25.1348693382656,20.5839343709125));
#7871=CARTESIAN_POINT('Ctrl Pts',(21.2962892596952,27.0895977765593,20.1516736073119));
#7872=CARTESIAN_POINT('Ctrl Pts',(21.2962892596952,25.1577461239812,20.6693116975169));
#7873=CARTESIAN_POINT('Ctrl Pts',(21.0797433763493,27.1398075020589,20.3390588539105));
#7874=CARTESIAN_POINT('Ctrl Pts',(21.0797433763493,25.2079558494808,20.8566969441156));
#7875=CARTESIAN_POINT('Ctrl Pts',(20.9746647075688,27.2102295135257,20.6018773786759));
#7876=CARTESIAN_POINT('Ctrl Pts',(20.9746647075688,25.2783778609476,21.119515468881));
#7877=CARTESIAN_POINT('Ctrl Pts',(20.917462464422,27.2485655247216,20.7449493202185));
#7878=CARTESIAN_POINT('Ctrl Pts',(20.917462464422,25.3167138721435,21.2625874104235));
#7879=CARTESIAN_POINT('',(21.3949528895319,25.1348693382656,20.5839343709125));
#7880=CARTESIAN_POINT('Ctrl Pts',(21.3949528895319,25.1348693382656,20.5839343709125));
#7881=CARTESIAN_POINT('Ctrl Pts',(21.2962892596952,25.1577461239812,20.6693116975169));
#7882=CARTESIAN_POINT('Ctrl Pts',(21.0797433763493,25.2079558494808,20.8566969441156));
#7883=CARTESIAN_POINT('Ctrl Pts',(20.9746647075688,25.2783778609476,21.119515468881));
#7884=CARTESIAN_POINT('Ctrl Pts',(20.917462464422,25.3167138721435,21.2625874104235));
#7885=CARTESIAN_POINT('',(21.3949528895319,27.0667209908437,20.0662962807075));
#7886=CARTESIAN_POINT('Ctrl Pts',(22.2135058604181,27.0119912713056,19.8620421867073));
#7887=CARTESIAN_POINT('Ctrl Pts',(22.2135058604181,25.0801396187275,20.3796802769123));
#7888=CARTESIAN_POINT('Ctrl Pts',(22.056714578056,27.0134004642567,19.8673013663982));
#7889=CARTESIAN_POINT('Ctrl Pts',(22.056714578056,25.0815488116785,20.3849394566032));
#7890=CARTESIAN_POINT('Ctrl Pts',(21.7674217376535,27.0160005414123,19.8770049864467));
#7891=CARTESIAN_POINT('Ctrl Pts',(21.7674217376535,25.0841488888342,20.3946430766517));
#7892=CARTESIAN_POINT('Ctrl Pts',(21.5119594284519,27.0507877812066,20.0068327328139));
#7893=CARTESIAN_POINT('Ctrl Pts',(21.5119594284519,25.1189361286284,20.524470823019));
#7894=CARTESIAN_POINT('Ctrl Pts',(21.3949528895319,27.0667209908437,20.0662962807075));
#7895=CARTESIAN_POINT('Ctrl Pts',(21.3949528895319,25.1348693382656,20.5839343709125));
#7896=CARTESIAN_POINT('',(22.2135058604181,25.0801396187275,20.3796802769123));
#7897=CARTESIAN_POINT('Ctrl Pts',(22.2135058604181,25.0801396187275,20.3796802769123));
#7898=CARTESIAN_POINT('Ctrl Pts',(22.056714578056,25.0815488116785,20.3849394566032));
#7899=CARTESIAN_POINT('Ctrl Pts',(21.7674217376535,25.0841488888342,20.3946430766517));
#7900=CARTESIAN_POINT('Ctrl Pts',(21.5119594284519,25.1189361286284,20.524470823019));
#7901=CARTESIAN_POINT('Ctrl Pts',(21.3949528895319,25.1348693382656,20.5839343709125));
#7902=CARTESIAN_POINT('',(22.2135058604181,27.0119912713056,19.8620421867073));
#7903=CARTESIAN_POINT('Ctrl Pts',(23.0798093043268,27.0737003915015,20.0923437585685));
#7904=CARTESIAN_POINT('Ctrl Pts',(23.0798093043268,25.1418487389233,20.6099818487736));
#7905=CARTESIAN_POINT('Ctrl Pts',(22.9593154597109,27.0557465259055,20.0253390199721));
#7906=CARTESIAN_POINT('Ctrl Pts',(22.9593154597109,25.1238948733274,20.5429771101771));
#7907=CARTESIAN_POINT('Ctrl Pts',(22.6922887141997,27.0159589142252,19.8768496316695));
#7908=CARTESIAN_POINT('Ctrl Pts',(22.6922887141997,25.0841072616471,20.3944877218746));
#7909=CARTESIAN_POINT('Ctrl Pts',(22.3831487186446,27.0133970908332,19.8672887766104));
#7910=CARTESIAN_POINT('Ctrl Pts',(22.3831487186446,25.081545438255,20.3849268668154));
#7911=CARTESIAN_POINT('Ctrl Pts',(22.2135058604181,27.0119912713056,19.8620421867073));
#7912=CARTESIAN_POINT('Ctrl Pts',(22.2135058604181,25.0801396187275,20.3796802769123));
#7913=CARTESIAN_POINT('',(23.0798093043268,25.1418487389233,20.6099818487736));
#7914=CARTESIAN_POINT('Ctrl Pts',(23.0798093043268,25.1418487389233,20.6099818487736));
#7915=CARTESIAN_POINT('Ctrl Pts',(22.9593154597109,25.1238948733274,20.5429771101771));
#7916=CARTESIAN_POINT('Ctrl Pts',(22.6922887141997,25.0841072616471,20.3944877218746));
#7917=CARTESIAN_POINT('Ctrl Pts',(22.3831487186446,25.081545438255,20.3849268668154));
#7918=CARTESIAN_POINT('Ctrl Pts',(22.2135058604181,25.0801396187275,20.3796802769123));
#7919=CARTESIAN_POINT('',(23.0798093043268,27.0737003915015,20.0923437585685));
#7920=CARTESIAN_POINT('Ctrl Pts',(23.3185545168817,27.1882633302585,20.5198984666741));
#7921=CARTESIAN_POINT('Ctrl Pts',(23.3185545168817,25.2564116776803,21.0375365568792));
#7922=CARTESIAN_POINT('Ctrl Pts',(23.3073534480901,27.166069529332,20.4370700740036));
#7923=CARTESIAN_POINT('Ctrl Pts',(23.3073534480901,25.2342178767539,20.9547081642086));
#7924=CARTESIAN_POINT('Ctrl Pts',(23.2841845064758,27.1201625817513,20.2657430132117));
#7925=CARTESIAN_POINT('Ctrl Pts',(23.2841845064758,25.1883109291731,20.7833811034168));
#7926=CARTESIAN_POINT('Ctrl Pts',(23.1494210908995,27.089525775586,20.1514048960215));
#7927=CARTESIAN_POINT('Ctrl Pts',(23.1494210908995,25.1576741230079,20.6690429862265));
#7928=CARTESIAN_POINT('Ctrl Pts',(23.0798093043268,27.0737003915015,20.0923437585685));
#7929=CARTESIAN_POINT('Ctrl Pts',(23.0798093043268,25.1418487389233,20.6099818487736));
#7930=CARTESIAN_POINT('',(23.3185545168817,25.2564116776803,21.0375365568792));
#7931=CARTESIAN_POINT('Ctrl Pts',(23.3185545168817,25.2564116776803,21.0375365568792));
#7932=CARTESIAN_POINT('Ctrl Pts',(23.3073534480901,25.2342178767539,20.9547081642086));
#7933=CARTESIAN_POINT('Ctrl Pts',(23.2841845064758,25.1883109291731,20.7833811034168));
#7934=CARTESIAN_POINT('Ctrl Pts',(23.1494210908995,25.1576741230079,20.6690429862265));
#7935=CARTESIAN_POINT('Ctrl Pts',(23.0798093043268,25.1418487389233,20.6099818487736));
#7936=CARTESIAN_POINT('',(23.3185545168817,27.1882633302585,20.5198984666741));
#7937=CARTESIAN_POINT('Ctrl Pts',(23.0047742091119,27.3081500636466,20.9673218468319));
#7938=CARTESIAN_POINT('Ctrl Pts',(23.0047742091119,25.3762984110684,21.4849599370369));
#7939=CARTESIAN_POINT('Ctrl Pts',(23.0962197816591,27.2933103029256,20.9119391058493));
#7940=CARTESIAN_POINT('Ctrl Pts',(23.0962197816591,25.3614586503475,21.4295771960543));
#7941=CARTESIAN_POINT('Ctrl Pts',(23.270103879515,27.2650924424707,20.8066286169507));
#7942=CARTESIAN_POINT('Ctrl Pts',(23.270103879515,25.3332407898926,21.3242667071558));
#7943=CARTESIAN_POINT('Ctrl Pts',(23.3029718147173,27.2129731222907,20.612116665983));
#7944=CARTESIAN_POINT('Ctrl Pts',(23.3029718147173,25.2811214697126,21.129754756188));
#7945=CARTESIAN_POINT('Ctrl Pts',(23.3185545168817,27.1882633302585,20.5198984666741));
#7946=CARTESIAN_POINT('Ctrl Pts',(23.3185545168817,25.2564116776803,21.0375365568792));
#7947=CARTESIAN_POINT('',(23.0047742091119,25.3762984110684,21.4849599370369));
#7948=CARTESIAN_POINT('Ctrl Pts',(23.0047742091119,25.3762984110684,21.4849599370369));
#7949=CARTESIAN_POINT('Ctrl Pts',(23.0962197816591,25.3614586503475,21.4295771960543));
#7950=CARTESIAN_POINT('Ctrl Pts',(23.270103879515,25.3332407898926,21.3242667071558));
#7951=CARTESIAN_POINT('Ctrl Pts',(23.3029718147173,25.2811214697126,21.129754756188));
#7952=CARTESIAN_POINT('Ctrl Pts',(23.3185545168817,25.2564116776803,21.0375365568792));
#7953=CARTESIAN_POINT('',(23.0047742091119,27.3081500636466,20.9673218468319));
#7954=CARTESIAN_POINT('Ctrl Pts',(21.8110505305231,27.3821901474022,21.2436432012047));
#7955=CARTESIAN_POINT('Ctrl Pts',(21.8110505305231,25.4503384948241,21.7612812914097));
#7956=CARTESIAN_POINT('Ctrl Pts',(22.0742723243687,27.3709997657535,21.2018801283354));
#7957=CARTESIAN_POINT('Ctrl Pts',(22.0742723243687,25.4391481131753,21.7195182185405));
#7958=CARTESIAN_POINT('Ctrl Pts',(22.4795690767511,27.3537693332961,21.1375752789682));
#7959=CARTESIAN_POINT('Ctrl Pts',(22.4795690767511,25.421917680718,21.6552133691732));
#7960=CARTESIAN_POINT('Ctrl Pts',(22.8684527735775,27.31999093104,21.01151256555));
#7961=CARTESIAN_POINT('Ctrl Pts',(22.8684527735775,25.3881392784619,21.5291506557551));
#7962=CARTESIAN_POINT('Ctrl Pts',(23.0047742091119,27.3081500636466,20.9673218468319));
#7963=CARTESIAN_POINT('Ctrl Pts',(23.0047742091119,25.3762984110684,21.4849599370369));
#7964=CARTESIAN_POINT('',(21.8110505305231,25.4503384948241,21.7612812914097));
#7965=CARTESIAN_POINT('Ctrl Pts',(21.8110505305231,25.4503384948241,21.7612812914097));
#7966=CARTESIAN_POINT('Ctrl Pts',(22.0742723243687,25.4391481131753,21.7195182185405));
#7967=CARTESIAN_POINT('Ctrl Pts',(22.4795690767511,25.421917680718,21.6552133691732));
#7968=CARTESIAN_POINT('Ctrl Pts',(22.8684527735775,25.3881392784619,21.5291506557551));
#7969=CARTESIAN_POINT('Ctrl Pts',(23.0047742091119,25.3762984110684,21.4849599370369));
#7970=CARTESIAN_POINT('',(21.8110505305231,27.3821901474022,21.2436432012047));
#7971=CARTESIAN_POINT('Ctrl Pts',(19.8021832667291,27.5029873715441,21.6944645791153));
#7972=CARTESIAN_POINT('Ctrl Pts',(19.8021832667291,25.5711357189659,22.2121026693203));
#7973=CARTESIAN_POINT('Ctrl Pts',(20.0623376822691,27.4825432726166,21.6181661632031));
#7974=CARTESIAN_POINT('Ctrl Pts',(20.0623376822691,25.5506916200385,22.1358042534081));
#7975=CARTESIAN_POINT('Ctrl Pts',(20.7212166043935,27.4307656164997,21.424929319878));
#7976=CARTESIAN_POINT('Ctrl Pts',(20.7212166043935,25.4989139639216,21.942567410083));
#7977=CARTESIAN_POINT('Ctrl Pts',(21.4001748821853,27.4005034673313,21.3119894416351));
#7978=CARTESIAN_POINT('Ctrl Pts',(21.4001748821853,25.4686518147531,21.8296275318402));
#7979=CARTESIAN_POINT('Ctrl Pts',(21.8110505305231,27.3821901474022,21.2436432012047));
#7980=CARTESIAN_POINT('Ctrl Pts',(21.8110505305231,25.4503384948241,21.7612812914097));
#7981=CARTESIAN_POINT('',(19.8021832667291,25.5711357189659,22.2121026693203));
#7982=CARTESIAN_POINT('Ctrl Pts',(19.8021832667291,25.5711357189659,22.2121026693203));
#7983=CARTESIAN_POINT('Ctrl Pts',(20.0623376822691,25.5506916200385,22.1358042534081));
#7984=CARTESIAN_POINT('Ctrl Pts',(20.7212166043935,25.4989139639216,21.942567410083));
#7985=CARTESIAN_POINT('Ctrl Pts',(21.4001748821853,25.4686518147531,21.8296275318402));
#7986=CARTESIAN_POINT('Ctrl Pts',(21.8110505305231,25.4503384948241,21.7612812914097));
#7987=CARTESIAN_POINT('',(19.8021832667291,27.5029873715441,21.6944645791153));
#7988=CARTESIAN_POINT('Ctrl Pts',(18.8540259562433,27.6908175105128,22.3954562009393));
#7989=CARTESIAN_POINT('Ctrl Pts',(18.8540259562433,25.7589658579347,22.9130942911444));
#7990=CARTESIAN_POINT('Ctrl Pts',(18.9883240510761,27.6500789877554,22.2434179641836));
#7991=CARTESIAN_POINT('Ctrl Pts',(18.9883240510761,25.7182273351773,22.7610560543887));
#7992=CARTESIAN_POINT('Ctrl Pts',(19.2526560372873,27.5698954628204,21.944168975196));
#7993=CARTESIAN_POINT('Ctrl Pts',(19.2526560372873,25.6380438102422,22.4618070654011));
#7994=CARTESIAN_POINT('Ctrl Pts',(19.6209881681586,27.5250489138016,21.7767993757136));
#7995=CARTESIAN_POINT('Ctrl Pts',(19.6209881681586,25.5931972612234,22.2944374659187));
#7996=CARTESIAN_POINT('Ctrl Pts',(19.8021832667291,27.5029873715441,21.6944645791153));
#7997=CARTESIAN_POINT('Ctrl Pts',(19.8021832667291,25.5711357189659,22.2121026693203));
#7998=CARTESIAN_POINT('',(18.8540259562433,25.7589658579347,22.9130942911444));
#7999=CARTESIAN_POINT('Ctrl Pts',(18.8540259562433,25.7589658579347,22.9130942911444));
#8000=CARTESIAN_POINT('Ctrl Pts',(18.9883240510761,25.7182273351773,22.7610560543887));
#8001=CARTESIAN_POINT('Ctrl Pts',(19.2526560372873,25.6380438102422,22.4618070654011));
#8002=CARTESIAN_POINT('Ctrl Pts',(19.6209881681586,25.5931972612234,22.2944374659187));
#8003=CARTESIAN_POINT('Ctrl Pts',(19.8021832667291,25.5711357189659,22.2121026693203));
#8004=CARTESIAN_POINT('',(18.8540259562433,27.6908175105128,22.3954562009393));
#8005=CARTESIAN_POINT('Ctrl Pts',(18.4686223231256,27.9924108620326,23.5210179120362));
#8006=CARTESIAN_POINT('Ctrl Pts',(18.4686223231256,26.0605592094544,24.0386560022412));
#8007=CARTESIAN_POINT('Ctrl Pts',(18.4842981828654,27.9376460116042,23.3166327077686));
#8008=CARTESIAN_POINT('Ctrl Pts',(18.4842981828654,26.0057943590261,23.8342707979736));
#8009=CARTESIAN_POINT('Ctrl Pts',(18.5154661673847,27.8287582032999,22.9102578748522));
#8010=CARTESIAN_POINT('Ctrl Pts',(18.5154661673847,25.8969065507218,23.4278959650572));
#8011=CARTESIAN_POINT('Ctrl Pts',(18.741617079086,27.7366166836597,22.5663810420681));
#8012=CARTESIAN_POINT('Ctrl Pts',(18.741617079086,25.8047650310815,23.0840191322732));
#8013=CARTESIAN_POINT('Ctrl Pts',(18.8540259562433,27.6908175105128,22.3954562009393));
#8014=CARTESIAN_POINT('Ctrl Pts',(18.8540259562433,25.7589658579347,22.9130942911444));
#8015=CARTESIAN_POINT('',(18.4686223231256,26.0605592094544,24.0386560022412));
#8016=CARTESIAN_POINT('Ctrl Pts',(18.4686223231256,26.0605592094545,24.0386560022412));
#8017=CARTESIAN_POINT('Ctrl Pts',(18.4842981828654,26.0057943590261,23.8342707979736));
#8018=CARTESIAN_POINT('Ctrl Pts',(18.5154661673847,25.8969065507218,23.4278959650572));
#8019=CARTESIAN_POINT('Ctrl Pts',(18.741617079086,25.8047650310815,23.0840191322732));
#8020=CARTESIAN_POINT('Ctrl Pts',(18.8540259562433,25.7589658579347,22.9130942911444));
#8021=CARTESIAN_POINT('',(18.4686223231256,27.9924108620326,23.5210179120362));
#8022=CARTESIAN_POINT('Ctrl Pts',(18.8847199641168,28.3116589717433,24.7124680776968));
#8023=CARTESIAN_POINT('Ctrl Pts',(18.8847199641168,26.3798073191651,25.2301061679018));
#8024=CARTESIAN_POINT('Ctrl Pts',(18.7633720824609,28.2642455239881,24.5355186817127));
#8025=CARTESIAN_POINT('Ctrl Pts',(18.7633720824609,26.33239387141,25.0531567719177));
#8026=CARTESIAN_POINT('Ctrl Pts',(18.5156613252438,28.1674591533864,24.1743070291467));
#8027=CARTESIAN_POINT('Ctrl Pts',(18.5156613252438,26.2356075008082,24.6919451193517));
#8028=CARTESIAN_POINT('Ctrl Pts',(18.4845121989424,28.0515425503402,23.7417003771374));
#8029=CARTESIAN_POINT('Ctrl Pts',(18.4845121989424,26.119690897762,24.2593384673425));
#8030=CARTESIAN_POINT('Ctrl Pts',(18.4686223231256,27.9924108620326,23.5210179120362));
#8031=CARTESIAN_POINT('Ctrl Pts',(18.4686223231256,26.0605592094544,24.0386560022412));
#8032=CARTESIAN_POINT('',(18.8847199641168,26.3798073191651,25.2301061679018));
#8033=CARTESIAN_POINT('Ctrl Pts',(18.8847199641168,26.3798073191651,25.2301061679018));
#8034=CARTESIAN_POINT('Ctrl Pts',(18.7633720824609,26.33239387141,25.0531567719177));
#8035=CARTESIAN_POINT('Ctrl Pts',(18.5156613252438,26.2356075008082,24.6919451193517));
#8036=CARTESIAN_POINT('Ctrl Pts',(18.4845121989424,26.119690897762,24.2593384673425));
#8037=CARTESIAN_POINT('Ctrl Pts',(18.4686223231256,26.0605592094545,24.0386560022412));
#8038=CARTESIAN_POINT('',(18.8847199641168,28.3116589717433,24.7124680776968));
#8039=CARTESIAN_POINT('Ctrl Pts',(20.030695553869,28.511833649871,25.4595301468582));
#8040=CARTESIAN_POINT('Ctrl Pts',(20.030695553869,26.5799819972929,25.9771682370633));
#8041=CARTESIAN_POINT('Ctrl Pts',(19.8035398870604,28.4879219310603,25.3702903973604));
#8042=CARTESIAN_POINT('Ctrl Pts',(19.8035398870604,26.5560702784822,25.8879284875654));
#8043=CARTESIAN_POINT('Ctrl Pts',(19.3667744702432,28.4419454780847,25.1987039389036));
#8044=CARTESIAN_POINT('Ctrl Pts',(19.3667744702432,26.5100938255066,25.7163420291087));
#8045=CARTESIAN_POINT('Ctrl Pts',(19.0410429940003,28.3539089272263,24.8701470581769));
#8046=CARTESIAN_POINT('Ctrl Pts',(19.0410429940003,26.4220572746481,25.3877851483819));
#8047=CARTESIAN_POINT('Ctrl Pts',(18.8847199641168,28.3116589717433,24.7124680776968));
#8048=CARTESIAN_POINT('Ctrl Pts',(18.8847199641168,26.3798073191651,25.2301061679018));
#8049=CARTESIAN_POINT('',(20.030695553869,26.5799819972929,25.9771682370633));
#8050=CARTESIAN_POINT('Ctrl Pts',(20.030695553869,26.5799819972929,25.9771682370633));
#8051=CARTESIAN_POINT('Ctrl Pts',(19.8035398870604,26.5560702784822,25.8879284875654));
#8052=CARTESIAN_POINT('Ctrl Pts',(19.3667744702432,26.5100938255066,25.7163420291087));
#8053=CARTESIAN_POINT('Ctrl Pts',(19.0410429940003,26.4220572746481,25.3877851483819));
#8054=CARTESIAN_POINT('Ctrl Pts',(18.8847199641168,26.3798073191651,25.2301061679018));
#8055=CARTESIAN_POINT('',(20.030695553869,28.511833649871,25.4595301468582));
#8056=CARTESIAN_POINT('Ctrl Pts',(21.9884053431451,28.577970266616,25.7063553607913));
#8057=CARTESIAN_POINT('Ctrl Pts',(21.9884053431451,26.6461186140378,26.2239934509963));
#8058=CARTESIAN_POINT('Ctrl Pts',(21.6183037970663,28.5767434968832,25.7017769938194));
#8059=CARTESIAN_POINT('Ctrl Pts',(21.6183037970663,26.6448918443051,26.2194150840245));
#8060=CARTESIAN_POINT('Ctrl Pts',(20.954986307211,28.5745448089059,25.6935713785779));
#8061=CARTESIAN_POINT('Ctrl Pts',(20.954986307211,26.6426931563277,26.211209468783));
#8062=CARTESIAN_POINT('Ctrl Pts',(20.3140278201924,28.5310571406923,25.5312731913023));
#8063=CARTESIAN_POINT('Ctrl Pts',(20.3140278201924,26.5992054881142,26.0489112815074));
#8064=CARTESIAN_POINT('Ctrl Pts',(20.030695553869,28.511833649871,25.4595301468582));
#8065=CARTESIAN_POINT('Ctrl Pts',(20.030695553869,26.5799819972929,25.9771682370633));
#8066=CARTESIAN_POINT('',(21.9884053431451,26.6461186140378,26.2239934509963));
#8067=CARTESIAN_POINT('Ctrl Pts',(21.9884053431451,26.6461186140379,26.2239934509963));
#8068=CARTESIAN_POINT('Ctrl Pts',(21.6183037970663,26.6448918443051,26.2194150840245));
#8069=CARTESIAN_POINT('Ctrl Pts',(20.954986307211,26.6426931563277,26.211209468783));
#8070=CARTESIAN_POINT('Ctrl Pts',(20.3140278201924,26.5992054881142,26.0489112815074));
#8071=CARTESIAN_POINT('Ctrl Pts',(20.030695553869,26.5799819972929,25.9771682370633));
#8072=CARTESIAN_POINT('',(21.9884053431451,28.577970266616,25.7063553607913));
#8073=CARTESIAN_POINT('Ctrl Pts',(23.9017740450799,28.5267711284724,25.5152775759358));
#8074=CARTESIAN_POINT('Ctrl Pts',(23.9017740450799,26.5949194758943,26.0329156661409));
#8075=CARTESIAN_POINT('Ctrl Pts',(23.6403450948519,28.5415994863345,25.5706177608698));
#8076=CARTESIAN_POINT('Ctrl Pts',(23.6403450948519,26.6097478337564,26.0882558510748));
#8077=CARTESIAN_POINT('Ctrl Pts',(23.0108807610882,28.577302962917,25.7038649494824));
#8078=CARTESIAN_POINT('Ctrl Pts',(23.0108807610882,26.6454513103388,26.2215030396874));
#8079=CARTESIAN_POINT('Ctrl Pts',(22.3656557083054,28.5777240596562,25.7054365039081));
#8080=CARTESIAN_POINT('Ctrl Pts',(22.3656557083054,26.645872407078,26.2230745941131));
#8081=CARTESIAN_POINT('Ctrl Pts',(21.9884053431451,28.577970266616,25.7063553607913));
#8082=CARTESIAN_POINT('Ctrl Pts',(21.9884053431451,26.6461186140378,26.2239934509963));
#8083=CARTESIAN_POINT('',(23.9017740450799,26.5949194758943,26.0329156661409));
#8084=CARTESIAN_POINT('Ctrl Pts',(23.9017740450799,26.5949194758943,26.0329156661409));
#8085=CARTESIAN_POINT('Ctrl Pts',(23.6403450948519,26.6097478337564,26.0882558510748));
#8086=CARTESIAN_POINT('Ctrl Pts',(23.0108807610882,26.6454513103388,26.2215030396874));
#8087=CARTESIAN_POINT('Ctrl Pts',(22.3656557083054,26.645872407078,26.2230745941131));
#8088=CARTESIAN_POINT('Ctrl Pts',(21.9884053431451,26.6461186140379,26.2239934509963));
#8089=CARTESIAN_POINT('',(23.9017740450799,28.5267711284724,25.5152775759358));
#8090=CARTESIAN_POINT('Ctrl Pts',(24.9317876063287,28.3678783047545,24.9222814848623));
#8091=CARTESIAN_POINT('Ctrl Pts',(24.9317876063287,26.4360266521764,25.4399195750674));
#8092=CARTESIAN_POINT('Ctrl Pts',(24.7831187802453,28.4016322365904,25.048252873429));
#8093=CARTESIAN_POINT('Ctrl Pts',(24.7831187802453,26.4697805840122,25.565890963634));
#8094=CARTESIAN_POINT('Ctrl Pts',(24.4777482909243,28.4709638843391,25.3070021053996));
#8095=CARTESIAN_POINT('Ctrl Pts',(24.4777482909243,26.5391122317609,25.8246401956046));
#8096=CARTESIAN_POINT('Ctrl Pts',(24.0971031117767,28.5078453223446,25.4446455058924));
#8097=CARTESIAN_POINT('Ctrl Pts',(24.0971031117767,26.5759936697664,25.9622835960975));
#8098=CARTESIAN_POINT('Ctrl Pts',(23.9017740450799,28.5267711284724,25.5152775759358));
#8099=CARTESIAN_POINT('Ctrl Pts',(23.9017740450799,26.5949194758943,26.0329156661409));
#8100=CARTESIAN_POINT('',(24.9317876063287,26.4360266521764,25.4399195750674));
#8101=CARTESIAN_POINT('Ctrl Pts',(24.9317876063287,26.4360266521764,25.4399195750674));
#8102=CARTESIAN_POINT('Ctrl Pts',(24.7831187802453,26.4697805840122,25.565890963634));
#8103=CARTESIAN_POINT('Ctrl Pts',(24.4777482909243,26.5391122317609,25.8246401956046));
#8104=CARTESIAN_POINT('Ctrl Pts',(24.0971031117767,26.5759936697664,25.9622835960975));
#8105=CARTESIAN_POINT('Ctrl Pts',(23.9017740450799,26.5949194758943,26.0329156661409));
#8106=CARTESIAN_POINT('',(24.9317876063287,28.3678783047545,24.9222814848623));
#8107=CARTESIAN_POINT('Ctrl Pts',(25.6173268519342,28.0765746403367,23.8351214088243));
#8108=CARTESIAN_POINT('Ctrl Pts',(25.6173268519342,26.1447229877586,24.3527594990293));
#8109=CARTESIAN_POINT('Ctrl Pts',(25.5257404939839,28.1332154713139,24.0465078678138));
#8110=CARTESIAN_POINT('Ctrl Pts',(25.5257404939839,26.2013638187357,24.5641459580189));
#8111=CARTESIAN_POINT('Ctrl Pts',(25.3540262562277,28.2394107315555,24.4428339745584));
#8112=CARTESIAN_POINT('Ctrl Pts',(25.3540262562277,26.3075590789773,24.9604720647635));
#8113=CARTESIAN_POINT('Ctrl Pts',(25.0661300591163,28.3270041477076,24.7697370540469));
#8114=CARTESIAN_POINT('Ctrl Pts',(25.0661300591163,26.3951524951295,25.287375144252));
#8115=CARTESIAN_POINT('Ctrl Pts',(24.9317876063287,28.3678783047545,24.9222814848623));
#8116=CARTESIAN_POINT('Ctrl Pts',(24.9317876063287,26.4360266521764,25.4399195750674));
#8117=CARTESIAN_POINT('',(25.6173268519342,26.1447229877586,24.3527594990293));
#8118=CARTESIAN_POINT('Ctrl Pts',(25.6173268519342,26.1447229877586,24.3527594990293));
#8119=CARTESIAN_POINT('Ctrl Pts',(25.5257404939839,26.2013638187357,24.5641459580189));
#8120=CARTESIAN_POINT('Ctrl Pts',(25.3540262562277,26.3075590789773,24.9604720647635));
#8121=CARTESIAN_POINT('Ctrl Pts',(25.0661300591163,26.3951524951295,25.287375144252));
#8122=CARTESIAN_POINT('Ctrl Pts',(24.9317876063287,26.4360266521764,25.4399195750674));
#8123=CARTESIAN_POINT('',(25.6173268519342,28.0765746403367,23.8351214088243));
#8124=CARTESIAN_POINT('Origin',(22.9843107424676,28.0094864975041,23.5847450511875));
#8125=CARTESIAN_POINT('',(22.9843107424676,26.077634844926,24.1023831413925));
#8126=CARTESIAN_POINT('',(25.6173268519342,26.1447229877586,24.3527594990293));
#8127=CARTESIAN_POINT('',(22.9843107424676,28.0094864975041,23.5847450511875));
#8128=CARTESIAN_POINT('Ctrl Pts',(22.6432458125055,28.1418973382039,24.078909036152));
#8129=CARTESIAN_POINT('Ctrl Pts',(22.6432458125055,26.2100456856258,24.5965471263571));
#8130=CARTESIAN_POINT('Ctrl Pts',(22.718026390575,28.124960890696,24.0157013535529));
#8131=CARTESIAN_POINT('Ctrl Pts',(22.718026390575,26.1931092381179,24.533339443758));
#8132=CARTESIAN_POINT('Ctrl Pts',(22.8773344137117,28.0888805067101,23.881047527361));
#8133=CARTESIAN_POINT('Ctrl Pts',(22.8773344137117,26.157028854132,24.398685617566));
#8134=CARTESIAN_POINT('Ctrl Pts',(22.9472265732981,28.0370090429371,23.6874605890971));
#8135=CARTESIAN_POINT('Ctrl Pts',(22.9472265732981,26.105157390359,24.2050986793022));
#8136=CARTESIAN_POINT('Ctrl Pts',(22.9843107424676,28.0094864975041,23.5847450511875));
#8137=CARTESIAN_POINT('Ctrl Pts',(22.9843107424676,26.077634844926,24.1023831413925));
#8138=CARTESIAN_POINT('',(22.6432458125055,26.2100456856258,24.5965471263571));
#8139=CARTESIAN_POINT('Ctrl Pts',(22.6432458125055,26.2100456856258,24.5965471263571));
#8140=CARTESIAN_POINT('Ctrl Pts',(22.718026390575,26.1931092381179,24.533339443758));
#8141=CARTESIAN_POINT('Ctrl Pts',(22.8773344137117,26.157028854132,24.398685617566));
#8142=CARTESIAN_POINT('Ctrl Pts',(22.9472265732981,26.105157390359,24.2050986793022));
#8143=CARTESIAN_POINT('Ctrl Pts',(22.9843107424676,26.077634844926,24.1023831413925));
#8144=CARTESIAN_POINT('',(22.6432458125055,28.1418973382039,24.078909036152));
#8145=CARTESIAN_POINT('Ctrl Pts',(21.8519774638116,28.1983925027075,24.2897518604613));
#8146=CARTESIAN_POINT('Ctrl Pts',(21.8519774638116,26.2665408501293,24.8073899506663));
#8147=CARTESIAN_POINT('Ctrl Pts',(21.9982790730809,28.1964788208276,24.2826099024559));
#8148=CARTESIAN_POINT('Ctrl Pts',(21.9982790730809,26.2646271682494,24.8002479926609));
#8149=CARTESIAN_POINT('Ctrl Pts',(22.2786147725967,28.1928119209818,24.2689248459254));
#8150=CARTESIAN_POINT('Ctrl Pts',(22.2786147725967,26.2609602684037,24.7865629361305));
#8151=CARTESIAN_POINT('Ctrl Pts',(22.5253004629232,28.1583664195692,24.1403724845614));
#8152=CARTESIAN_POINT('Ctrl Pts',(22.5253004629232,26.2265147669911,24.6580105747664));
#8153=CARTESIAN_POINT('Ctrl Pts',(22.6432458125055,28.1418973382039,24.078909036152));
#8154=CARTESIAN_POINT('Ctrl Pts',(22.6432458125055,26.2100456856258,24.5965471263571));
#8155=CARTESIAN_POINT('',(21.8519774638116,26.2665408501293,24.8073899506663));
#8156=CARTESIAN_POINT('Ctrl Pts',(21.8519774638116,26.2665408501293,24.8073899506663));
#8157=CARTESIAN_POINT('Ctrl Pts',(21.9982790730809,26.2646271682494,24.8002479926609));
#8158=CARTESIAN_POINT('Ctrl Pts',(22.2786147725967,26.2609602684037,24.7865629361305));
#8159=CARTESIAN_POINT('Ctrl Pts',(22.5253004629232,26.2265147669911,24.6580105747664));
#8160=CARTESIAN_POINT('Ctrl Pts',(22.6432458125055,26.2100456856258,24.5965471263571));
#8161=CARTESIAN_POINT('',(21.8519774638116,28.1983925027075,24.2897518604613));
#8162=CARTESIAN_POINT('Ctrl Pts',(21.1664382182062,28.1552069790497,24.1285812920191));
#8163=CARTESIAN_POINT('Ctrl Pts',(21.1664382182062,26.2233553264716,24.6462193822241));
#8164=CARTESIAN_POINT('Ctrl Pts',(21.2575818956528,28.1677371428433,24.1753444999237));
#8165=CARTESIAN_POINT('Ctrl Pts',(21.2575818956528,26.2358854902651,24.6929825901288));
#8166=CARTESIAN_POINT('Ctrl Pts',(21.4706567953171,28.1970300512257,24.2846671223085));
#8167=CARTESIAN_POINT('Ctrl Pts',(21.4706567953171,26.2651783986476,24.8023052125135));
#8168=CARTESIAN_POINT('Ctrl Pts',(21.7131892682253,28.1978966151295,24.2879011828255));
#8169=CARTESIAN_POINT('Ctrl Pts',(21.7131892682253,26.2660449625514,24.8055392730305));
#8170=CARTESIAN_POINT('Ctrl Pts',(21.8519774638116,28.1983925027075,24.2897518604613));
#8171=CARTESIAN_POINT('Ctrl Pts',(21.8519774638116,26.2665408501293,24.8073899506663));
#8172=CARTESIAN_POINT('',(21.1664382182062,26.2233553264716,24.6462193822241));
#8173=CARTESIAN_POINT('Ctrl Pts',(21.1664382182062,26.2233553264716,24.6462193822241));
#8174=CARTESIAN_POINT('Ctrl Pts',(21.2575818956528,26.2358854902651,24.6929825901288));
#8175=CARTESIAN_POINT('Ctrl Pts',(21.4706567953171,26.2651783986476,24.8023052125135));
#8176=CARTESIAN_POINT('Ctrl Pts',(21.7131892682253,26.2660449625514,24.8055392730305));
#8177=CARTESIAN_POINT('Ctrl Pts',(21.8519774638116,26.2665408501293,24.8073899506663));
#8178=CARTESIAN_POINT('',(21.1664382182062,28.1552069790497,24.1285812920191));
#8179=CARTESIAN_POINT('Ctrl Pts',(20.9515682421625,28.0503129522688,23.7371114546623));
#8180=CARTESIAN_POINT('Ctrl Pts',(20.9515682421625,26.1184612996907,24.2547495448674));
#8181=CARTESIAN_POINT('Ctrl Pts',(20.9618233913446,28.0703651074868,23.8119471167369));
#8182=CARTESIAN_POINT('Ctrl Pts',(20.9618233913446,26.1385134549086,24.3295852069419));
#8183=CARTESIAN_POINT('Ctrl Pts',(20.9831548608635,28.1120750748623,23.9676108341643));
#8184=CARTESIAN_POINT('Ctrl Pts',(20.9831548608635,26.1802234222841,24.4852489243693));
#8185=CARTESIAN_POINT('Ctrl Pts',(21.1037957119643,28.1404653755759,24.0735648788699));
#8186=CARTESIAN_POINT('Ctrl Pts',(21.1037957119643,26.2086137229978,24.591202969075));
#8187=CARTESIAN_POINT('Ctrl Pts',(21.1664382182062,28.1552069790497,24.1285812920191));
#8188=CARTESIAN_POINT('Ctrl Pts',(21.1664382182062,26.2233553264716,24.6462193822241));
#8189=CARTESIAN_POINT('',(20.9515682421625,26.1184612996907,24.2547495448674));
#8190=CARTESIAN_POINT('Ctrl Pts',(20.9515682421625,26.1184612996907,24.2547495448674));
#8191=CARTESIAN_POINT('Ctrl Pts',(20.9618233913446,26.1385134549086,24.3295852069419));
#8192=CARTESIAN_POINT('Ctrl Pts',(20.9831548608635,26.1802234222841,24.4852489243693));
#8193=CARTESIAN_POINT('Ctrl Pts',(21.1037957119643,26.2086137229978,24.591202969075));
#8194=CARTESIAN_POINT('Ctrl Pts',(21.1664382182062,26.2233553264716,24.6462193822241));
#8195=CARTESIAN_POINT('',(20.9515682421625,28.0503129522688,23.7371114546623));
#8196=CARTESIAN_POINT('Ctrl Pts',(21.2244216166437,27.9463155321062,23.3489877987593));
#8197=CARTESIAN_POINT('Ctrl Pts',(21.2244216166437,26.0144638795281,23.8666258889643));
#8198=CARTESIAN_POINT('Ctrl Pts',(21.1448846390051,27.958924298394,23.396044355166));
#8199=CARTESIAN_POINT('Ctrl Pts',(21.1448846390051,26.0270726458158,23.9136824453711));
#8200=CARTESIAN_POINT('Ctrl Pts',(20.9924396775351,27.9830909558154,23.4862355485118));
#8201=CARTESIAN_POINT('Ctrl Pts',(20.9924396775351,26.0512393032372,24.0038736387168));
#8202=CARTESIAN_POINT('Ctrl Pts',(20.9647912952064,28.0285647553505,23.65594607879));
#8203=CARTESIAN_POINT('Ctrl Pts',(20.9647912952064,26.0967131027724,24.1735841689951));
#8204=CARTESIAN_POINT('Ctrl Pts',(20.9515682421625,28.0503129522688,23.7371114546623));
#8205=CARTESIAN_POINT('Ctrl Pts',(20.9515682421625,26.1184612996907,24.2547495448674));
#8206=CARTESIAN_POINT('',(21.2244216166437,26.0144638795281,23.8666258889643));
#8207=CARTESIAN_POINT('Ctrl Pts',(21.2244216166437,26.0144638795281,23.8666258889643));
#8208=CARTESIAN_POINT('Ctrl Pts',(21.1448846390051,26.0270726458158,23.9136824453711));
#8209=CARTESIAN_POINT('Ctrl Pts',(20.9924396775351,26.0512393032372,24.0038736387168));
#8210=CARTESIAN_POINT('Ctrl Pts',(20.9647912952064,26.0967131027724,24.1735841689951));
#8211=CARTESIAN_POINT('Ctrl Pts',(20.9515682421625,26.1184612996907,24.2547495448674));
#8212=CARTESIAN_POINT('',(21.2244216166437,27.9463155321062,23.3489877987593));
#8213=CARTESIAN_POINT('Ctrl Pts',(22.4113241396844,27.8828409669449,23.112097496589));
#8214=CARTESIAN_POINT('Ctrl Pts',(22.4113241396844,25.9509893143668,23.629735586794));
#8215=CARTESIAN_POINT('Ctrl Pts',(22.1576599348878,27.8900582898135,23.1390329122291));
#8216=CARTESIAN_POINT('Ctrl Pts',(22.1576599348878,25.9582066372353,23.6566710024342));
#8217=CARTESIAN_POINT('Ctrl Pts',(21.753622233934,27.9015540802471,23.1819357862006));
#8218=CARTESIAN_POINT('Ctrl Pts',(21.753622233934,25.969702427669,23.6995738764057));
#8219=CARTESIAN_POINT('Ctrl Pts',(21.3679572223551,27.9341748393421,23.3036781165244));
#8220=CARTESIAN_POINT('Ctrl Pts',(21.3679572223551,26.0023231867639,23.8213162067295));
#8221=CARTESIAN_POINT('Ctrl Pts',(21.2244216166437,27.9463155321062,23.3489877987593));
#8222=CARTESIAN_POINT('Ctrl Pts',(21.2244216166437,26.0144638795281,23.8666258889643));
#8223=CARTESIAN_POINT('',(22.4113241396844,25.9509893143668,23.629735586794));
#8224=CARTESIAN_POINT('Ctrl Pts',(22.4113241396844,25.9509893143668,23.629735586794));
#8225=CARTESIAN_POINT('Ctrl Pts',(22.1576599348878,25.9582066372353,23.6566710024342));
#8226=CARTESIAN_POINT('Ctrl Pts',(21.753622233934,25.969702427669,23.6995738764057));
#8227=CARTESIAN_POINT('Ctrl Pts',(21.3679572223551,26.0023231867639,23.8213162067295));
#8228=CARTESIAN_POINT('Ctrl Pts',(21.2244216166437,26.0144638795281,23.8666258889643));
#8229=CARTESIAN_POINT('',(22.4113241396844,27.8828409669449,23.112097496589));
#8230=CARTESIAN_POINT('Ctrl Pts',(24.471351262182,27.7699743610121,22.6908735887699));
#8231=CARTESIAN_POINT('Ctrl Pts',(24.471351262182,25.8381227084339,23.2085116789749));
#8232=CARTESIAN_POINT('Ctrl Pts',(24.1888870231046,27.793475766293,22.7785820273275));
#8233=CARTESIAN_POINT('Ctrl Pts',(24.1888870231046,25.8616241137149,23.2962201175325));
#8234=CARTESIAN_POINT('Ctrl Pts',(23.5178610875201,27.8493060282677,22.9869434016168));
#8235=CARTESIAN_POINT('Ctrl Pts',(23.5178610875201,25.9174543756895,23.5045814918218));
#8236=CARTESIAN_POINT('Ctrl Pts',(22.8171026337671,27.8705433595833,23.0662022011039));
#8237=CARTESIAN_POINT('Ctrl Pts',(22.8171026337671,25.9386917070051,23.5838402913089));
#8238=CARTESIAN_POINT('Ctrl Pts',(22.4113241396844,27.8828409669449,23.112097496589));
#8239=CARTESIAN_POINT('Ctrl Pts',(22.4113241396844,25.9509893143668,23.629735586794));
#8240=CARTESIAN_POINT('',(24.471351262182,25.8381227084339,23.2085116789749));
#8241=CARTESIAN_POINT('Ctrl Pts',(24.471351262182,25.838122708434,23.2085116789749));
#8242=CARTESIAN_POINT('Ctrl Pts',(24.1888870231046,25.8616241137149,23.2962201175325));
#8243=CARTESIAN_POINT('Ctrl Pts',(23.5178610875201,25.9174543756895,23.5045814918218));
#8244=CARTESIAN_POINT('Ctrl Pts',(22.8171026337671,25.9386917070052,23.5838402913089));
#8245=CARTESIAN_POINT('Ctrl Pts',(22.4113241396844,25.9509893143668,23.629735586794));
#8246=CARTESIAN_POINT('',(24.471351262182,27.7699743610121,22.6908735887699));
#8247=CARTESIAN_POINT('Ctrl Pts',(25.5047742091119,27.5636203169689,21.9207498120534));
#8248=CARTESIAN_POINT('Ctrl Pts',(25.5047742091119,25.6317686643908,22.4383879022585));
#8249=CARTESIAN_POINT('Ctrl Pts',(25.3680331883159,27.606160722696,22.0795127676015));
#8250=CARTESIAN_POINT('Ctrl Pts',(25.3680331883159,25.6743090701179,22.5971508578066));
#8251=CARTESIAN_POINT('Ctrl Pts',(25.0832900612328,27.6947448804243,22.4101133449891));
#8252=CARTESIAN_POINT('Ctrl Pts',(25.0832900612328,25.7628932278461,22.9277514351941));
#8253=CARTESIAN_POINT('Ctrl Pts',(24.6806389081093,27.7442453160145,22.5948514856085));
#8254=CARTESIAN_POINT('Ctrl Pts',(24.6806389081093,25.8123936634363,23.1124895758136));
#8255=CARTESIAN_POINT('Ctrl Pts',(24.471351262182,27.7699743610121,22.6908735887699));
#8256=CARTESIAN_POINT('Ctrl Pts',(24.471351262182,25.8381227084339,23.2085116789749));
#8257=CARTESIAN_POINT('',(25.5047742091119,25.6317686643908,22.4383879022585));
#8258=CARTESIAN_POINT('Ctrl Pts',(25.5047742091119,25.6317686643908,22.4383879022585));
#8259=CARTESIAN_POINT('Ctrl Pts',(25.3680331883159,25.6743090701179,22.5971508578066));
#8260=CARTESIAN_POINT('Ctrl Pts',(25.0832900612328,25.7628932278461,22.9277514351941));
#8261=CARTESIAN_POINT('Ctrl Pts',(24.6806389081093,25.8123936634363,23.1124895758136));
#8262=CARTESIAN_POINT('Ctrl Pts',(24.471351262182,25.838122708434,23.2085116789749));
#8263=CARTESIAN_POINT('',(25.5047742091119,27.5636203169689,21.9207498120534));
#8264=CARTESIAN_POINT('Ctrl Pts',(25.8628932200372,27.2690890538473,20.8215441736661));
#8265=CARTESIAN_POINT('Ctrl Pts',(25.8628932200372,25.3372374012691,21.3391822638711));
#8266=CARTESIAN_POINT('Ctrl Pts',(25.8477283064082,27.3215751035848,21.0174247779752));
#8267=CARTESIAN_POINT('Ctrl Pts',(25.8477283064082,25.3897234510067,21.5350628681802));
#8268=CARTESIAN_POINT('Ctrl Pts',(25.8172738856945,27.42697842334,21.410795322588));
#8269=CARTESIAN_POINT('Ctrl Pts',(25.8172738856945,25.4951267707619,21.9284334127931));
#8270=CARTESIAN_POINT('Ctrl Pts',(25.6092244880673,27.5179489612011,21.7503019918775));
#8271=CARTESIAN_POINT('Ctrl Pts',(25.6092244880673,25.586097308623,22.2679400820825));
#8272=CARTESIAN_POINT('Ctrl Pts',(25.5047742091119,27.5636203169689,21.9207498120534));
#8273=CARTESIAN_POINT('Ctrl Pts',(25.5047742091119,25.6317686643908,22.4383879022585));
#8274=CARTESIAN_POINT('',(25.8628932200372,25.3372374012691,21.3391822638711));
#8275=CARTESIAN_POINT('Ctrl Pts',(25.8628932200372,25.3372374012691,21.3391822638711));
#8276=CARTESIAN_POINT('Ctrl Pts',(25.8477283064082,25.3897234510067,21.5350628681802));
#8277=CARTESIAN_POINT('Ctrl Pts',(25.8172738856945,25.4951267707619,21.9284334127931));
#8278=CARTESIAN_POINT('Ctrl Pts',(25.6092244880673,25.586097308623,22.2679400820825));
#8279=CARTESIAN_POINT('Ctrl Pts',(25.5047742091119,25.6317686643908,22.4383879022585));
#8280=CARTESIAN_POINT('',(25.8628932200372,27.2690890538473,20.8215441736661));
#8281=CARTESIAN_POINT('Ctrl Pts',(25.4843107424676,26.953385718203,19.6433232849227));
#8282=CARTESIAN_POINT('Ctrl Pts',(25.4843107424676,25.0215340656249,20.1609613751278));
#8283=CARTESIAN_POINT('Ctrl Pts',(25.59470055443,27.0040237216858,19.8323068867144));
#8284=CARTESIAN_POINT('Ctrl Pts',(25.59470055443,25.0721720691077,20.3499449769194));
#8285=CARTESIAN_POINT('Ctrl Pts',(25.808934337971,27.1022970214065,20.1990678342994));
#8286=CARTESIAN_POINT('Ctrl Pts',(25.808934337971,25.1704453688284,20.7167059245045));
#8287=CARTESIAN_POINT('Ctrl Pts',(25.8452770726471,27.2146358681166,20.6183221178852));
#8288=CARTESIAN_POINT('Ctrl Pts',(25.8452770726471,25.2827842155385,21.1359602080902));
#8289=CARTESIAN_POINT('Ctrl Pts',(25.8628932200372,27.2690890538473,20.8215441736661));
#8290=CARTESIAN_POINT('Ctrl Pts',(25.8628932200372,25.3372374012691,21.3391822638711));
#8291=CARTESIAN_POINT('',(25.4843107424676,25.0215340656249,20.1609613751278));
#8292=CARTESIAN_POINT('Ctrl Pts',(25.4843107424676,25.0215340656249,20.1609613751278));
#8293=CARTESIAN_POINT('Ctrl Pts',(25.59470055443,25.0721720691077,20.3499449769194));
#8294=CARTESIAN_POINT('Ctrl Pts',(25.808934337971,25.1704453688284,20.7167059245045));
#8295=CARTESIAN_POINT('Ctrl Pts',(25.8452770726471,25.2827842155385,21.1359602080902));
#8296=CARTESIAN_POINT('Ctrl Pts',(25.8628932200372,25.3372374012691,21.3391822638711));
#8297=CARTESIAN_POINT('',(25.4843107424676,26.953385718203,19.6433232849227));
#8298=CARTESIAN_POINT('Ctrl Pts',(24.2905870638788,26.7091153342001,18.7316938010395));
#8299=CARTESIAN_POINT('Ctrl Pts',(24.2905870638788,24.777263681622,19.2493318912446));
#8300=CARTESIAN_POINT('Ctrl Pts',(24.5395503669735,26.7402323164151,18.847823959644));
#8301=CARTESIAN_POINT('Ctrl Pts',(24.5395503669735,24.8083806638369,19.365462049849));
#8302=CARTESIAN_POINT('Ctrl Pts',(25.0084966573333,26.7988441407101,19.0665662658373));
#8303=CARTESIAN_POINT('Ctrl Pts',(25.0084966573333,24.866992488132,19.5842043560423));
#8304=CARTESIAN_POINT('Ctrl Pts',(25.332377870357,26.9040388273425,19.4591581810358));
#8305=CARTESIAN_POINT('Ctrl Pts',(25.332377870357,24.9721871747644,19.9767962712408));
#8306=CARTESIAN_POINT('Ctrl Pts',(25.4843107424676,26.953385718203,19.6433232849227));
#8307=CARTESIAN_POINT('Ctrl Pts',(25.4843107424676,25.0215340656249,20.1609613751278));
#8308=CARTESIAN_POINT('',(24.2905870638788,24.777263681622,19.2493318912446));
#8309=CARTESIAN_POINT('Ctrl Pts',(24.2905870638788,24.777263681622,19.2493318912446));
#8310=CARTESIAN_POINT('Ctrl Pts',(24.5395503669735,24.8083806638369,19.365462049849));
#8311=CARTESIAN_POINT('Ctrl Pts',(25.0084966573333,24.866992488132,19.5842043560423));
#8312=CARTESIAN_POINT('Ctrl Pts',(25.332377870357,24.9721871747644,19.9767962712408));
#8313=CARTESIAN_POINT('Ctrl Pts',(25.4843107424676,25.0215340656249,20.1609613751278));
#8314=CARTESIAN_POINT('',(24.2905870638788,26.7091153342001,18.7316938010395));
#8315=CARTESIAN_POINT('Ctrl Pts',(22.0702592097223,26.6182896391371,18.3927276924317));
#8316=CARTESIAN_POINT('Ctrl Pts',(22.0702592097223,24.686437986559,18.9103657826367));
#8317=CARTESIAN_POINT('Ctrl Pts',(22.4933518163232,26.6199654409438,18.3989818699174));
#8318=CARTESIAN_POINT('Ctrl Pts',(22.4933518163232,24.6881137883656,18.9166199601225));
#8319=CARTESIAN_POINT('Ctrl Pts',(23.2513608873954,26.6229677930315,18.4101868004511));
#8320=CARTESIAN_POINT('Ctrl Pts',(23.2513608873954,24.6911161404534,18.9278248906562));
#8321=CARTESIAN_POINT('Ctrl Pts',(23.972126248851,26.6827162530434,18.6331710888894));
#8322=CARTESIAN_POINT('Ctrl Pts',(23.972126248851,24.7508646004652,19.1508091790945));
#8323=CARTESIAN_POINT('Ctrl Pts',(24.2905870638788,26.7091153342001,18.7316938010395));
#8324=CARTESIAN_POINT('Ctrl Pts',(24.2905870638788,24.777263681622,19.2493318912446));
#8325=CARTESIAN_POINT('',(22.0702592097223,24.686437986559,18.9103657826367));
#8326=CARTESIAN_POINT('Ctrl Pts',(22.0702592097223,24.686437986559,18.9103657826367));
#8327=CARTESIAN_POINT('Ctrl Pts',(22.4933518163232,24.6881137883656,18.9166199601225));
#8328=CARTESIAN_POINT('Ctrl Pts',(23.2513608873954,24.6911161404534,18.9278248906562));
#8329=CARTESIAN_POINT('Ctrl Pts',(23.972126248851,24.7508646004652,19.1508091790945));
#8330=CARTESIAN_POINT('Ctrl Pts',(24.2905870638788,24.777263681622,19.2493318912446));
#8331=CARTESIAN_POINT('',(22.0702592097223,26.6182896391371,18.3927276924317));
#8332=CARTESIAN_POINT('Ctrl Pts',(19.2428389750421,26.7648243480969,18.9396026713419));
#8333=CARTESIAN_POINT('Ctrl Pts',(19.2428389750421,24.8329726955188,19.4572407615469));
#8334=CARTESIAN_POINT('Ctrl Pts',(19.6138153440468,26.7223923692566,18.781244370444));
#8335=CARTESIAN_POINT('Ctrl Pts',(19.6138153440468,24.7905407166784,19.2988824606491));
#8336=CARTESIAN_POINT('Ctrl Pts',(20.5096249511594,26.619930386581,18.3988510452547));
#8337=CARTESIAN_POINT('Ctrl Pts',(20.5096249511594,24.6880787340029,18.9164891354598));
#8338=CARTESIAN_POINT('Ctrl Pts',(21.4937084361205,26.6188957864153,18.3949898648707));
#8339=CARTESIAN_POINT('Ctrl Pts',(21.4937084361205,24.6870441338372,18.9126279550758));
#8340=CARTESIAN_POINT('Ctrl Pts',(22.0702592097223,26.6182896391371,18.3927276924317));
#8341=CARTESIAN_POINT('Ctrl Pts',(22.0702592097223,24.686437986559,18.9103657826367));
#8342=CARTESIAN_POINT('',(19.2428389750421,24.8329726955188,19.4572407615469));
#8343=CARTESIAN_POINT('Ctrl Pts',(19.2428389750421,24.8329726955188,19.4572407615469));
#8344=CARTESIAN_POINT('Ctrl Pts',(19.6138153440468,24.7905407166784,19.2988824606491));
#8345=CARTESIAN_POINT('Ctrl Pts',(20.5096249511594,24.6880787340029,18.9164891354598));
#8346=CARTESIAN_POINT('Ctrl Pts',(21.4937084361205,24.6870441338372,18.9126279550758));
#8347=CARTESIAN_POINT('Ctrl Pts',(22.0702592097223,24.686437986559,18.9103657826367));
#8348=CARTESIAN_POINT('',(19.2428389750421,26.7648243480969,18.9396026713419));
#8349=CARTESIAN_POINT('Ctrl Pts',(18.1616631709039,27.181477381889,20.4945729625817));
#8350=CARTESIAN_POINT('Ctrl Pts',(18.1616631709039,25.2496257293109,21.0122110527867));
#8351=CARTESIAN_POINT('Ctrl Pts',(18.2642632473444,27.0969629220544,20.1791607045045));
#8352=CARTESIAN_POINT('Ctrl Pts',(18.2642632473444,25.1651112694762,20.6967987947096));
#8353=CARTESIAN_POINT('Ctrl Pts',(18.4664626519669,26.9304057999409,19.5575610624146));
#8354=CARTESIAN_POINT('Ctrl Pts',(18.4664626519669,24.9985541473627,20.0751991526196));
#8355=CARTESIAN_POINT('Ctrl Pts',(18.9866200059427,26.8194693799359,19.1435407065461));
#8356=CARTESIAN_POINT('Ctrl Pts',(18.9866200059427,24.8876177273577,19.6611787967511));
#8357=CARTESIAN_POINT('Ctrl Pts',(19.2428389750421,26.7648243480969,18.9396026713419));
#8358=CARTESIAN_POINT('Ctrl Pts',(19.2428389750421,24.8329726955188,19.4572407615469));
#8359=CARTESIAN_POINT('Ctrl Pts',(18.1616631709039,25.2496257293109,21.0122110527867));
#8360=CARTESIAN_POINT('Ctrl Pts',(18.2642632473444,25.1651112694762,20.6967987947096));
#8361=CARTESIAN_POINT('Ctrl Pts',(18.4664626519669,24.9985541473627,20.0751991526196));
#8362=CARTESIAN_POINT('Ctrl Pts',(18.9866200059427,24.8876177273577,19.6611787967511));
#8363=CARTESIAN_POINT('Ctrl Pts',(19.2428389750421,24.8329726955188,19.4572407615469));
#8364=CARTESIAN_POINT('Origin',(32.4999994598329,25.6424443304603,22.4782300304345));
#8365=CARTESIAN_POINT('Origin',(32.4999994598329,25.6424443304603,22.4782300304345));
#8366=CARTESIAN_POINT('Origin',(70.,39.9705007229316,29.5868247989741));
#8367=CARTESIAN_POINT('',(70.,61.6233677860408,91.077908282251));
#8368=CARTESIAN_POINT('',(70.,44.8001298543769,28.2927295734615));
#8369=CARTESIAN_POINT('',(75.,56.7937386545954,92.3720035077636));
#8370=CARTESIAN_POINT('Origin',(70.,56.7937386545954,92.3720035077636));
#8371=CARTESIAN_POINT('',(75.,32.4833998436857,1.64458391623481));
#8372=CARTESIAN_POINT('',(75.,39.9705007229316,29.5868247989741));
#8373=CARTESIAN_POINT('Ctrl Pts',(72.5,37.6361501856038,4.14458391623482));
#8374=CARTESIAN_POINT('Ctrl Pts',(72.8581639010799,37.4220695397876,4.14458391623482));
#8375=CARTESIAN_POINT('Ctrl Pts',(73.1938739675323,37.1363718096119,4.06646009111966));
#8376=CARTESIAN_POINT('Ctrl Pts',(73.7667238776731,36.4959948355582,3.82227903543555));
#8377=CARTESIAN_POINT('Ctrl Pts',(74.0043972536754,36.1416323776566,3.65664326324764));
#8378=CARTESIAN_POINT('Ctrl Pts',(74.4584961761412,35.3097816578832,3.24120223584254));
#8379=CARTESIAN_POINT('Ctrl Pts',(74.6694826954505,34.7479796937881,2.9350774856226));
#8380=CARTESIAN_POINT('Ctrl Pts',(74.9401258349161,33.6022531218487,2.29097165368612));
#8381=CARTESIAN_POINT('Ctrl Pts',(75.,33.0181829057852,1.95334106109604));
#8382=CARTESIAN_POINT('Ctrl Pts',(75.,32.4833998436857,1.64458391623482));
#8383=CARTESIAN_POINT('Ctrl Pts',(70.,61.6233677860408,91.077908282251));
#8384=CARTESIAN_POINT('Ctrl Pts',(70.,62.9174630115534,95.9075374136963));
#8385=CARTESIAN_POINT('Ctrl Pts',(65.,62.9174630115534,95.9075374136963));
#8386=CARTESIAN_POINT('Ctrl Pts',(75.,61.6233677860408,91.077908282251));
#8387=CARTESIAN_POINT('Ctrl Pts',(75.,64.211558237066,100.737166545142));
#8388=CARTESIAN_POINT('Ctrl Pts',(65.,64.211558237066,100.737166545142));
#8389=CARTESIAN_POINT('Ctrl Pts',(75.,56.7937386545954,92.3720035077636));
#8390=CARTESIAN_POINT('Ctrl Pts',(75.,59.3819291056206,102.031261770654));
#8391=CARTESIAN_POINT('Ctrl Pts',(65.,59.3819291056206,102.031261770654));
#8392=CARTESIAN_POINT('',(65.,62.9174630115534,95.9075374136963));
#8393=CARTESIAN_POINT('',(65.,59.3819291056206,102.031261770654));
#8394=CARTESIAN_POINT('Origin',(65.,58.087833880108,97.2016326392089));
#8395=CARTESIAN_POINT('Origin',(65.,56.7937386545954,92.3720035077636));
#8396=CARTESIAN_POINT('Origin',(65.,61.6233677860408,91.077908282251));
#8397=CARTESIAN_POINT('Origin',(53.75,58.087833880108,97.2016326392089));
#8398=CARTESIAN_POINT('',(0.,62.9174630115534,95.9075374136963));
#8399=CARTESIAN_POINT('',(-4.44089209850063E-15,59.3819291056206,102.031261770654));
#8400=CARTESIAN_POINT('Origin',(0.,58.087833880108,97.2016326392089));
#8401=CARTESIAN_POINT('',(53.75,59.3819291056206,102.031261770654));
#8402=CARTESIAN_POINT('',(53.75,62.9174630115534,95.9075374136963));
#8403=CARTESIAN_POINT('Ctrl Pts',(-4.44089209850063E-15,62.9174630115534,
95.9075374136963));
#8404=CARTESIAN_POINT('Ctrl Pts',(-5.00000000000001,62.9174630115534,95.9075374136963));
#8405=CARTESIAN_POINT('Ctrl Pts',(-5.00000000000001,61.6233677860408,91.077908282251));
#8406=CARTESIAN_POINT('Ctrl Pts',(-4.44089209850063E-15,64.211558237066,
100.737166545142));
#8407=CARTESIAN_POINT('Ctrl Pts',(-10.,64.211558237066,100.737166545142));
#8408=CARTESIAN_POINT('Ctrl Pts',(-10.,61.6233677860408,91.077908282251));
#8409=CARTESIAN_POINT('Ctrl Pts',(-4.44089209850063E-15,59.3819291056206,
102.031261770654));
#8410=CARTESIAN_POINT('Ctrl Pts',(-10.,59.3819291056206,102.031261770654));
#8411=CARTESIAN_POINT('Ctrl Pts',(-10.,56.7937386545954,92.3720035077636));
#8412=CARTESIAN_POINT('',(-5.,61.6233677860408,91.077908282251));
#8413=CARTESIAN_POINT('',(-10.,56.7937386545954,92.3720035077636));
#8414=CARTESIAN_POINT('Origin',(-5.,56.7937386545954,92.3720035077636));
#8415=CARTESIAN_POINT('Origin',(-4.44089209850063E-15,56.7937386545954,
92.3720035077636));
#8416=CARTESIAN_POINT('Origin',(-4.44089209850063E-15,61.6233677860408,
91.077908282251));
#8417=CARTESIAN_POINT('Origin',(-5.,52.9114529780576,77.8831161134275));
#8418=CARTESIAN_POINT('',(-10.,32.4833998436857,1.64458391623481));
#8419=CARTESIAN_POINT('Ctrl Pts',(-10.,32.4833998436857,1.64458391623482));
#8420=CARTESIAN_POINT('Ctrl Pts',(-10.,33.0181829057852,1.95334106109604));
#8421=CARTESIAN_POINT('Ctrl Pts',(-9.94012583491611,33.6022531218487,2.29097165368613));
#8422=CARTESIAN_POINT('Ctrl Pts',(-9.66948269545053,34.7479796937881,2.93507748562261));
#8423=CARTESIAN_POINT('Ctrl Pts',(-9.45849617614118,35.3097816578832,3.24120223584254));
#8424=CARTESIAN_POINT('Ctrl Pts',(-9.00439725367542,36.1416323776566,3.65664326324764));
#8425=CARTESIAN_POINT('Ctrl Pts',(-8.76672387767305,36.4959948355582,3.82227903543555));
#8426=CARTESIAN_POINT('Ctrl Pts',(-8.19387396753234,37.1363718096119,4.06646009111966));
#8427=CARTESIAN_POINT('Ctrl Pts',(-7.8581639010799,37.4220695397876,4.14458391623482));
#8428=CARTESIAN_POINT('Ctrl Pts',(-7.5,37.6361501856038,4.14458391623482));
#8429=CARTESIAN_POINT('',(-10.,52.9114529780576,77.8831161134275));
#8430=CARTESIAN_POINT('',(-5.,57.741082109503,76.5890208879149));
#8431=CARTESIAN_POINT('Origin',(32.5,51.2706059819399,52.4408752306882));
#8432=CARTESIAN_POINT('',(67.5,41.7730918824208,16.995670065681));
#8433=CARTESIAN_POINT('',(67.5,39.1061108621215,7.04236139510202));
#8434=CARTESIAN_POINT('',(67.5,56.7705106903685,72.9667990393309));
#8435=CARTESIAN_POINT('',(53.5,41.7730918824208,16.995670065681));
#8436=CARTESIAN_POINT('',(44.,41.7730918824208,16.995670065681));
#8437=CARTESIAN_POINT('',(53.5,39.1061108621215,7.04236139510201));
#8438=CARTESIAN_POINT('',(53.5,48.0353679181584,40.3668024020749));
#8439=CARTESIAN_POINT('',(46.5,39.1061108621215,7.04236139510202));
#8440=CARTESIAN_POINT('Origin',(-5.,28.8407663324779,-5.85541608376518));
#8441=CARTESIAN_POINT('',(-5.,28.8407663324779,-10.8554160837652));
#8442=CARTESIAN_POINT('',(-5.,23.8407663324779,-5.85541608376518));
#8443=CARTESIAN_POINT('Origin',(-5.,28.8407663324779,-5.85541608376518));
#8444=CARTESIAN_POINT('',(-10.,28.8407663324779,-5.85541608376518));
#8445=CARTESIAN_POINT('Origin',(-5.,28.8407663324779,-5.85541608376518));
#8446=CARTESIAN_POINT('Origin',(-5.,28.8407663324779,-5.85541608376518));
#8447=CARTESIAN_POINT('Origin',(-10.,28.8407663324779,-5.85541608376518));
#8448=CARTESIAN_POINT('',(70.,28.8407663324779,-10.8554160837652));
#8449=CARTESIAN_POINT('',(70.,23.8407663324779,-5.85541608376518));
#8450=CARTESIAN_POINT('Origin',(70.,28.8407663324779,-5.85541608376518));
#8451=CARTESIAN_POINT('',(-10.,23.8407663324779,-5.85541608376518));
#8452=CARTESIAN_POINT('',(-10.,28.8407663324779,-10.8554160837652));
#8453=CARTESIAN_POINT('Origin',(70.,28.8407663324779,-5.85541608376518));
#8454=CARTESIAN_POINT('',(75.,28.8407663324779,-5.85541608376518));
#8455=CARTESIAN_POINT('Origin',(70.,28.8407663324779,-5.85541608376518));
#8456=CARTESIAN_POINT('Origin',(70.,28.8407663324779,-5.85541608376518));
#8457=CARTESIAN_POINT('Origin',(-10.,23.8407663324779,-10.8554160837652));
#8458=CARTESIAN_POINT('',(-5.,118.329653726814,-10.8554160837652));
#8459=CARTESIAN_POINT('',(-5.,44.0261622847719,-10.8554160837652));
#8460=CARTESIAN_POINT('',(70.,118.329653726814,-10.8554160837652));
#8461=CARTESIAN_POINT('',(-10.,118.329653726814,-10.8554160837652));
#8462=CARTESIAN_POINT('',(70.,31.0852100296459,-10.8554160837652));
#8463=CARTESIAN_POINT('Origin',(-5.,44.0261622847719,-5.85541608376518));
#8464=CARTESIAN_POINT('',(-10.,118.329653726814,-5.85541608376518));
#8465=CARTESIAN_POINT('',(-10.,44.0261622847719,-5.85541608376518));
#8466=CARTESIAN_POINT('Origin',(-5.,118.329653726814,-5.85541608376518));
#8467=CARTESIAN_POINT('Origin',(-5.,28.8407663324779,54.3820180689571));
#8468=CARTESIAN_POINT('',(-5.,23.8407663324779,1.31259221581546));
#8469=CARTESIAN_POINT('',(-5.,23.8407663324779,54.3820180689571));
#8470=CARTESIAN_POINT('',(-10.,28.8407663324779,1.31259221581546));
#8471=CARTESIAN_POINT('Origin',(-5.,28.8407663324779,1.31259221581546));
#8472=CARTESIAN_POINT('',(-10.,28.8407663324779,54.3820180689571));
#8473=CARTESIAN_POINT('Origin',(-5.,74.8407663324779,1.31259221581546));
#8474=CARTESIAN_POINT('',(-10.,30.4081783231807,13.2182682905314));
#8475=CARTESIAN_POINT('Origin',(-5.,30.4081783231807,13.2182682905314));
#8476=CARTESIAN_POINT('Origin',(-10.,74.8407663324779,1.31259221581546));
#8477=CARTESIAN_POINT('Origin',(-5.,74.8407663324779,1.31259221581546));
#8478=CARTESIAN_POINT('Origin',(-5.,48.0818238466123,79.1772113389401));
#8479=CARTESIAN_POINT('',(-10.,51.9641095231501,93.6660987332762));
#8480=CARTESIAN_POINT('Origin',(-5.,51.9641095231501,93.6660987332762));
#8481=CARTESIAN_POINT('',(-10.,48.0818238466123,79.1772113389401));
#8482=CARTESIAN_POINT('Ctrl Pts',(-4.99999999999999,47.1344803917047,94.9601939587888));
#8483=CARTESIAN_POINT('Ctrl Pts',(-5.,48.4285756172173,99.7898230902341));
#8484=CARTESIAN_POINT('Ctrl Pts',(-4.44089209850063E-15,48.4285756172173,
99.7898230902341));
#8485=CARTESIAN_POINT('Ctrl Pts',(-10.,47.1344803917047,94.9601939587888));
#8486=CARTESIAN_POINT('Ctrl Pts',(-10.,49.7226708427299,104.619452221679));
#8487=CARTESIAN_POINT('Ctrl Pts',(-4.44089209850063E-15,49.7226708427299,
104.619452221679));
#8488=CARTESIAN_POINT('Ctrl Pts',(-10.,51.9641095231501,93.6660987332762));
#8489=CARTESIAN_POINT('Ctrl Pts',(-10.,54.5522999741753,103.325356996167));
#8490=CARTESIAN_POINT('Ctrl Pts',(-4.44089209850063E-15,54.5522999741753,
103.325356996167));
#8491=CARTESIAN_POINT('',(-4.44089209850063E-15,54.5522999741753,103.325356996167));
#8492=CARTESIAN_POINT('Origin',(-3.88578058618805E-15,53.2582047486627,
98.4957278647215));
#8493=CARTESIAN_POINT('Origin',(-4.44089209850063E-15,51.9641095231501,
93.6660987332762));
#8494=CARTESIAN_POINT('Origin',(53.75,53.2582047486627,98.4957278647215));
#8495=CARTESIAN_POINT('',(65.,54.5522999741753,103.325356996167));
#8496=CARTESIAN_POINT('Origin',(65.,53.2582047486627,98.4957278647215));
#8497=CARTESIAN_POINT('',(53.75,54.5522999741753,103.325356996167));
#8498=CARTESIAN_POINT('Ctrl Pts',(65.,48.4285756172173,99.7898230902341));
#8499=CARTESIAN_POINT('Ctrl Pts',(70.,48.4285756172173,99.7898230902341));
#8500=CARTESIAN_POINT('Ctrl Pts',(70.,47.1344803917047,94.9601939587888));
#8501=CARTESIAN_POINT('Ctrl Pts',(65.,49.7226708427299,104.619452221679));
#8502=CARTESIAN_POINT('Ctrl Pts',(75.,49.7226708427299,104.619452221679));
#8503=CARTESIAN_POINT('Ctrl Pts',(75.,47.1344803917047,94.9601939587888));
#8504=CARTESIAN_POINT('Ctrl Pts',(65.,54.5522999741753,103.325356996167));
#8505=CARTESIAN_POINT('Ctrl Pts',(75.,54.5522999741753,103.325356996167));
#8506=CARTESIAN_POINT('Ctrl Pts',(75.,51.9641095231501,93.6660987332762));
#8507=CARTESIAN_POINT('',(75.,51.9641095231501,93.6660987332762));
#8508=CARTESIAN_POINT('Origin',(70.,51.9641095231501,93.6660987332762));
#8509=CARTESIAN_POINT('Origin',(65.,51.9641095231501,93.6660987332762));
#8510=CARTESIAN_POINT('Origin',(70.,35.1408715914862,30.8809200244867));
#8511=CARTESIAN_POINT('',(75.,30.4081783231807,13.2182682905314));
#8512=CARTESIAN_POINT('Origin',(70.,30.4081783231807,13.2182682905314));
#8513=CARTESIAN_POINT('',(75.,35.1408715914862,30.8809200244867));
#8514=CARTESIAN_POINT('Origin',(70.,74.8407663324779,1.31259221581546));
#8515=CARTESIAN_POINT('',(70.,23.8407663324779,1.31259221581546));
#8516=CARTESIAN_POINT('',(75.,28.8407663324779,1.31259221581546));
#8517=CARTESIAN_POINT('Origin',(70.,28.8407663324779,1.31259221581546));
#8518=CARTESIAN_POINT('Origin',(75.,74.8407663324779,1.31259221581546));
#8519=CARTESIAN_POINT('Origin',(70.,74.8407663324779,1.31259221581546));
#8520=CARTESIAN_POINT('Origin',(70.,28.8407663324779,6.08572675450372));
#8521=CARTESIAN_POINT('',(75.,28.8407663324779,6.08572675450372));
#8522=CARTESIAN_POINT('',(70.,23.8407663324779,6.08572675450372));
#8523=CARTESIAN_POINT('Origin',(70.,31.0852100296459,-5.85541608376518));
#8524=CARTESIAN_POINT('',(75.,118.329653726814,-5.85541608376518));
#8525=CARTESIAN_POINT('Origin',(70.,118.329653726814,-5.85541608376518));
#8526=CARTESIAN_POINT('',(75.,31.0852100296459,-5.85541608376518));
#8527=CARTESIAN_POINT('Origin',(-10.,118.329653726814,4.14458391623482));
#8528=CARTESIAN_POINT('',(-10.,118.329653726814,1.64458391623482));
#8529=CARTESIAN_POINT('',(-10.,118.329653726814,4.14458391623482));
#8530=CARTESIAN_POINT('Origin',(-7.5,118.329653726814,1.64458391623482));
#8531=CARTESIAN_POINT('',(75.,118.329653726814,1.64458391623482));
#8532=CARTESIAN_POINT('Origin',(72.5,118.329653726814,1.64458391623482));
#8533=CARTESIAN_POINT('',(75.,118.329653726814,4.14458391623482));
#8534=CARTESIAN_POINT('Origin',(11.25,74.8407663324779,1.31259221581546));
#8535=CARTESIAN_POINT('',(11.25,23.8407663324779,1.31259221581546));
#8536=CARTESIAN_POINT('Origin',(-10.,23.8407663324779,8.02686959277263));
#8537=CARTESIAN_POINT('Origin',(53.5,46.1035162655803,40.8844404922799));
#8538=CARTESIAN_POINT('Origin',(53.5,39.8412402298427,17.513308155886));
#8539=CARTESIAN_POINT('Origin',(53.5,37.1742592095433,7.55999948530703));
#8540=CARTESIAN_POINT('Origin',(67.5,54.8386590377904,73.484437129536));
#8541=CARTESIAN_POINT('',(65.5,37.6918972997484,9.4918511378852));
#8542=CARTESIAN_POINT('',(65.5,39.3236021396376,15.5814565033079));
#8543=CARTESIAN_POINT('',(65.5,54.8386590377904,73.484437129536));
#8544=CARTESIAN_POINT('Origin',(67.5,39.8412402298427,17.5133081558861));
#8545=CARTESIAN_POINT('Origin',(67.5,37.1742592095433,7.55999948530706));
#8546=CARTESIAN_POINT('Origin',(44.,39.8412402298427,17.5133081558861));
#8547=CARTESIAN_POINT('',(65.5,38.2509304684444,16.3004953662102));
#8548=CARTESIAN_POINT('Origin',(65.5,39.8412402298427,17.5133081558861));
#8549=CARTESIAN_POINT('',(44.,38.2509304684444,16.3004953662102));
#8550=CARTESIAN_POINT('Origin',(46.5,37.1742592095433,7.55999948530706));
#8551=CARTESIAN_POINT('',(46.5,37.6918972997484,9.4918511378852));
#8552=CARTESIAN_POINT('Origin',(44.,46.9976341561351,22.9709657094272));
#8553=CARTESIAN_POINT('',(65.5,36.3724500669553,25.817975205555));
#8554=CARTESIAN_POINT('Origin',(65.5,46.9976341561351,22.9709657094272));
#8555=CARTESIAN_POINT('',(44.,36.3724500669553,25.817975205555));
#8556=CARTESIAN_POINT('Origin',(65.5,62.2704153987971,93.4927228479736));
#8557=CARTESIAN_POINT('',(65.5,32.3793052551585,10.9153558859491));
#8558=CARTESIAN_POINT('',(65.5,55.0259717016291,95.4338656862425));
#8559=CARTESIAN_POINT('',(65.5,62.2704153987971,93.4927228479736));
#8560=CARTESIAN_POINT('',(65.5,37.5556861572089,30.2338724117304));
#8561=CARTESIAN_POINT('Origin',(72.5,38.3296537268139,1.64458391623482));
#8562=CARTESIAN_POINT('',(75.,38.3296537268139,1.64458391623482));
#8563=CARTESIAN_POINT('Origin',(75.,38.3296537268139,4.14458391623482));
#8564=CARTESIAN_POINT('',(75.,61.6233677860408,91.077908282251));
#8565=CARTESIAN_POINT('Origin',(-7.5,51.2706059819399,1.64458391623482));
#8566=CARTESIAN_POINT('',(-10.,51.2706059819399,1.64458391623482));
#8567=CARTESIAN_POINT('Origin',(65.,61.6233677860408,91.077908282251));
#8568=CARTESIAN_POINT('',(65.,64.211558237066,100.737166545142));
#8569=CARTESIAN_POINT('Origin',(-4.44089209850063E-15,61.6233677860408,
91.077908282251));
#8570=CARTESIAN_POINT('',(-10.,61.6233677860408,91.077908282251));
#8571=CARTESIAN_POINT('',(-4.44089209850063E-15,64.211558237066,100.737166545142));
#8572=CARTESIAN_POINT('Origin',(-10.,64.211558237066,100.737166545142));
#8573=CARTESIAN_POINT('Origin',(10.0000001490116,117.000001743436,15.4310793737449));
#8574=CARTESIAN_POINT('',(10.0000001490116,115.500001721084,15.4310793737449));
#8575=CARTESIAN_POINT('Origin',(5.00000007450581,89.7500013373792,11.1445839162348));
#8576=CARTESIAN_POINT('',(-5.50000008195639,115.500001721084,11.1445839162348));
#8577=CARTESIAN_POINT('Origin',(15.500000230968,115.500001721084,4.14458391623482));
#8578=CARTESIAN_POINT('',(15.500000230968,115.500001721084,4.14458391623482));
#8579=CARTESIAN_POINT('Origin',(-5.50000008195639,115.500001721084,4.14458391623482));
#8580=CARTESIAN_POINT('Origin',(17.0000002533197,62.5000009313226,4.14458391623482));
#8581=CARTESIAN_POINT('Origin',(60.5,29.7606168499306,11.6170313293586));
#8582=CARTESIAN_POINT('Origin',(32.75,46.290828929419,62.8338690489865));
#8583=CARTESIAN_POINT('',(0.,55.0259717016291,95.4338656862425));
#8584=CARTESIAN_POINT('',(16.375,55.0259717016291,95.4338656862425));
#8585=CARTESIAN_POINT('',(0.,41.9232575433139,46.5338707303585));
#8586=CARTESIAN_POINT('Origin',(0.,62.2704153987971,93.4927228479736));
#8587=CARTESIAN_POINT('',(0.,62.2704153987971,93.4927228479736));
#8588=CARTESIAN_POINT('Origin',(0.,44.8001298543769,28.2927295734615));
#8589=CARTESIAN_POINT('Origin',(75.,64.211558237066,100.737166545142));
#8590=CARTESIAN_POINT('Origin',(-2.50000003725275,65.5000009611249,14.5));
#8591=CARTESIAN_POINT('',(-2.50000003725275,65.5000009611249,14.5));
#8592=CARTESIAN_POINT('Origin',(5.00000007450596,75.7500011138618,14.4999999999999));
#8593=UNCERTAINTY_MEASURE_WITH_UNIT(LENGTH_MEASURE(0.01),#8597,
'DISTANCE_ACCURACY_VALUE',
'Maximum model space distance between geometric entities at asserted c
onnectivities');
#8594=UNCERTAINTY_MEASURE_WITH_UNIT(LENGTH_MEASURE(0.01),#8597,
'DISTANCE_ACCURACY_VALUE',
'Maximum model space distance between geometric entities at asserted c
onnectivities');
#8595=(
GEOMETRIC_REPRESENTATION_CONTEXT(3)
GLOBAL_UNCERTAINTY_ASSIGNED_CONTEXT((#8593))
GLOBAL_UNIT_ASSIGNED_CONTEXT((#8597,#8598,#8599))
REPRESENTATION_CONTEXT('','3D')
);
#8596=(
GEOMETRIC_REPRESENTATION_CONTEXT(3)
GLOBAL_UNCERTAINTY_ASSIGNED_CONTEXT((#8594))
GLOBAL_UNIT_ASSIGNED_CONTEXT((#8597,#8598,#8599))
REPRESENTATION_CONTEXT('','3D')
);
#8597=(
LENGTH_UNIT()
NAMED_UNIT(*)
SI_UNIT(.MILLI.,.METRE.)
);
#8598=(
NAMED_UNIT(*)
PLANE_ANGLE_UNIT()
SI_UNIT($,.RADIAN.)
);
#8599=(
NAMED_UNIT(*)
SI_UNIT($,.STERADIAN.)
SOLID_ANGLE_UNIT()
);
#8600=SHAPE_DEFINITION_REPRESENTATION(#8601,#8602);
#8601=PRODUCT_DEFINITION_SHAPE('',$,#8604);
#8602=SHAPE_REPRESENTATION('',(#4517),#8595);
#8603=PRODUCT_DEFINITION_CONTEXT('part definition',#8608,'design');
#8604=PRODUCT_DEFINITION('2026-07-24-10-11-13-491','Main Housing',#8605,
#8603);
#8605=PRODUCT_DEFINITION_FORMATION('',$,#8610);
#8606=PRODUCT_RELATED_PRODUCT_CATEGORY('Main Housing','Main Housing',(#8610));
#8607=APPLICATION_PROTOCOL_DEFINITION('international standard',
'automotive_design',2009,#8608);
#8608=APPLICATION_CONTEXT(
'Core Data for Automotive Mechanical Design Process');
#8609=PRODUCT_CONTEXT('part definition',#8608,'mechanical');
#8610=PRODUCT('2026-07-24-10-11-13-491','Main Housing',$,(#8609));
#8611=PRESENTATION_STYLE_ASSIGNMENT((#8613));
#8612=PRESENTATION_STYLE_ASSIGNMENT((#8614));
#8613=SURFACE_STYLE_USAGE(.BOTH.,#8615);
#8614=SURFACE_STYLE_USAGE(.BOTH.,#8616);
#8615=SURFACE_SIDE_STYLE('',(#8617));
#8616=SURFACE_SIDE_STYLE('',(#8618));
#8617=SURFACE_STYLE_FILL_AREA(#8619);
#8618=SURFACE_STYLE_FILL_AREA(#8620);
#8619=FILL_AREA_STYLE('Steel - Satin',(#8621));
#8620=FILL_AREA_STYLE('ABS (White)',(#8622));
#8621=FILL_AREA_STYLE_COLOUR('Steel - Satin',#8623);
#8622=FILL_AREA_STYLE_COLOUR('ABS (White)',#8624);
#8623=COLOUR_RGB('Steel - Satin',0.627450980392157,0.627450980392157,0.627450980392157);
#8624=COLOUR_RGB('ABS (White)',0.964705882352941,0.964705882352941,0.952941176470588);
ENDSEC;
END-ISO-10303-21;
